customer_id,consent_status,consent_source,page_views,key_page_views,email_clicks,form_submits,demo_request,webinar_signup
12346,opted_in,signup_form,10,2,3,1,0,0
12347,opted_in,event,9,0,3,0,0,0
12348,opted_in,newsletter,0,0,2,0,0,0
12349,opted_in,gated_content,16,1,6,1,1,1
12350,opted_in,gated_content,9,2,4,1,1,0
12351,opted_out,gated_content,2,0,0,0,0,0
12352,opted_in,event,15,1,2,1,0,1
12353,opted_in,gated_content,13,2,3,2,1,0
12354,opted_in,event,7,2,3,0,0,0
12355,unknown,unknown,6,2,0,0,0,0
12356,opted_in,signup_form,7,0,5,1,1,0
12357,opted_in,newsletter,7,2,1,0,0,0
12358,opted_in,event,7,3,5,0,0,0
12359,unknown,unknown,6,1,0,1,0,0
12360,opted_in,import,10,1,0,1,0,0
12361,opted_in,newsletter,12,2,4,2,1,0
12362,opted_in,signup_form,3,2,1,0,0,0
12363,unknown,unknown,4,3,0,0,0,0
12364,unknown,unknown,3,1,0,1,0,0
12365,opted_in,signup_form,18,3,2,0,0,0
12366,opted_in,signup_form,6,1,0,1,0,0
12367,opted_in,newsletter,12,2,0,1,0,0
12368,opted_in,import,7,0,3,1,1,0
12369,opted_in,newsletter,17,0,8,1,0,0
12370,opted_in,gated_content,6,2,2,1,0,0
12371,opted_in,signup_form,7,1,6,1,1,0
12372,unknown,unknown,5,1,0,0,0,1
12373,opted_in,event,1,0,1,0,0,0
12374,unknown,unknown,14,1,0,1,0,0
12375,opted_in,event,4,1,4,1,0,0
12376,opted_in,import,7,0,3,0,0,0
12377,opted_in,gated_content,10,1,3,0,0,1
12378,unknown,unknown,8,1,0,1,0,0
12379,opted_in,import,8,2,5,1,0,1
12380,opted_out,event,13,3,0,2,0,1
12381,opted_in,gated_content,3,2,4,0,0,0
12383,opted_in,gated_content,11,2,4,1,0,0
12384,opted_in,gated_content,10,2,2,3,0,0
12385,opted_in,newsletter,6,1,4,1,0,0
12386,unknown,unknown,10,1,0,1,0,0
12387,opted_in,event,0,0,3,0,0,0
12388,opted_in,newsletter,2,0,5,0,0,0
12389,opted_in,event,7,1,3,2,0,0
12390,opted_out,gated_content,10,3,0,1,0,0
12391,opted_out,import,5,2,0,0,0,0
12392,unknown,unknown,10,2,0,1,0,0
12393,opted_in,gated_content,13,1,1,2,0,0
12394,opted_in,newsletter,12,0,0,1,1,0
12395,opted_in,signup_form,5,4,4,0,0,1
12396,opted_out,gated_content,5,2,0,0,1,0
12397,opted_in,import,8,2,0,1,1,0
12398,opted_in,import,6,1,5,0,0,0
12399,opted_in,event,8,3,7,0,0,0
12400,unknown,unknown,5,4,0,0,0,0
12401,opted_out,gated_content,1,0,0,0,0,0
12402,opted_in,import,8,2,5,2,0,0
12403,opted_in,import,2,1,3,1,0,0
12404,opted_in,newsletter,14,2,7,2,1,0
12405,opted_out,newsletter,0,0,0,2,0,0
12406,opted_out,gated_content,11,2,0,1,0,0
12407,opted_in,gated_content,11,1,3,0,1,0
12408,opted_in,signup_form,11,2,4,2,1,0
12409,opted_in,event,9,0,4,1,1,0
12410,opted_in,event,5,0,4,0,0,0
12411,unknown,unknown,12,2,0,0,0,0
12412,opted_in,signup_form,8,2,6,1,0,0
12413,opted_in,gated_content,13,1,4,0,1,0
12414,opted_in,newsletter,7,3,4,0,0,0
12415,opted_in,gated_content,2,1,1,0,0,0
12416,opted_in,import,4,0,4,1,0,0
12417,unknown,unknown,6,2,0,0,0,0
12418,opted_in,gated_content,4,0,3,0,1,0
12419,opted_in,signup_form,5,3,0,1,1,0
12420,opted_in,event,4,1,1,1,0,1
12421,opted_in,event,9,0,3,1,0,0
12422,opted_in,signup_form,4,1,1,0,0,0
12423,unknown,unknown,7,2,0,1,1,1
12424,opted_in,newsletter,7,1,0,1,0,0
12425,opted_in,event,10,2,4,2,0,0
12426,opted_in,gated_content,2,2,0,1,0,0
12427,opted_in,gated_content,7,0,6,0,0,0
12428,opted_in,signup_form,11,0,4,0,1,0
12429,unknown,unknown,10,1,0,2,0,0
12430,opted_in,newsletter,5,0,0,0,0,0
12431,opted_in,newsletter,19,3,5,2,1,0
12432,opted_in,newsletter,7,3,2,2,0,0
12433,opted_in,newsletter,4,2,3,0,0,1
12434,opted_in,import,11,0,4,2,0,0
12435,opted_in,gated_content,5,1,6,0,0,0
12436,opted_in,event,4,2,8,0,1,0
12437,unknown,unknown,12,1,0,1,0,1
12438,unknown,unknown,7,0,0,0,0,1
12439,opted_in,newsletter,3,0,1,1,0,0
12440,opted_in,newsletter,5,0,2,1,0,0
12441,opted_in,gated_content,5,1,0,0,0,0
12442,opted_in,import,9,4,5,1,0,0
12443,opted_in,import,17,4,6,1,1,0
12444,opted_in,import,12,1,4,2,1,0
12445,opted_in,import,6,2,5,0,0,0
12446,opted_in,gated_content,1,1,3,0,1,0
12447,opted_in,event,10,3,6,2,0,0
12448,unknown,unknown,8,2,0,0,0,0
12449,opted_in,newsletter,6,2,3,0,0,0
12450,opted_in,newsletter,5,1,2,0,0,0
12451,opted_in,gated_content,11,0,7,2,1,1
12452,opted_in,gated_content,17,4,2,1,1,1
12453,unknown,unknown,15,3,0,0,0,0
12454,opted_in,signup_form,8,1,3,0,0,0
12455,unknown,unknown,11,3,0,0,0,0
12456,unknown,unknown,1,0,0,0,0,0
12457,opted_out,newsletter,2,1,0,1,0,0
12458,opted_in,newsletter,7,3,1,0,0,0
12459,opted_in,signup_form,5,1,0,0,0,0
12460,opted_in,newsletter,7,1,1,0,0,0
12461,unknown,unknown,17,2,0,3,1,0
12462,opted_out,event,7,2,0,0,1,1
12463,opted_in,newsletter,6,2,2,0,1,0
12464,opted_in,import,5,1,0,1,0,0
12465,unknown,unknown,2,0,0,1,0,0
12466,opted_out,import,11,2,0,1,0,0
12467,opted_in,signup_form,7,0,0,0,0,0
12468,opted_in,newsletter,2,1,1,0,0,1
12469,opted_in,signup_form,6,2,2,2,0,1
12470,unknown,unknown,10,2,0,0,0,0
12471,unknown,unknown,13,4,0,1,0,0
12472,opted_in,newsletter,7,1,1,1,0,0
12473,unknown,unknown,9,2,0,1,1,0
12474,opted_in,newsletter,5,1,2,2,0,0
12475,opted_in,newsletter,16,2,2,2,0,0
12476,unknown,unknown,2,1,0,1,0,0
12477,opted_in,newsletter,16,2,7,1,1,1
12478,opted_in,signup_form,7,0,3,0,0,1
12479,unknown,unknown,19,2,0,1,0,0
12480,unknown,unknown,5,3,0,0,1,0
12481,unknown,unknown,6,2,0,2,0,0
12482,opted_in,import,3,1,0,0,0,0
12483,opted_in,import,8,2,7,2,1,0
12484,opted_in,gated_content,13,2,5,1,0,0
12485,opted_out,gated_content,8,0,0,1,0,0
12486,opted_in,event,6,1,2,0,0,0
12487,opted_in,gated_content,6,0,1,0,0,0
12488,unknown,unknown,9,1,0,1,0,0
12489,opted_in,event,1,0,0,0,0,0
12490,opted_in,newsletter,7,0,3,1,0,0
12491,opted_in,import,12,2,3,0,0,0
12492,opted_in,gated_content,9,3,2,2,0,0
12493,opted_in,import,10,5,5,1,0,1
12494,opted_in,signup_form,5,1,0,1,0,0
12495,opted_in,newsletter,8,2,2,0,0,0
12496,opted_in,import,3,1,0,0,0,0
12497,opted_in,event,10,1,0,0,0,0
12498,unknown,unknown,7,2,0,1,0,0
12499,opted_out,newsletter,8,0,0,0,0,1
12500,opted_in,signup_form,8,1,2,0,0,0
12501,opted_in,gated_content,9,3,0,2,0,0
12502,opted_in,import,12,1,2,2,0,1
12503,opted_in,newsletter,10,4,5,0,1,0
12504,opted_in,signup_form,10,1,4,1,0,0
12505,opted_out,newsletter,1,1,0,0,0,0
12506,opted_in,import,12,2,7,0,0,0
12507,opted_in,import,5,2,0,1,0,0
12508,opted_in,import,7,1,1,1,0,0
12509,opted_in,newsletter,1,1,0,1,0,0
12510,opted_in,gated_content,11,1,4,1,0,0
12511,opted_in,gated_content,9,1,6,1,1,1
12512,unknown,unknown,12,0,0,0,1,0
12513,opted_out,import,5,1,0,0,0,0
12514,opted_in,newsletter,9,0,3,0,0,0
12515,opted_in,event,12,3,4,1,1,1
12516,opted_in,newsletter,4,0,6,0,0,0
12517,opted_in,signup_form,8,2,2,1,0,1
12518,opted_out,event,1,0,0,0,0,0
12519,opted_in,signup_form,14,1,1,0,0,0
12520,opted_in,import,8,1,6,2,0,0
12521,opted_out,signup_form,11,2,0,1,0,0
12522,unknown,unknown,7,1,0,2,0,0
12523,opted_in,gated_content,9,2,6,0,0,1
12524,unknown,unknown,5,1,0,2,0,0
12525,opted_in,signup_form,8,3,5,1,0,0
12526,opted_in,import,10,2,5,1,1,0
12527,opted_in,signup_form,12,4,1,0,1,0
12528,opted_in,newsletter,5,2,0,0,0,0
12529,opted_in,import,8,1,4,0,0,0
12530,opted_in,newsletter,10,0,3,0,0,0
12531,opted_in,event,3,1,6,0,0,0
12532,opted_in,event,10,1,0,0,1,0
12533,opted_in,gated_content,7,1,1,1,0,0
12534,opted_in,newsletter,11,0,0,1,0,0
12535,unknown,unknown,16,4,0,2,1,0
12536,opted_out,event,5,2,0,0,0,0
12537,opted_in,event,5,0,0,0,0,0
12538,opted_in,signup_form,9,2,4,0,0,0
12539,opted_in,gated_content,9,2,3,0,0,0
12540,opted_out,import,5,1,0,1,0,1
12541,unknown,unknown,12,4,0,1,0,0
12542,opted_out,gated_content,14,2,0,1,0,0
12543,opted_in,signup_form,9,2,0,0,1,0
12544,opted_out,gated_content,9,2,0,1,0,0
12545,opted_in,gated_content,4,1,2,0,0,0
12546,opted_in,signup_form,9,1,5,2,0,0
12547,opted_in,gated_content,11,1,3,1,1,0
12548,opted_in,signup_form,7,1,1,2,0,0
12549,opted_in,signup_form,8,2,0,0,0,1
12550,unknown,unknown,6,3,0,1,0,0
12551,opted_out,gated_content,0,0,0,0,0,0
12552,opted_in,signup_form,4,0,0,1,1,0
12553,unknown,unknown,4,2,0,1,0,0
12554,opted_out,newsletter,5,1,0,0,0,0
12555,opted_in,signup_form,7,3,6,1,0,0
12556,unknown,unknown,5,2,0,1,0,0
12557,opted_in,import,14,1,1,2,0,0
12558,opted_in,signup_form,15,2,4,0,1,0
12559,unknown,unknown,1,1,0,0,0,0
12560,opted_in,signup_form,8,4,3,2,0,1
12561,opted_in,event,14,3,1,0,0,0
12562,opted_in,import,8,2,3,0,0,1
12563,opted_in,newsletter,10,1,2,0,0,0
12564,unknown,unknown,3,1,0,1,0,0
12565,opted_out,newsletter,4,0,0,0,0,0
12566,opted_in,signup_form,10,2,3,2,0,0
12567,opted_in,gated_content,3,0,4,0,0,0
12568,unknown,unknown,8,3,0,0,0,0
12569,unknown,unknown,14,1,0,1,0,0
12570,opted_in,import,8,0,3,3,0,0
12571,opted_in,gated_content,16,4,6,2,1,0
12572,unknown,unknown,0,0,0,2,0,0
12573,opted_out,event,11,0,0,1,0,0
12574,unknown,unknown,8,1,0,1,1,0
12575,unknown,unknown,5,1,0,0,0,0
12576,unknown,unknown,12,2,0,0,0,0
12577,opted_in,event,12,2,5,2,0,0
12578,unknown,unknown,14,4,0,1,1,0
12579,unknown,unknown,3,3,0,1,0,0
12580,opted_out,newsletter,11,2,0,0,1,0
12581,unknown,unknown,13,1,0,1,1,0
12582,opted_in,event,13,0,2,1,0,0
12583,opted_in,gated_content,10,1,1,0,0,0
12584,opted_in,newsletter,9,2,4,2,0,0
12585,opted_in,event,11,3,4,1,1,0
12586,opted_out,gated_content,0,0,0,0,0,0
12587,opted_in,gated_content,6,2,4,0,0,0
12588,unknown,unknown,13,1,0,0,0,0
12589,opted_in,signup_form,7,2,3,0,1,0
12590,opted_in,import,4,1,5,0,0,0
12591,unknown,unknown,10,1,0,1,0,0
12592,unknown,unknown,9,2,0,1,0,0
12593,unknown,unknown,3,0,0,1,0,0
12594,opted_in,import,5,0,0,0,0,0
12595,opted_in,event,10,0,0,0,0,1
12596,opted_in,import,12,1,2,0,0,1
12597,opted_in,gated_content,14,1,4,1,1,0
12598,unknown,unknown,9,1,0,1,0,1
12599,opted_out,signup_form,11,1,0,1,1,0
12600,unknown,unknown,15,2,0,1,1,0
12601,opted_in,newsletter,5,0,2,0,0,0
12602,opted_in,signup_form,13,3,3,1,1,0
12603,opted_in,gated_content,6,3,6,1,0,0
12604,opted_out,signup_form,4,1,0,0,0,0
12605,opted_in,import,5,3,6,0,1,1
12606,opted_in,newsletter,7,0,0,1,0,0
12607,opted_in,import,2,1,0,0,0,0
12608,opted_in,signup_form,5,1,0,1,0,0
12609,opted_in,gated_content,4,0,3,0,0,0
12610,opted_in,signup_form,13,3,1,1,0,0
12611,opted_in,import,14,0,2,1,1,0
12612,unknown,unknown,5,2,0,2,1,0
12613,unknown,unknown,2,0,0,0,0,0
12614,opted_in,signup_form,10,1,4,1,0,1
12615,unknown,unknown,9,1,0,0,1,0
12616,unknown,unknown,1,1,0,1,0,0
12617,opted_in,signup_form,1,1,0,0,0,0
12618,opted_in,newsletter,6,2,1,1,0,0
12619,unknown,unknown,0,0,0,0,0,0
12620,opted_in,gated_content,0,0,1,1,0,0
12621,opted_out,import,3,1,0,0,0,0
12622,opted_in,event,7,2,0,1,0,0
12623,opted_in,signup_form,9,0,0,2,0,1
12624,opted_in,import,5,3,4,1,1,0
12625,opted_in,event,11,2,4,1,0,0
12626,opted_in,import,3,0,6,1,0,0
12627,opted_out,import,12,3,0,3,0,0
12628,opted_in,event,10,3,4,2,0,0
12629,opted_in,event,3,2,0,0,0,0
12630,opted_in,newsletter,16,3,5,2,1,0
12631,opted_in,event,7,1,3,2,0,0
12632,opted_in,import,10,2,0,0,0,0
12633,opted_in,event,10,2,5,1,0,0
12634,opted_in,event,5,0,1,2,0,0
12635,opted_in,signup_form,3,0,2,1,1,0
12636,opted_in,import,12,3,1,1,1,0
12637,opted_in,gated_content,11,1,3,2,0,0
12638,opted_in,signup_form,12,2,2,1,1,0
12639,opted_in,signup_form,20,4,6,1,1,0
12640,opted_in,gated_content,3,1,6,0,0,0
12641,opted_in,event,4,0,1,1,0,0
12642,opted_in,newsletter,8,0,1,0,1,1
12643,opted_in,event,11,2,3,0,1,0
12644,unknown,unknown,13,2,0,2,0,1
12645,opted_in,import,7,1,0,0,0,0
12646,opted_in,newsletter,14,1,4,1,0,0
12647,opted_out,gated_content,7,2,0,0,0,0
12648,unknown,unknown,3,1,0,1,0,0
12649,opted_in,newsletter,12,1,2,1,1,0
12650,unknown,unknown,12,3,0,2,0,0
12651,unknown,unknown,4,4,0,1,0,0
12652,opted_in,import,4,1,0,1,0,0
12653,opted_in,gated_content,4,0,3,2,0,0
12654,opted_in,newsletter,9,2,0,0,0,0
12655,opted_in,event,13,3,2,2,0,0
12656,opted_in,signup_form,10,0,5,1,0,0
12657,opted_in,event,4,2,1,0,0,0
12658,unknown,unknown,13,4,0,0,1,0
12659,unknown,unknown,9,1,0,1,0,0
12660,opted_in,import,8,3,2,2,0,1
12661,opted_out,import,6,0,0,1,0,0
12662,opted_in,newsletter,14,2,4,0,0,0
12663,opted_in,import,6,3,3,0,0,0
12664,opted_in,newsletter,8,0,3,1,0,0
12665,opted_in,gated_content,6,1,0,1,0,0
12666,opted_in,newsletter,4,0,0,1,0,0
12667,opted_in,event,8,2,2,1,0,0
12668,opted_in,newsletter,6,0,1,0,0,0
12669,unknown,unknown,8,2,0,1,0,0
12670,opted_in,signup_form,9,1,0,1,0,0
12671,unknown,unknown,3,2,0,0,0,0
12672,opted_in,signup_form,9,1,1,1,0,0
12673,opted_in,signup_form,12,4,0,1,0,0
12674,unknown,unknown,0,0,0,0,1,0
12675,opted_in,event,9,3,1,1,1,0
12676,opted_out,event,8,0,0,0,0,0
12677,opted_in,gated_content,10,3,4,0,1,1
12678,opted_out,gated_content,3,1,0,0,0,0
12679,opted_in,event,5,0,2,0,0,0
12680,unknown,unknown,10,0,0,0,1,0
12681,opted_in,signup_form,13,1,5,2,1,0
12682,unknown,unknown,8,2,0,1,0,0
12683,unknown,unknown,13,2,0,2,0,0
12684,opted_out,event,6,0,0,1,0,0
12685,opted_in,newsletter,5,3,5,0,0,1
12686,opted_in,import,3,0,2,1,0,0
12687,opted_in,newsletter,4,2,1,0,0,0
12688,unknown,unknown,12,0,0,1,0,1
12689,unknown,unknown,6,2,0,2,0,0
12690,opted_in,gated_content,8,0,2,1,0,1
12691,opted_in,signup_form,8,0,1,0,0,0
12692,unknown,unknown,11,2,0,1,1,0
12693,opted_in,import,8,1,0,0,0,0
12694,opted_in,gated_content,20,3,1,2,1,1
12695,opted_in,gated_content,13,3,5,1,0,0
12696,opted_in,import,7,0,2,1,0,0
12697,unknown,unknown,8,1,0,1,0,0
12698,opted_in,gated_content,11,1,0,0,0,0
12699,unknown,unknown,9,0,0,0,0,0
12700,unknown,unknown,3,0,0,0,0,0
12701,opted_in,import,7,0,6,0,1,0
12702,opted_in,newsletter,10,2,0,0,0,0
12703,opted_in,newsletter,8,1,4,0,0,1
12704,opted_in,event,8,2,0,0,0,0
12705,opted_in,event,0,0,1,1,0,0
12707,unknown,unknown,7,0,0,1,0,1
12708,opted_in,gated_content,9,0,3,1,0,0
12709,opted_out,gated_content,7,2,0,1,0,0
12710,opted_in,signup_form,6,2,0,0,0,0
12711,opted_in,signup_form,11,2,1,2,0,0
12712,opted_in,event,2,2,3,2,0,0
12713,unknown,unknown,14,1,0,2,0,0
12714,unknown,unknown,12,1,0,0,0,0
12715,unknown,unknown,12,1,0,1,0,0
12716,opted_in,newsletter,10,1,1,0,0,0
12717,opted_in,event,11,3,7,3,0,1
12718,opted_out,newsletter,3,1,0,1,0,0
12719,unknown,unknown,4,2,0,1,0,0
12720,opted_in,event,12,1,3,1,0,0
12721,opted_out,import,6,0,0,0,0,0
12722,opted_in,gated_content,5,2,2,2,0,0
12723,opted_in,newsletter,3,2,1,1,0,0
12724,opted_in,event,5,1,5,1,0,0
12725,opted_in,event,0,0,3,0,0,0
12726,unknown,unknown,8,1,0,0,0,0
12727,opted_in,gated_content,6,3,4,0,0,0
12728,opted_in,gated_content,8,1,2,0,0,0
12729,unknown,unknown,4,1,0,2,0,0
12730,opted_in,gated_content,5,1,3,0,1,1
12731,opted_in,signup_form,8,0,4,0,0,0
12732,opted_in,event,7,0,1,1,0,0
12733,opted_in,signup_form,6,1,0,1,0,0
12734,opted_in,signup_form,6,0,0,0,0,0
12735,opted_in,event,20,3,9,1,1,0
12736,opted_out,import,11,3,0,1,0,1
12737,opted_out,signup_form,8,0,0,0,0,0
12738,opted_out,gated_content,6,1,0,0,0,0
12739,opted_in,import,4,1,6,0,0,0
12740,opted_in,event,12,1,4,0,1,1
12741,unknown,unknown,15,3,0,0,1,1
12742,opted_in,gated_content,9,1,2,1,0,0
12743,opted_in,import,9,3,4,0,0,0
12744,opted_in,import,8,1,0,2,0,0
12745,opted_in,gated_content,10,2,1,0,0,0
12746,opted_in,signup_form,12,1,5,0,0,0
12747,opted_in,event,11,1,0,1,0,0
12748,unknown,unknown,11,2,0,2,0,0
12749,unknown,unknown,6,1,0,2,0,0
12750,unknown,unknown,8,0,0,1,1,0
12751,unknown,unknown,11,2,0,1,1,1
12752,opted_in,event,13,0,0,2,0,0
12753,unknown,unknown,7,3,0,1,1,0
12754,opted_in,signup_form,10,3,3,0,1,0
12755,unknown,unknown,9,1,0,1,1,0
12756,opted_in,gated_content,10,0,3,1,0,0
12757,opted_in,event,3,0,5,1,0,0
12758,opted_in,event,8,0,4,1,0,0
12759,opted_out,event,11,4,0,0,0,0
12760,opted_in,signup_form,13,2,6,2,1,0
12761,opted_in,import,8,1,0,0,0,0
12762,opted_in,event,0,0,3,2,0,0
12763,opted_in,signup_form,10,1,2,1,1,0
12764,opted_out,signup_form,3,0,0,0,0,0
12765,unknown,unknown,10,0,0,0,0,0
12766,opted_in,gated_content,9,1,0,0,0,0
12767,opted_in,gated_content,10,0,6,0,0,1
12768,unknown,unknown,14,2,0,0,0,1
12769,opted_in,import,12,3,7,3,1,0
12770,opted_in,signup_form,10,2,6,2,1,0
12771,opted_in,import,11,1,6,1,0,0
12772,opted_in,event,12,2,4,0,1,1
12773,opted_out,import,9,0,0,1,0,0
12774,opted_in,event,17,2,4,2,0,0
12775,unknown,unknown,1,0,0,1,0,0
12776,opted_in,signup_form,6,2,0,1,0,0
12777,opted_in,import,11,0,5,2,0,0
12778,unknown,unknown,7,0,0,1,0,0
12779,opted_in,newsletter,9,3,4,2,0,1
12780,unknown,unknown,11,2,0,2,0,0
12781,opted_in,gated_content,7,2,4,1,0,0
12782,unknown,unknown,4,1,0,0,0,0
12783,opted_in,gated_content,8,0,0,0,0,0
12784,opted_in,gated_content,10,0,3,1,0,0
12785,opted_in,gated_content,7,1,0,0,0,0
12786,opted_in,newsletter,9,2,4,0,0,0
12787,opted_in,gated_content,10,2,3,1,0,0
12788,opted_in,event,8,0,1,1,0,0
12789,opted_in,newsletter,6,1,2,0,1,0
12790,unknown,unknown,4,0,0,0,0,0
12791,opted_in,gated_content,8,2,0,0,0,0
12792,unknown,unknown,12,3,0,3,0,0
12793,opted_in,newsletter,8,0,3,0,0,0
12794,opted_in,event,13,1,6,1,0,0
12795,unknown,unknown,3,2,0,1,0,0
12796,opted_in,signup_form,7,1,0,0,0,0
12797,unknown,unknown,12,3,0,1,0,0
12798,opted_in,import,1,1,1,1,1,0
12799,opted_in,event,6,0,0,1,0,0
12800,opted_in,import,8,0,0,1,1,0
12801,opted_out,signup_form,0,0,0,0,0,0
12802,opted_out,import,13,2,0,2,1,0
12803,unknown,unknown,4,0,0,0,0,0
12804,opted_in,event,2,1,2,0,0,0
12805,opted_in,import,7,0,1,1,0,0
12806,opted_in,newsletter,8,1,2,1,0,0
12807,opted_in,newsletter,9,1,2,0,0,0
12808,opted_out,import,3,0,0,0,0,0
12809,unknown,unknown,3,3,0,0,0,0
12810,opted_in,signup_form,15,1,3,0,1,0
12811,opted_in,newsletter,8,2,2,0,1,0
12812,opted_in,signup_form,8,0,4,1,1,0
12813,opted_in,event,7,0,1,2,0,0
12814,opted_out,newsletter,8,0,0,1,0,0
12815,unknown,unknown,8,0,0,1,0,0
12816,opted_in,signup_form,9,2,4,0,0,0
12817,unknown,unknown,4,1,0,1,0,0
12818,opted_in,signup_form,12,2,6,0,1,1
12819,opted_in,import,10,1,4,0,0,0
12820,opted_in,signup_form,6,0,0,0,0,0
12821,opted_in,signup_form,11,2,5,1,1,0
12822,opted_in,signup_form,9,1,2,2,0,0
12823,opted_in,event,0,0,1,1,0,0
12824,opted_in,import,11,2,2,0,0,0
12825,opted_in,newsletter,9,0,3,1,0,0
12826,opted_in,gated_content,6,1,4,2,0,0
12827,opted_in,newsletter,11,3,8,2,1,0
12828,opted_in,event,6,0,2,1,0,0
12829,opted_in,gated_content,6,0,0,0,1,0
12830,unknown,unknown,5,0,0,0,0,0
12831,opted_in,signup_form,5,2,5,0,0,0
12832,opted_in,gated_content,15,3,3,0,1,0
12833,opted_in,newsletter,13,1,4,0,0,0
12834,opted_in,signup_form,14,3,4,2,1,0
12835,opted_in,gated_content,14,4,6,0,1,0
12836,opted_in,event,5,0,3,0,0,0
12837,opted_out,import,6,1,0,0,0,0
12838,unknown,unknown,4,1,0,0,0,0
12839,opted_in,signup_form,6,2,3,2,0,0
12840,opted_in,event,14,1,2,2,1,1
12841,opted_out,newsletter,3,0,0,1,0,0
12842,unknown,unknown,5,1,0,0,0,0
12843,opted_in,event,8,3,1,2,0,0
12844,opted_out,event,5,1,0,0,0,0
12845,opted_in,import,11,1,2,1,1,0
12846,opted_in,import,5,1,0,1,0,1
12847,opted_in,signup_form,6,0,0,3,0,0
12848,opted_in,gated_content,12,0,2,1,0,0
12849,opted_out,newsletter,4,2,0,1,0,0
12850,unknown,unknown,4,1,0,1,1,0
12851,opted_in,newsletter,14,1,2,0,1,1
12852,opted_in,import,6,1,3,1,0,0
12853,opted_in,newsletter,8,3,4,2,1,0
12854,unknown,unknown,6,2,0,0,0,0
12855,opted_in,gated_content,9,0,5,1,0,0
12856,opted_in,event,2,2,0,0,0,0
12857,opted_in,gated_content,16,3,3,1,0,1
12858,opted_in,event,11,1,3,1,0,0
12859,opted_in,gated_content,4,3,0,0,0,0
12860,unknown,unknown,4,3,0,1,0,0
12861,opted_in,event,17,1,5,1,1,1
12862,opted_out,import,7,1,0,0,0,0
12863,opted_in,gated_content,4,0,2,0,1,0
12864,opted_in,signup_form,14,3,1,1,1,0
12865,opted_in,import,7,2,5,1,1,0
12866,opted_in,event,6,3,3,1,0,0
12867,opted_in,newsletter,6,2,3,1,0,0
12868,opted_in,newsletter,16,1,5,2,0,1
12869,unknown,unknown,11,1,0,2,0,0
12870,opted_in,event,8,1,4,1,1,0
12871,unknown,unknown,14,1,0,1,0,0
12872,opted_in,import,12,2,3,1,0,0
12873,opted_in,gated_content,6,3,1,1,0,0
12874,opted_in,import,5,0,5,1,0,0
12875,opted_in,signup_form,2,1,0,0,1,1
12876,opted_in,newsletter,3,1,2,0,0,0
12877,opted_in,signup_form,8,2,3,1,0,0
12878,opted_in,newsletter,17,2,6,2,1,0
12879,opted_in,import,9,2,3,1,0,0
12880,opted_in,gated_content,7,2,0,0,0,1
12881,opted_in,import,8,3,0,0,0,0
12882,opted_in,newsletter,4,2,1,1,0,0
12883,opted_in,event,16,5,9,0,1,0
12884,opted_in,gated_content,7,2,4,0,0,0
12885,opted_in,import,2,0,5,0,0,1
12886,opted_in,signup_form,6,3,4,2,0,0
12887,opted_out,event,9,1,0,1,0,0
12888,opted_in,signup_form,18,4,5,1,0,1
12889,opted_in,signup_form,5,0,4,1,0,0
12890,unknown,unknown,8,1,0,0,0,0
12891,opted_in,event,8,2,1,1,1,0
12892,opted_in,gated_content,7,0,4,1,1,0
12893,opted_out,import,6,1,0,0,0,0
12894,unknown,unknown,3,0,0,1,0,0
12895,opted_in,event,11,3,4,1,0,1
12897,opted_in,gated_content,6,1,6,1,0,0
12898,opted_in,event,12,0,5,0,0,0
12899,opted_in,gated_content,7,0,0,0,0,0
12900,opted_in,event,16,2,6,1,0,0
12901,opted_out,newsletter,13,1,0,1,0,1
12902,unknown,unknown,3,3,0,0,0,1
12903,opted_out,event,0,0,0,0,0,0
12904,opted_out,newsletter,6,1,0,0,0,0
12905,opted_in,signup_form,9,1,1,1,0,0
12906,opted_in,event,3,1,6,0,0,0
12907,opted_in,event,7,1,3,0,0,0
12908,unknown,unknown,7,0,0,0,0,0
12909,opted_out,newsletter,9,0,0,0,0,0
12910,opted_out,event,7,1,0,2,0,1
12911,opted_in,signup_form,1,0,0,0,0,0
12912,opted_in,gated_content,7,2,2,1,0,0
12913,opted_out,gated_content,6,1,0,0,0,0
12914,opted_in,event,7,0,4,0,0,0
12915,opted_in,newsletter,5,1,1,1,0,0
12916,opted_in,event,14,3,1,2,1,1
12917,opted_in,gated_content,8,0,3,1,0,1
12918,unknown,unknown,9,0,0,0,0,0
12919,opted_in,event,11,1,3,1,0,0
12920,opted_in,import,9,4,5,1,0,0
12921,opted_in,newsletter,7,1,5,0,0,0
12922,opted_in,gated_content,7,2,7,0,0,0
12923,opted_in,event,15,2,1,1,1,0
12924,opted_out,event,8,1,0,1,1,0
12925,opted_in,import,4,3,4,1,0,0
12926,opted_in,gated_content,8,4,0,1,1,0
12927,opted_in,import,18,2,3,0,1,0
12928,opted_in,event,8,2,8,1,0,0
12929,opted_in,gated_content,13,4,0,1,0,0
12930,unknown,unknown,9,0,0,2,0,0
12931,unknown,unknown,8,1,0,1,1,0
12932,unknown,unknown,4,0,0,1,0,0
12933,opted_in,signup_form,4,1,2,0,0,0
12934,opted_in,newsletter,10,2,3,1,0,0
12935,opted_in,import,10,3,4,2,1,0
12936,opted_in,gated_content,7,2,8,0,1,0
12937,opted_in,event,5,1,3,0,0,0
12938,opted_in,gated_content,12,3,5,0,0,0
12939,opted_in,import,11,3,5,1,0,0
12940,opted_in,gated_content,8,2,1,1,0,1
12941,opted_in,signup_form,16,2,3,0,0,0
12942,opted_out,gated_content,9,0,0,2,0,0
12943,unknown,unknown,7,3,0,1,0,1
12944,unknown,unknown,8,1,0,2,0,1
12945,opted_in,import,5,0,2,1,0,0
12946,opted_out,event,8,2,0,1,0,0
12947,opted_in,gated_content,7,2,2,1,0,0
12948,opted_in,import,7,1,3,0,0,0
12949,opted_in,event,7,1,1,0,0,0
12950,opted_in,newsletter,0,0,3,1,0,0
12951,opted_in,signup_form,4,1,0,0,0,0
12952,opted_in,event,6,0,0,1,0,0
12953,opted_in,import,7,0,0,1,0,0
12954,opted_in,import,1,1,3,0,0,0
12955,opted_in,import,10,1,3,0,0,0
12956,unknown,unknown,8,3,0,1,0,0
12957,opted_in,import,7,2,2,1,0,0
12958,opted_in,import,4,1,1,0,0,0
12959,unknown,unknown,12,1,0,2,0,0
12960,opted_in,import,9,4,3,1,1,0
12961,opted_in,gated_content,18,4,7,2,1,1
12962,opted_in,event,11,2,1,0,0,0
12963,unknown,unknown,13,1,0,1,0,0
12964,opted_in,gated_content,3,2,2,1,0,1
12965,unknown,unknown,12,2,0,0,0,0
12966,opted_in,gated_content,4,0,4,1,0,0
12967,opted_in,newsletter,18,1,2,0,0,1
12968,opted_in,newsletter,6,1,3,2,0,0
12969,unknown,unknown,8,3,0,1,1,0
12970,opted_in,newsletter,2,0,6,0,0,0
12971,opted_out,signup_form,4,3,0,0,0,0
12972,opted_in,signup_form,9,0,4,1,0,0
12973,opted_in,import,13,2,4,2,1,0
12974,opted_in,signup_form,2,1,4,0,0,0
12975,unknown,unknown,7,1,0,2,0,0
12976,unknown,unknown,13,1,0,0,0,0
12977,unknown,unknown,6,1,0,0,1,1
12978,unknown,unknown,8,1,0,0,0,0
12979,opted_in,newsletter,13,3,6,0,0,0
12980,opted_in,gated_content,5,2,2,0,0,0
12981,opted_in,event,6,1,2,0,0,0
12982,unknown,unknown,4,1,0,2,0,0
12983,unknown,unknown,8,1,0,0,1,0
12984,opted_in,import,7,1,2,0,1,0
12985,opted_in,signup_form,7,0,0,0,1,0
12986,opted_in,event,2,0,0,0,0,0
12987,opted_out,newsletter,7,2,0,0,1,0
12988,opted_in,newsletter,4,2,0,0,0,0
12989,unknown,unknown,9,2,0,1,0,0
12990,opted_in,import,12,2,5,1,0,1
12991,opted_out,newsletter,2,0,0,2,0,0
12992,opted_in,signup_form,7,3,3,0,0,0
12993,opted_in,newsletter,3,0,0,1,0,0
12994,opted_in,signup_form,7,3,0,1,0,0
12995,opted_in,event,6,0,3,1,0,1
12996,opted_in,newsletter,17,3,3,2,1,0
12997,opted_in,gated_content,10,2,6,1,1,0
12998,opted_in,gated_content,11,3,3,1,0,0
12999,opted_in,newsletter,13,1,5,2,1,0
13000,opted_in,import,10,3,6,1,0,0
13001,opted_in,event,5,1,2,1,0,0
13002,unknown,unknown,3,1,0,0,0,0
13003,opted_in,newsletter,5,2,2,0,1,0
13004,opted_out,event,6,3,0,1,0,0
13005,opted_out,signup_form,13,3,0,1,1,0
13006,opted_out,gated_content,6,2,0,1,0,0
13007,opted_in,signup_form,7,3,4,1,0,0
13008,opted_in,signup_form,11,4,5,0,0,0
13009,opted_in,newsletter,8,1,1,2,1,0
13010,opted_in,newsletter,9,3,9,2,1,0
13011,opted_in,event,7,2,2,2,0,0
13012,opted_in,import,12,1,0,0,0,0
13013,opted_in,event,11,1,2,3,1,0
13014,unknown,unknown,7,1,0,0,0,0
13015,opted_in,signup_form,6,0,1,2,0,0
13016,opted_in,import,2,2,2,1,0,0
13017,opted_in,import,8,1,5,2,1,0
13018,opted_in,gated_content,4,1,4,0,0,0
13019,opted_out,signup_form,5,2,0,2,1,1
13020,unknown,unknown,0,0,0,0,0,0
13021,opted_in,newsletter,7,1,4,0,0,0
13022,unknown,unknown,0,0,0,0,0,0
13023,unknown,unknown,8,1,0,0,0,0
13024,opted_in,gated_content,7,2,2,0,0,1
13025,opted_in,event,10,2,4,3,0,0
13026,opted_in,import,2,0,3,2,1,0
13027,opted_in,event,13,0,1,1,0,0
13028,opted_out,gated_content,7,1,0,1,0,0
13029,opted_in,signup_form,3,2,1,0,0,0
13030,opted_in,gated_content,14,4,3,1,0,0
13031,opted_in,import,8,1,2,1,0,0
13032,opted_in,event,9,2,4,0,1,1
13033,opted_in,gated_content,6,3,3,1,0,0
13034,opted_in,newsletter,6,0,3,0,0,0
13035,opted_in,event,5,2,0,0,0,0
13036,unknown,unknown,11,3,0,1,1,1
13037,unknown,unknown,7,0,0,0,0,0
13038,opted_in,newsletter,0,0,1,1,0,0
13039,opted_in,newsletter,10,2,2,0,0,0
13040,opted_in,signup_form,6,1,3,0,1,0
13041,opted_in,gated_content,3,3,0,1,1,0
13042,opted_in,newsletter,3,0,3,0,0,0
13043,opted_in,event,4,1,3,1,0,0
13044,opted_in,gated_content,7,2,4,1,1,0
13045,unknown,unknown,9,2,0,1,0,0
13046,unknown,unknown,8,2,0,2,0,0
13047,unknown,unknown,11,0,0,0,1,0
13048,unknown,unknown,6,0,0,1,0,0
13049,opted_in,event,10,2,4,0,0,1
13050,unknown,unknown,0,0,0,0,0,0
13051,opted_in,signup_form,0,0,0,1,0,0
13052,opted_in,import,4,1,5,1,0,0
13053,unknown,unknown,8,2,0,0,0,0
13055,opted_in,event,6,0,0,0,0,0
13056,opted_in,event,9,1,5,1,0,0
13057,opted_in,event,13,3,0,1,0,0
13058,opted_in,signup_form,6,1,7,0,0,0
13059,unknown,unknown,6,0,0,0,1,0
13060,unknown,unknown,0,0,0,0,0,1
13061,opted_in,event,17,4,5,2,1,0
13062,unknown,unknown,9,2,0,1,1,0
13063,opted_in,signup_form,3,1,1,2,0,0
13064,unknown,unknown,17,3,0,1,0,0
13065,opted_in,newsletter,2,0,3,1,0,1
13066,unknown,unknown,15,1,0,1,1,0
13067,opted_in,signup_form,5,3,4,1,1,0
13068,opted_out,gated_content,1,1,0,0,0,0
13069,opted_in,import,9,2,0,0,1,0
13070,opted_in,import,11,0,2,1,0,0
13071,unknown,unknown,11,1,0,1,0,0
13072,opted_in,event,3,0,0,1,0,0
13073,opted_in,import,11,1,0,0,0,0
13074,opted_in,event,11,1,5,1,0,0
13075,opted_in,signup_form,9,0,0,0,0,0
13076,unknown,unknown,5,2,0,1,0,0
13077,opted_out,gated_content,2,0,0,1,0,0
13078,opted_in,signup_form,0,0,0,0,0,0
13079,opted_out,gated_content,9,2,0,1,1,0
13080,unknown,unknown,19,3,0,2,1,0
13081,opted_in,signup_form,9,0,1,1,0,0
13082,unknown,unknown,13,1,0,1,0,0
13083,opted_in,event,1,0,0,0,0,0
13084,opted_in,gated_content,6,1,5,0,0,0
13085,opted_in,event,7,2,2,2,0,0
13086,unknown,unknown,12,1,0,0,0,0
13087,opted_in,newsletter,8,1,1,0,0,0
13088,opted_in,signup_form,9,2,4,1,0,0
13089,opted_out,import,12,1,0,1,0,0
13090,opted_in,event,7,0,3,0,0,0
13091,opted_in,gated_content,8,1,1,1,0,0
13092,unknown,unknown,8,1,0,0,0,1
13093,unknown,unknown,7,1,0,1,1,0
13094,opted_in,newsletter,10,2,1,2,0,1
13095,opted_in,newsletter,9,2,9,2,0,0
13096,opted_in,event,4,2,2,2,0,0
13097,opted_in,newsletter,5,2,2,1,0,0
13098,opted_in,signup_form,2,0,2,0,0,0
13099,opted_in,event,3,0,0,1,0,0
13101,opted_out,event,1,0,0,0,0,0
13102,opted_in,event,14,2,2,0,1,0
13103,opted_out,import,8,3,0,1,0,0
13104,opted_in,gated_content,11,0,6,0,1,0
13105,unknown,unknown,4,0,0,1,0,0
13106,opted_in,gated_content,11,3,7,1,0,0
13107,opted_in,event,10,1,3,2,0,0
13108,opted_in,import,5,1,3,0,0,0
13109,unknown,unknown,13,4,0,0,0,0
13110,opted_in,import,4,2,2,0,0,0
13111,opted_in,signup_form,0,0,1,2,0,0
13112,unknown,unknown,4,0,0,0,0,0
13113,unknown,unknown,12,2,0,0,0,0
13114,opted_in,event,11,1,0,0,1,0
13115,opted_in,newsletter,11,3,1,3,1,1
13116,opted_in,gated_content,12,1,6,1,1,0
13117,opted_in,event,8,2,1,2,1,1
13118,opted_in,event,10,1,7,1,1,0
13119,opted_in,gated_content,7,0,1,1,0,0
13120,unknown,unknown,2,0,0,1,0,0
13121,opted_in,gated_content,12,0,7,1,0,0
13122,unknown,unknown,10,1,0,0,0,0
13123,opted_in,gated_content,10,0,0,0,0,0
13124,unknown,unknown,1,1,0,2,0,0
13125,opted_in,gated_content,13,0,0,1,1,0
13126,opted_in,gated_content,9,2,1,0,0,0
13127,opted_in,gated_content,12,1,2,2,1,0
13128,opted_in,gated_content,10,2,4,1,0,0
13129,opted_in,gated_content,12,4,2,0,0,0
13130,opted_in,event,8,2,4,1,1,0
13131,opted_in,import,12,2,2,2,1,0
13132,opted_in,gated_content,7,0,4,1,0,0
13133,opted_in,import,17,2,6,1,1,1
13134,opted_in,signup_form,4,1,0,1,0,0
13135,opted_in,newsletter,3,0,0,1,0,1
13136,opted_in,import,10,3,4,0,0,1
13137,opted_in,gated_content,5,2,6,1,0,0
13138,opted_in,event,1,1,4,1,0,1
13139,opted_in,event,11,1,4,0,1,0
13140,unknown,unknown,12,2,0,0,0,0
13141,opted_in,import,6,2,0,1,0,0
13142,opted_in,gated_content,0,0,1,0,0,0
13143,opted_in,signup_form,12,2,5,1,1,0
13144,unknown,unknown,10,1,0,1,0,0
13145,opted_in,signup_form,12,2,4,1,0,0
13146,opted_in,event,14,3,6,0,1,0
13147,opted_in,gated_content,11,1,2,0,1,0
13148,unknown,unknown,14,2,0,0,1,0
13149,opted_in,event,5,1,3,1,0,0
13150,opted_in,newsletter,6,1,0,1,0,0
13151,opted_in,signup_form,14,2,5,1,1,0
13152,opted_in,import,6,2,2,0,0,0
13153,opted_in,newsletter,7,1,0,1,1,0
13154,opted_in,signup_form,6,1,0,1,0,0
13155,opted_in,signup_form,11,1,8,0,0,0
13156,unknown,unknown,11,0,0,1,0,0
13157,opted_in,gated_content,10,3,6,1,0,0
13158,opted_in,gated_content,8,1,5,1,0,0
13159,opted_in,signup_form,7,0,0,0,0,0
13160,unknown,unknown,6,1,0,0,0,1
13161,unknown,unknown,10,2,0,1,0,0
13162,unknown,unknown,9,0,0,0,0,0
13163,opted_in,newsletter,0,0,1,1,0,0
13164,opted_in,gated_content,8,0,3,1,0,0
13165,unknown,unknown,11,3,0,0,0,0
13166,opted_out,event,1,1,0,0,1,0
13167,unknown,unknown,10,2,0,1,1,0
13168,unknown,unknown,3,1,0,0,0,0
13169,opted_in,event,11,0,1,0,0,0
13170,opted_in,signup_form,15,1,2,2,0,1
13171,opted_in,event,8,0,2,1,0,0
13172,opted_out,signup_form,4,2,0,0,0,0
13173,opted_in,event,5,1,4,0,0,0
13174,opted_in,gated_content,7,2,3,0,0,1
13175,opted_in,newsletter,4,2,0,2,0,0
13176,opted_out,signup_form,11,0,0,1,1,1
13177,opted_in,gated_content,6,2,1,1,0,0
13178,opted_out,import,5,0,0,0,0,0
13179,opted_in,newsletter,12,1,3,2,1,0
13180,opted_in,import,9,3,7,1,1,1
13181,unknown,unknown,4,1,0,1,0,0
13182,opted_in,newsletter,10,1,0,0,0,0
13183,opted_in,event,6,1,2,0,0,0
13184,unknown,unknown,18,2,0,1,0,0
13185,opted_in,event,13,0,2,2,0,0
13186,opted_in,event,16,2,3,0,1,1
13187,opted_out,newsletter,12,2,0,1,0,0
13188,opted_in,import,8,1,2,1,1,0
13189,opted_in,newsletter,5,1,0,1,0,0
13190,opted_in,gated_content,4,2,0,1,0,0
13191,opted_in,newsletter,9,1,0,0,0,0
13192,opted_in,gated_content,6,0,3,0,0,0
13193,opted_in,import,9,1,4,2,0,0
13194,opted_in,event,18,3,4,2,0,0
13195,opted_in,import,0,0,3,0,0,1
13196,opted_in,gated_content,12,3,6,3,0,0
13197,opted_in,import,5,0,2,1,0,0
13198,opted_in,import,5,0,0,0,0,0
13199,opted_in,event,7,1,6,1,1,0
13200,opted_in,signup_form,10,2,1,0,0,0
13201,opted_out,signup_form,11,0,0,1,0,0
13202,opted_in,gated_content,0,0,0,0,0,0
13203,unknown,unknown,9,0,0,0,1,0
13204,opted_in,gated_content,7,1,0,1,0,0
13205,opted_in,event,6,1,3,2,0,0
13206,opted_in,import,17,3,7,1,1,1
13207,opted_out,newsletter,3,0,0,0,0,0
13208,opted_in,signup_form,11,0,6,0,1,0
13209,opted_out,gated_content,13,2,0,2,0,1
13210,opted_in,signup_form,7,0,0,0,0,0
13211,opted_in,gated_content,7,1,0,1,1,0
13212,opted_in,signup_form,10,2,7,1,1,0
13213,opted_in,signup_form,11,2,6,0,1,1
13214,opted_in,newsletter,3,1,0,1,0,0
13215,opted_in,gated_content,7,1,4,1,0,0
13216,opted_in,newsletter,7,4,6,3,1,0
13217,opted_in,import,8,2,5,2,0,0
13218,opted_in,gated_content,2,2,2,1,0,0
13219,opted_in,event,10,4,3,1,1,1
13220,opted_in,event,4,0,1,0,0,0
13221,opted_out,newsletter,4,0,0,1,0,0
13222,opted_in,newsletter,11,1,4,1,0,0
13223,opted_in,newsletter,12,2,7,1,1,0
13224,opted_in,gated_content,7,0,0,1,0,0
13225,unknown,unknown,6,0,0,0,0,0
13226,opted_in,newsletter,12,4,5,2,0,0
13227,opted_in,signup_form,9,0,0,1,0,0
13228,unknown,unknown,6,2,0,0,0,0
13229,opted_in,import,8,0,6,1,0,0
13230,opted_in,event,2,1,1,1,0,0
13232,opted_in,signup_form,5,0,4,1,0,0
13233,opted_in,newsletter,7,0,6,1,0,0
13234,opted_in,gated_content,9,1,3,0,0,0
13235,opted_in,newsletter,5,0,0,2,0,0
13236,opted_in,event,9,2,4,0,0,1
13237,opted_in,newsletter,9,1,0,0,0,0
13238,unknown,unknown,6,0,0,1,0,0
13239,opted_in,event,12,3,3,1,0,0
13240,opted_in,newsletter,6,1,2,2,0,1
13241,unknown,unknown,13,0,0,2,0,0
13242,opted_in,gated_content,8,0,0,1,0,0
13243,opted_in,event,4,0,2,0,0,0
13244,opted_in,gated_content,3,1,2,1,0,0
13245,opted_out,import,7,0,0,1,0,0
13246,opted_out,signup_form,0,0,0,0,1,0
13247,unknown,unknown,11,4,0,0,0,0
13248,opted_in,gated_content,5,0,1,1,0,0
13249,opted_in,newsletter,15,3,7,3,1,1
13250,opted_out,signup_form,10,2,0,0,0,0
13251,unknown,unknown,13,2,0,1,0,0
13252,opted_in,import,4,0,1,1,0,0
13253,opted_in,newsletter,10,4,7,0,0,0
13254,opted_out,gated_content,12,2,0,0,1,0
13255,opted_in,newsletter,9,3,7,2,0,0
13257,opted_in,newsletter,7,2,3,1,0,0
13258,unknown,unknown,2,0,0,1,0,0
13259,opted_in,signup_form,7,3,2,1,0,0
13260,opted_in,event,10,1,6,0,0,1
13261,opted_out,event,3,2,0,0,0,0
13262,opted_in,import,8,1,0,1,1,0
13263,opted_in,signup_form,10,3,7,1,0,0
13264,unknown,unknown,10,2,0,0,0,0
13265,opted_in,import,12,2,3,1,0,0
13266,opted_in,import,0,0,2,0,0,0
13267,unknown,unknown,13,0,0,0,0,0
13268,opted_in,import,11,0,5,1,0,0
13269,opted_in,newsletter,6,1,0,1,0,0
13270,unknown,unknown,9,0,0,1,0,0
13271,unknown,unknown,12,0,0,1,0,0
13272,opted_in,import,16,2,6,1,1,0
13273,opted_in,newsletter,9,2,7,2,0,1
13274,unknown,unknown,4,0,0,2,0,0
13275,unknown,unknown,7,1,0,0,0,0
13276,opted_in,newsletter,4,1,0,0,0,0
13277,opted_in,gated_content,9,2,1,1,0,0
13278,opted_in,import,13,1,4,0,0,0
13279,unknown,unknown,12,2,0,1,0,0
13280,opted_in,import,13,4,9,1,0,1
13281,unknown,unknown,12,2,0,1,0,0
13282,opted_in,gated_content,8,1,2,0,0,0
13283,opted_in,gated_content,5,1,4,1,0,0
13284,opted_in,import,13,2,2,2,0,0
13285,opted_in,event,9,0,0,1,0,0
13286,opted_in,signup_form,4,0,1,0,0,0
13287,opted_in,import,13,3,5,3,0,1
13288,opted_in,event,6,3,1,1,0,0
13289,opted_out,gated_content,6,0,0,0,0,0
13290,opted_in,event,8,4,3,1,0,0
13291,opted_in,import,9,3,4,2,0,0
13292,opted_in,gated_content,6,3,2,0,0,0
13293,opted_out,event,7,1,0,2,0,0
13294,opted_in,newsletter,16,2,2,1,1,0
13295,opted_in,import,6,2,3,1,1,0
13296,opted_in,import,1,1,4,1,0,0
13297,opted_in,gated_content,10,2,0,0,0,0
13298,opted_in,newsletter,8,2,2,2,0,0
13299,opted_in,signup_form,6,3,6,2,0,0
13300,unknown,unknown,12,4,0,1,1,1
13301,unknown,unknown,6,1,0,0,0,0
13302,unknown,unknown,11,2,0,1,0,0
13303,opted_in,gated_content,9,3,3,0,0,0
13304,opted_in,signup_form,0,0,4,0,0,0
13305,opted_in,signup_form,2,2,4,0,0,0
13306,unknown,unknown,6,4,0,1,0,0
13307,opted_in,event,11,0,2,1,0,0
13308,opted_in,signup_form,14,3,7,1,1,1
13309,opted_in,gated_content,7,2,6,2,0,1
13310,opted_out,newsletter,9,1,0,1,0,0
13311,opted_in,import,11,3,4,1,1,0
13312,opted_in,event,6,2,4,2,1,0
13313,opted_in,signup_form,8,1,2,0,0,0
13314,opted_out,newsletter,3,1,0,1,0,0
13315,opted_out,import,13,2,0,2,0,0
13316,opted_in,newsletter,5,2,3,1,0,0
13317,opted_in,event,8,0,3,0,0,0
13318,unknown,unknown,3,2,0,2,1,0
13319,unknown,unknown,12,1,0,1,0,0
13320,opted_in,event,8,3,5,2,1,0
13321,opted_in,gated_content,17,2,3,0,0,0
13322,opted_in,import,9,2,0,2,0,0
13323,opted_in,gated_content,9,1,1,0,0,0
13324,opted_in,newsletter,9,3,7,0,0,0
13325,opted_out,newsletter,7,1,0,0,0,0
13326,opted_out,import,8,2,0,1,0,0
13327,opted_in,gated_content,11,2,2,0,1,0
13328,opted_in,newsletter,16,2,6,1,0,0
13329,unknown,unknown,13,4,0,0,1,1
13330,unknown,unknown,2,1,0,0,0,0
13331,unknown,unknown,9,3,0,1,0,0
13332,opted_in,newsletter,6,1,4,1,0,0
13333,unknown,unknown,10,1,0,2,0,0
13334,opted_in,event,8,1,1,1,0,0
13336,unknown,unknown,3,2,0,1,0,0
13337,opted_in,import,5,1,1,1,0,0
13338,unknown,unknown,9,1,0,1,0,0
13339,opted_in,signup_form,8,1,0,1,1,0
13340,unknown,unknown,0,0,0,1,0,0
13341,opted_in,newsletter,4,2,2,0,0,0
13343,opted_in,signup_form,9,2,3,1,0,0
13344,opted_in,signup_form,14,1,1,0,0,0
13345,opted_in,gated_content,12,1,3,1,0,0
13346,opted_in,event,2,2,3,0,0,0
13347,opted_in,newsletter,3,1,2,0,0,0
13348,opted_in,newsletter,6,2,6,0,0,0
13349,opted_in,signup_form,10,1,1,0,0,1
13350,opted_in,import,4,1,2,2,0,0
13351,unknown,unknown,6,2,0,1,0,0
13352,opted_in,signup_form,4,2,4,1,1,0
13354,opted_in,signup_form,13,3,5,1,1,0
13355,opted_in,event,10,1,3,1,0,0
13356,opted_in,signup_form,0,0,0,0,0,0
13357,opted_in,gated_content,3,2,0,1,0,0
13358,unknown,unknown,9,3,0,2,0,0
13359,opted_in,gated_content,3,0,0,2,0,1
13360,unknown,unknown,10,3,0,3,1,0
13361,opted_in,newsletter,15,2,3,0,0,0
13362,opted_in,import,5,1,4,2,0,0
13363,opted_in,signup_form,10,0,0,1,0,0
13364,opted_out,gated_content,15,3,0,2,1,0
13365,opted_in,newsletter,5,2,2,0,0,0
13366,opted_in,gated_content,9,2,3,1,0,0
13367,opted_in,event,2,2,6,0,0,0
13368,opted_in,gated_content,9,1,4,1,0,0
13369,opted_in,gated_content,8,2,6,0,0,0
13370,opted_in,gated_content,6,1,4,1,1,0
13371,opted_in,gated_content,9,1,4,1,0,0
13372,opted_in,signup_form,10,0,3,0,1,0
13373,opted_in,newsletter,9,2,0,0,1,0
13374,opted_in,event,12,3,4,2,0,0
13375,opted_in,import,6,3,1,0,0,0
13376,opted_in,gated_content,5,0,0,0,0,0
13377,opted_in,signup_form,9,2,0,1,0,0
13379,opted_in,event,10,3,3,0,0,0
13380,opted_in,gated_content,15,2,0,2,1,0
13381,unknown,unknown,7,2,0,1,0,0
13382,unknown,unknown,5,1,0,0,0,0
13383,opted_in,newsletter,8,3,2,1,1,0
13384,opted_in,gated_content,9,0,2,1,0,0
13385,opted_in,signup_form,2,1,2,0,0,0
13386,opted_in,import,5,1,1,0,0,0
13387,opted_in,event,3,2,0,2,0,0
13388,unknown,unknown,14,4,0,0,0,1
13389,opted_in,import,10,0,2,0,0,0
13390,opted_out,gated_content,8,2,0,1,1,0
13391,opted_in,import,3,0,1,0,0,0
13392,unknown,unknown,13,1,0,2,1,0
13393,opted_in,newsletter,12,3,2,2,1,0
13394,opted_in,import,14,3,3,2,0,0
13395,opted_in,gated_content,16,3,6,1,1,0
13396,opted_in,event,2,1,0,2,1,0
13397,opted_in,newsletter,0,0,0,0,0,0
13398,opted_in,signup_form,12,2,2,0,0,0
13399,unknown,unknown,5,3,0,0,1,0
13400,opted_in,import,9,0,2,1,0,0
13402,opted_in,gated_content,8,0,3,1,0,0
13403,opted_in,import,5,1,0,1,0,0
13404,opted_in,signup_form,9,2,5,1,0,0
13405,opted_out,signup_form,0,0,0,1,0,0
13406,unknown,unknown,0,0,0,0,0,0
13407,unknown,unknown,4,0,0,1,0,0
13408,opted_in,gated_content,4,3,3,2,0,0
13410,opted_in,gated_content,9,2,3,2,0,1
13411,opted_in,event,9,2,0,1,0,0
13412,opted_out,event,6,0,0,0,0,0
13413,opted_in,event,4,3,2,0,0,1
13414,opted_in,import,6,1,1,1,0,0
13415,opted_in,signup_form,14,0,3,0,1,0
13416,opted_in,signup_form,1,0,0,0,0,0
13417,opted_in,signup_form,8,2,4,1,1,0
13418,opted_out,event,5,2,0,1,0,0
13419,opted_in,event,1,1,0,2,0,0
13420,unknown,unknown,5,0,0,0,0,0
13421,opted_in,gated_content,5,2,0,1,0,0
13422,unknown,unknown,10,2,0,2,0,0
13423,opted_in,gated_content,7,1,0,0,1,0
13424,opted_in,newsletter,9,2,5,2,0,0
13425,opted_in,signup_form,6,0,6,0,0,0
13426,opted_in,gated_content,10,2,4,0,0,0
13427,opted_in,newsletter,6,0,6,1,0,0
13428,opted_in,newsletter,10,2,3,1,1,0
13429,opted_in,newsletter,7,3,6,1,0,0
13430,opted_in,signup_form,4,2,0,0,0,0
13431,opted_in,newsletter,2,0,0,1,1,0
13432,opted_in,event,8,2,4,1,0,0
13433,opted_in,event,8,1,2,0,0,0
13434,opted_in,signup_form,15,2,4,1,1,0
13435,opted_out,import,6,2,0,1,0,0
13436,opted_in,event,7,1,1,1,0,0
13437,unknown,unknown,5,0,0,1,0,0
13438,opted_in,gated_content,11,0,2,1,0,0
13439,opted_in,signup_form,4,1,4,1,0,0
13440,opted_in,import,5,0,0,0,0,0
13441,opted_in,gated_content,12,1,2,2,0,0
13442,opted_in,newsletter,1,1,1,2,0,0
13443,unknown,unknown,0,0,0,1,0,0
13444,opted_in,event,12,2,2,0,1,0
13445,opted_in,event,18,2,2,1,0,1
13446,opted_in,newsletter,12,1,2,1,0,0
13447,opted_in,newsletter,13,3,7,0,1,0
13448,opted_in,event,14,3,4,0,0,0
13449,opted_in,signup_form,14,2,5,2,1,1
13450,unknown,unknown,2,0,0,0,0,0
13451,opted_in,newsletter,2,0,3,1,0,0
13452,unknown,unknown,4,0,0,0,0,0
13453,opted_in,event,4,1,0,1,0,0
13454,opted_in,newsletter,9,3,6,1,0,0
13455,unknown,unknown,12,2,0,0,0,0
13456,opted_out,event,7,0,0,0,0,0
13457,opted_in,gated_content,6,0,2,0,0,0
13458,opted_in,import,13,4,4,0,1,0
13459,opted_in,import,8,2,0,1,0,0
13460,unknown,unknown,8,0,0,1,0,0
13461,opted_in,event,1,0,0,0,0,0
13462,opted_in,event,5,1,5,0,0,0
13464,opted_in,import,9,2,5,0,0,0
13465,opted_in,import,3,0,2,1,0,0
13466,unknown,unknown,0,0,0,1,0,0
13467,opted_in,signup_form,7,1,5,2,0,1
13468,opted_out,newsletter,6,1,0,1,0,0
13469,unknown,unknown,19,3,0,0,1,1
13470,opted_in,event,8,2,2,0,0,0
13471,opted_in,event,4,0,2,1,0,0
13472,opted_out,event,8,1,0,0,0,0
13473,unknown,unknown,8,1,0,1,0,0
13474,opted_in,event,6,1,0,1,0,0
13475,opted_in,gated_content,6,3,4,0,0,0
13476,opted_in,newsletter,6,1,4,0,0,0
13477,unknown,unknown,8,1,0,1,0,0
13478,opted_in,newsletter,0,0,0,1,0,0
13479,unknown,unknown,7,0,0,0,1,0
13480,opted_in,import,6,1,3,1,0,1
13481,opted_in,signup_form,10,2,4,1,1,0
13482,opted_in,newsletter,12,2,5,2,1,1
13483,opted_in,gated_content,4,2,6,0,1,0
13484,opted_in,gated_content,9,3,0,1,0,0
13485,unknown,unknown,4,1,0,1,0,0
13486,opted_in,gated_content,6,1,0,1,0,0
13487,opted_in,gated_content,14,2,5,1,0,0
13488,opted_in,import,10,3,3,1,1,0
13489,opted_in,signup_form,5,2,3,2,0,0
13490,opted_out,event,9,2,0,2,0,0
13491,opted_out,gated_content,10,3,0,1,1,0
13492,opted_in,event,7,2,3,0,1,0
13493,opted_in,event,10,4,2,1,1,0
13494,unknown,unknown,7,2,0,1,0,0
13495,opted_in,signup_form,7,1,3,0,0,0
13496,opted_in,gated_content,3,1,7,0,0,0
13497,opted_in,import,5,2,0,0,0,0
13498,opted_in,signup_form,3,2,0,2,0,0
13499,unknown,unknown,17,3,0,1,1,0
13500,opted_in,import,6,2,5,1,0,1
13501,opted_in,gated_content,7,0,2,0,1,0
13502,opted_in,event,14,1,1,1,0,0
13503,opted_in,import,3,1,2,0,0,0
13504,opted_in,newsletter,6,1,3,2,0,0
13505,opted_in,signup_form,6,3,6,1,0,0
13506,opted_in,event,0,0,3,1,1,0
13507,unknown,unknown,4,1,0,0,0,0
13508,unknown,unknown,10,1,0,1,0,0
13509,opted_in,import,5,3,0,0,0,0
13510,opted_in,event,5,1,4,0,0,0
13511,opted_in,event,9,1,2,1,0,1
13512,opted_out,signup_form,10,2,0,1,1,0
13513,opted_in,gated_content,10,2,2,0,1,0
13514,unknown,unknown,11,0,0,0,0,0
13515,unknown,unknown,8,1,0,0,1,1
13516,opted_in,signup_form,2,0,0,1,0,0
13517,unknown,unknown,15,3,0,1,1,0
13518,opted_in,event,7,2,3,1,0,0
13519,opted_in,gated_content,2,2,1,0,0,0
13520,opted_in,signup_form,4,2,1,0,0,0
13521,unknown,unknown,5,1,0,0,0,0
13522,opted_out,import,1,1,0,1,0,0
13523,opted_in,event,14,2,5,1,0,0
13524,opted_in,event,8,0,2,2,0,1
13525,opted_in,gated_content,4,1,3,0,0,0
13526,opted_in,gated_content,7,1,4,1,0,0
13527,opted_in,signup_form,2,2,1,0,0,0
13529,opted_in,newsletter,7,1,6,0,0,1
13530,opted_out,gated_content,4,0,0,1,0,1
13531,opted_out,import,12,1,0,2,0,0
13532,opted_in,import,8,0,3,0,0,0
13533,opted_in,event,2,0,1,0,0,0
13534,opted_in,event,12,1,5,1,0,0
13535,unknown,unknown,10,2,0,0,0,1
13536,opted_in,event,11,0,1,1,0,0
13537,unknown,unknown,0,0,0,1,0,0
13538,opted_in,import,3,0,0,1,0,0
13539,opted_in,signup_form,9,1,4,1,1,0
13540,opted_in,import,3,3,0,0,0,0
13541,opted_in,import,17,1,5,2,1,0
13542,opted_in,event,13,0,1,1,0,0
13543,opted_in,newsletter,15,2,5,0,1,0
13544,opted_in,gated_content,15,2,3,2,0,0
13545,opted_in,import,7,1,2,0,0,0
13546,opted_out,event,4,1,0,1,0,0
13547,opted_in,signup_form,3,1,5,1,0,0
13548,unknown,unknown,6,0,0,0,0,0
13549,opted_in,event,13,0,4,1,0,0
13550,opted_in,import,7,2,2,1,0,1
13551,opted_in,event,4,2,1,0,0,0
13552,unknown,unknown,13,3,0,0,1,1
13553,opted_out,import,6,1,0,2,1,0
13554,opted_in,gated_content,11,2,1,0,1,0
13555,opted_in,signup_form,9,0,3,0,1,0
13556,unknown,unknown,6,0,0,0,0,0
13557,opted_in,signup_form,11,2,2,0,0,0
13558,unknown,unknown,7,2,0,1,1,1
13559,opted_out,gated_content,7,2,0,1,0,0
13560,opted_out,gated_content,2,0,0,0,0,0
13561,unknown,unknown,13,2,0,1,0,0
13562,unknown,unknown,7,0,0,0,0,0
13563,unknown,unknown,6,0,0,1,0,0
13564,opted_in,gated_content,14,4,4,0,0,0
13565,opted_in,event,3,0,1,0,0,0
13566,unknown,unknown,4,0,0,0,0,0
13567,unknown,unknown,16,3,0,1,0,0
13568,opted_in,import,7,2,3,1,0,0
13569,unknown,unknown,2,1,0,0,0,0
13570,opted_in,import,3,0,6,0,1,1
13571,opted_in,signup_form,14,2,4,1,0,0
13572,opted_in,import,5,0,1,0,0,0
13573,opted_in,import,6,1,0,1,0,0
13574,opted_in,import,13,0,6,2,1,1
13575,opted_in,gated_content,12,1,3,1,0,0
13576,opted_out,gated_content,6,1,0,0,1,0
13577,opted_in,signup_form,7,3,3,1,0,0
13578,unknown,unknown,6,2,0,2,0,0
13579,opted_in,signup_form,9,0,1,0,0,0
13580,opted_in,newsletter,7,2,2,1,0,0
13581,opted_in,signup_form,11,2,1,2,0,0
13582,unknown,unknown,11,2,0,1,0,0
13583,opted_in,gated_content,11,3,3,1,1,0
13584,opted_in,import,6,1,4,0,1,0
13585,unknown,unknown,9,2,0,0,0,0
13586,opted_in,event,0,0,3,1,0,0
13587,opted_in,gated_content,6,0,3,1,0,0
13588,opted_in,event,9,0,3,0,0,0
13589,unknown,unknown,9,1,0,2,0,0
13590,opted_in,import,11,1,2,0,0,1
13591,unknown,unknown,7,2,0,0,0,0
13592,opted_in,import,13,2,1,1,1,1
13593,opted_in,newsletter,6,3,2,1,0,0
13594,opted_in,import,8,2,3,1,1,0
13595,unknown,unknown,15,4,0,1,1,0
13596,unknown,unknown,6,0,0,0,0,0
13597,opted_in,event,6,1,3,1,0,0
13598,unknown,unknown,14,1,0,1,1,0
13599,opted_in,gated_content,0,0,2,1,0,0
13600,unknown,unknown,4,1,0,1,0,0
13601,unknown,unknown,1,1,0,0,0,1
13602,opted_out,signup_form,1,0,0,1,0,0
13603,opted_in,signup_form,13,3,4,1,0,0
13604,opted_in,event,12,1,5,0,1,0
13605,opted_in,event,9,2,2,0,0,0
13606,opted_out,newsletter,8,3,0,0,0,0
13607,opted_in,import,10,1,6,1,0,0
13608,unknown,unknown,6,3,0,1,0,0
13609,opted_in,event,9,2,4,0,1,0
13610,opted_out,import,8,1,0,0,0,0
13611,opted_out,import,12,1,0,1,0,0
13612,opted_in,signup_form,5,1,0,0,0,0
13613,opted_in,event,9,1,3,1,1,0
13614,opted_out,gated_content,7,1,0,1,0,0
13615,opted_in,gated_content,13,3,3,2,0,0
13616,opted_in,import,9,3,7,2,0,0
13617,opted_in,gated_content,13,0,1,1,0,0
13618,opted_in,gated_content,9,1,3,0,0,0
13619,opted_in,import,9,1,3,0,0,0
13620,opted_in,gated_content,12,3,3,1,0,0
13621,unknown,unknown,4,1,0,1,0,0
13622,opted_in,gated_content,3,1,0,0,0,0
13623,opted_in,newsletter,8,2,4,0,0,0
13624,opted_in,signup_form,11,2,2,1,1,0
13625,opted_in,event,11,2,0,0,0,0
13626,opted_in,event,8,1,2,1,0,0
13627,opted_out,newsletter,5,1,0,0,0,0
13628,opted_out,signup_form,6,1,0,0,0,0
13629,opted_in,event,18,2,1,2,1,0
13630,opted_in,signup_form,10,1,0,0,0,0
13631,opted_out,signup_form,9,5,0,1,1,0
13632,opted_in,signup_form,2,2,3,1,1,1
13634,opted_in,signup_form,2,2,0,0,1,0
13635,opted_in,event,8,0,2,1,1,0
13636,opted_in,import,13,2,5,1,1,1
13637,unknown,unknown,9,2,0,0,0,0
13638,opted_in,newsletter,3,0,3,0,0,0
13639,opted_in,newsletter,15,2,6,2,1,1
13640,opted_in,newsletter,11,3,5,2,0,0
13641,unknown,unknown,11,1,0,0,0,1
13642,opted_in,signup_form,6,1,3,0,1,0
13643,opted_in,import,7,0,1,1,0,0
13644,opted_in,event,5,1,1,0,1,0
13645,opted_in,import,6,5,7,0,1,0
13646,unknown,unknown,8,0,0,0,0,0
13647,opted_out,import,12,1,0,1,0,0
13648,opted_in,signup_form,18,3,4,0,0,0
13649,unknown,unknown,10,0,0,1,0,0
13650,opted_in,event,1,1,3,0,0,1
13651,opted_out,import,9,1,0,1,1,0
13652,opted_in,event,10,2,2,2,1,0
13653,opted_in,signup_form,9,1,3,1,0,1
13654,opted_in,signup_form,4,1,0,0,0,0
13655,opted_in,newsletter,13,2,4,0,1,0
13656,opted_in,gated_content,2,0,2,1,1,0
13657,opted_in,event,0,0,0,0,0,0
13658,opted_in,newsletter,12,2,4,0,0,0
13659,opted_in,signup_form,0,0,4,0,0,0
13660,opted_out,gated_content,2,2,0,0,0,0
13661,unknown,unknown,4,1,0,1,0,0
13662,opted_out,import,8,1,0,0,0,0
13663,opted_in,gated_content,3,1,4,1,0,0
13665,opted_in,gated_content,5,1,0,2,0,0
13666,opted_in,signup_form,9,1,2,0,0,0
13667,opted_in,gated_content,9,1,4,1,0,0
13668,opted_in,newsletter,13,3,5,1,1,0
13669,opted_in,event,11,0,2,0,0,0
13670,opted_in,event,17,0,4,2,0,0
13671,opted_in,import,7,1,3,0,0,0
13672,opted_in,signup_form,8,2,0,1,0,0
13673,opted_in,import,3,2,0,1,0,0
13674,unknown,unknown,6,0,0,0,0,0
13675,opted_in,event,7,2,6,0,0,0
13676,opted_out,event,4,1,0,2,0,0
13677,unknown,unknown,4,0,0,0,0,0
13678,opted_in,newsletter,11,2,3,1,0,1
13679,unknown,unknown,8,2,0,0,1,0
13680,unknown,unknown,10,1,0,1,0,0
13681,opted_in,import,4,1,3,1,0,0
13682,unknown,unknown,3,1,0,0,1,0
13683,opted_in,event,6,1,1,2,0,0
13684,opted_out,signup_form,2,2,0,1,0,0
13685,unknown,unknown,14,2,0,2,1,0
13686,opted_in,newsletter,1,1,0,0,0,0
13687,opted_out,import,5,2,0,0,0,0
13688,unknown,unknown,10,2,0,1,0,0
13689,opted_in,signup_form,11,2,3,1,0,0
13690,opted_in,newsletter,7,2,0,2,0,1
13691,opted_in,signup_form,1,0,3,0,0,0
13692,opted_in,newsletter,7,1,6,2,0,0
13693,opted_in,event,2,1,1,0,0,1
13694,opted_in,event,10,1,2,1,0,0
13695,opted_in,newsletter,11,3,5,0,1,1
13696,opted_in,gated_content,8,0,0,1,0,0
13697,unknown,unknown,6,1,0,0,0,0
13698,opted_in,import,8,1,2,1,1,0
13699,opted_in,signup_form,8,2,2,1,0,0
13700,opted_in,gated_content,7,1,5,0,1,1
13701,opted_out,gated_content,14,3,0,2,0,1
13702,unknown,unknown,10,3,0,0,1,0
13703,unknown,unknown,8,2,0,0,0,0
13704,opted_in,newsletter,6,4,0,1,0,0
13705,opted_in,newsletter,10,1,3,1,1,0
13706,opted_in,event,11,0,1,0,0,0
13707,unknown,unknown,8,2,0,1,0,1
13708,opted_out,gated_content,7,1,0,2,0,0
13709,opted_in,gated_content,4,1,1,1,0,0
13710,opted_in,gated_content,11,2,3,1,0,0
13711,unknown,unknown,3,1,0,1,0,1
13712,unknown,unknown,6,2,0,1,0,0
13713,opted_out,import,3,0,0,0,0,0
13714,opted_in,gated_content,10,0,4,0,1,0
13715,opted_in,event,0,0,1,0,0,0
13716,opted_out,import,14,1,0,2,1,0
13717,opted_out,import,13,2,0,0,1,0
13718,opted_in,signup_form,5,0,1,0,0,0
13719,opted_in,signup_form,8,1,0,1,0,0
13720,opted_in,newsletter,8,0,0,0,0,1
13721,opted_in,import,3,2,4,1,0,0
13722,opted_in,gated_content,6,1,1,1,0,0
13723,opted_out,import,9,1,0,0,0,0
13724,opted_in,import,13,1,5,1,1,0
13725,opted_in,import,19,4,3,3,1,0
13726,unknown,unknown,10,1,0,2,0,0
13727,opted_in,signup_form,7,0,1,0,0,1
13728,opted_in,event,17,1,5,2,0,0
13729,opted_in,import,12,3,4,1,1,0
13730,unknown,unknown,9,2,0,1,0,0
13731,opted_out,event,4,2,0,1,0,0
13732,opted_in,import,20,3,5,1,1,0
13733,unknown,unknown,4,1,0,1,0,0
13734,opted_in,signup_form,10,3,5,2,0,0
13735,opted_out,import,0,0,0,1,0,0
13736,opted_in,event,6,0,4,0,0,0
13737,opted_in,gated_content,3,1,0,0,0,0
13738,opted_out,event,7,2,0,0,0,0
13739,unknown,unknown,3,0,0,2,0,0
13740,unknown,unknown,6,0,0,0,0,1
13741,opted_in,newsletter,6,2,5,1,0,0
13742,unknown,unknown,12,3,0,2,1,0
13743,opted_in,newsletter,9,2,5,0,1,0
13744,opted_in,gated_content,16,3,2,1,1,0
13745,opted_in,signup_form,8,1,0,0,0,0
13746,opted_in,import,5,2,3,1,0,1
13747,opted_in,event,5,2,0,1,0,0
13748,opted_in,import,4,0,0,0,0,0
13750,opted_in,newsletter,13,2,3,1,1,0
13751,opted_in,event,8,2,2,1,0,0
13752,unknown,unknown,15,2,0,1,0,0
13753,opted_in,import,15,3,6,1,0,1
13754,opted_in,import,11,2,5,2,0,0
13755,opted_in,gated_content,13,2,6,1,0,0
13756,unknown,unknown,10,2,0,0,1,0
13757,opted_in,gated_content,10,1,4,1,1,0
13758,opted_in,gated_content,7,1,4,1,0,0
13759,unknown,unknown,10,4,0,3,1,1
13760,opted_in,gated_content,10,2,3,1,0,0
13761,opted_in,event,0,0,0,0,0,0
13762,opted_in,newsletter,10,3,4,1,0,1
13763,opted_in,import,7,0,2,0,0,0
13764,opted_in,newsletter,10,2,0,1,1,1
13765,opted_in,gated_content,13,4,6,1,1,0
13766,opted_in,event,7,1,1,1,0,0
13767,opted_in,event,5,2,5,1,0,0
13768,opted_in,import,15,3,2,2,1,0
13769,unknown,unknown,7,1,0,0,0,0
13770,opted_in,signup_form,9,1,3,2,0,0
13771,unknown,unknown,5,0,0,0,0,0
13772,unknown,unknown,3,1,0,1,0,0
13773,opted_in,gated_content,7,2,2,1,0,0
13774,opted_in,event,3,2,1,0,0,0
13775,opted_in,newsletter,0,0,0,0,0,0
13776,opted_in,signup_form,0,0,2,0,0,0
13777,opted_in,event,7,0,1,0,0,0
13778,opted_in,signup_form,12,3,4,0,0,0
13779,opted_in,event,9,0,0,0,0,0
13780,opted_in,import,5,1,5,0,0,1
13781,opted_in,event,9,1,2,1,0,0
13782,unknown,unknown,7,1,0,0,0,0
13783,unknown,unknown,5,1,0,0,0,0
13784,opted_in,gated_content,11,3,3,1,1,0
13785,opted_in,event,12,0,8,1,0,1
13786,opted_in,newsletter,5,0,2,0,0,0
13787,opted_in,newsletter,4,1,3,1,0,0
13788,unknown,unknown,4,0,0,0,0,0
13789,unknown,unknown,12,0,0,0,0,0
13790,opted_in,signup_form,7,1,2,1,0,0
13791,opted_out,event,3,1,0,1,0,0
13792,opted_out,gated_content,8,2,0,2,0,1
13793,unknown,unknown,8,0,0,0,0,0
13794,unknown,unknown,3,0,0,2,0,0
13795,opted_in,event,6,0,4,0,0,0
13796,opted_in,gated_content,13,3,5,0,0,0
13797,opted_in,import,5,0,0,0,0,0
13798,unknown,unknown,14,4,0,1,0,0
13799,opted_in,event,1,1,4,0,0,0
13800,opted_out,gated_content,1,1,0,1,0,0
13801,opted_in,gated_content,4,1,1,2,0,0
13802,opted_in,newsletter,6,0,2,1,0,0
13803,opted_in,gated_content,12,3,2,1,1,0
13804,opted_in,gated_content,11,2,1,0,0,0
13805,opted_in,event,1,1,1,0,0,0
13806,opted_in,event,12,1,4,2,0,0
13807,opted_in,gated_content,13,0,1,0,0,0
13808,unknown,unknown,8,1,0,1,0,0
13809,opted_in,event,14,1,4,1,0,0
13810,unknown,unknown,6,1,0,1,0,0
13811,opted_out,newsletter,10,0,0,0,0,0
13812,unknown,unknown,6,1,0,0,0,1
13813,opted_in,event,3,0,0,0,0,0
13814,opted_out,import,9,2,0,0,0,0
13815,opted_in,gated_content,13,3,5,3,1,0
13816,opted_out,event,8,0,0,0,0,0
13817,opted_in,signup_form,6,2,3,0,0,0
13818,opted_in,gated_content,13,1,4,0,1,1
13819,opted_in,event,8,1,2,1,0,0
13820,opted_in,import,2,2,1,1,0,0
13821,unknown,unknown,10,2,0,0,1,1
13822,opted_in,gated_content,9,1,4,1,0,0
13823,opted_out,newsletter,6,1,0,0,1,0
13824,opted_in,signup_form,16,3,9,0,1,0
13825,opted_in,signup_form,13,2,2,2,0,0
13826,unknown,unknown,14,3,0,1,1,1
13827,unknown,unknown,7,1,0,0,0,0
13828,opted_out,signup_form,12,1,0,2,0,0
13829,opted_in,event,4,2,0,0,0,0
13830,opted_in,gated_content,3,3,2,1,0,0
13831,opted_in,newsletter,14,2,4,3,0,0
13832,unknown,unknown,3,1,0,0,0,0
13833,opted_in,event,6,1,0,0,0,0
13834,opted_in,gated_content,6,3,3,0,0,0
13835,opted_in,signup_form,5,2,0,1,1,0
13836,opted_in,newsletter,3,0,3,1,0,0
13837,opted_in,import,13,0,2,1,0,0
13838,opted_in,event,11,0,0,0,0,0
13839,unknown,unknown,9,4,0,1,1,0
13840,opted_in,newsletter,14,2,5,1,0,0
13841,opted_in,gated_content,14,2,7,0,1,0
13842,unknown,unknown,6,0,0,1,1,0
13843,opted_in,event,7,1,3,1,0,0
13844,opted_in,gated_content,10,1,0,0,0,0
13845,opted_in,newsletter,4,0,0,1,0,0
13846,opted_in,newsletter,7,0,2,0,0,0
13847,unknown,unknown,18,2,0,1,0,0
13848,opted_in,event,6,1,5,1,0,0
13849,opted_in,signup_form,8,2,4,2,0,0
13850,opted_in,event,13,2,5,1,0,1
13851,unknown,unknown,8,0,0,0,0,1
13852,opted_in,newsletter,10,2,7,2,0,0
13853,unknown,unknown,18,1,0,1,1,1
13854,opted_in,signup_form,9,1,0,0,0,0
13855,opted_in,import,1,1,8,1,0,1
13856,opted_in,newsletter,12,1,2,0,0,0
13857,unknown,unknown,11,3,0,2,1,0
13858,opted_out,event,12,2,0,2,0,0
13859,opted_in,signup_form,6,1,3,1,0,0
13860,opted_in,newsletter,7,0,4,1,0,0
13861,opted_in,signup_form,8,1,0,1,0,0
13862,opted_in,gated_content,6,1,3,1,1,0
13863,opted_in,event,13,0,4,3,0,0
13864,opted_in,event,12,2,2,1,0,0
13865,opted_in,newsletter,8,3,6,0,0,0
13866,opted_in,signup_form,5,1,1,2,0,0
13867,opted_in,import,1,1,0,1,0,0
13868,unknown,unknown,10,1,0,0,0,0
13869,opted_in,signup_form,5,1,3,0,1,1
13870,opted_in,import,4,1,1,0,1,0
13871,opted_in,newsletter,5,1,0,1,0,0
13872,opted_in,import,11,2,3,1,0,0
13873,opted_in,signup_form,11,3,1,1,0,0
13874,unknown,unknown,2,0,0,1,0,0
13875,opted_in,signup_form,6,0,1,0,0,0
13876,opted_out,event,4,2,0,1,0,0
13877,opted_in,event,12,2,6,0,1,0
13878,opted_in,newsletter,8,2,4,1,1,0
13879,opted_in,event,7,1,1,0,0,0
13880,unknown,unknown,11,3,0,1,0,0
13881,unknown,unknown,9,1,0,1,0,1
13882,opted_in,import,6,0,0,0,0,1
13883,opted_in,newsletter,5,0,0,1,1,0
13884,opted_in,newsletter,13,1,5,0,0,0
13885,opted_in,import,0,0,0,0,0,0
13886,opted_in,gated_content,4,2,0,0,0,0
13887,unknown,unknown,6,1,0,1,0,0
13888,opted_in,newsletter,9,1,5,1,0,0
13889,opted_in,event,8,1,1,0,0,0
13890,unknown,unknown,0,0,0,0,0,0
13891,unknown,unknown,6,2,0,1,0,0
13892,unknown,unknown,11,0,0,1,0,0
13893,opted_in,import,11,1,1,1,0,1
13894,opted_in,gated_content,3,1,0,0,0,0
13895,unknown,unknown,8,2,0,1,1,0
13896,opted_out,import,7,2,0,1,0,0
13897,opted_out,signup_form,13,2,0,0,1,0
13898,unknown,unknown,8,0,0,2,0,0
13899,opted_in,gated_content,6,1,3,2,0,0
13900,opted_in,signup_form,13,1,5,2,1,0
13901,unknown,unknown,10,2,0,0,0,0
13902,opted_in,import,8,1,2,1,0,0
13903,opted_in,import,11,2,0,0,0,0
13904,opted_in,import,6,1,4,1,1,0
13905,opted_in,event,14,0,4,0,0,0
13906,opted_in,gated_content,5,2,3,1,0,0
13907,opted_out,newsletter,12,1,0,1,0,0
13908,opted_in,signup_form,7,0,4,0,0,0
13909,opted_in,event,12,2,3,2,0,1
13911,opted_in,newsletter,9,2,4,1,0,0
13912,unknown,unknown,2,2,0,0,0,0
13913,opted_in,signup_form,6,2,8,1,1,0
13914,opted_in,event,2,2,0,0,0,0
13915,opted_in,gated_content,7,0,3,0,0,0
13916,opted_in,gated_content,5,1,4,0,0,1
13917,opted_in,signup_form,6,1,0,1,1,0
13918,opted_in,event,15,0,8,1,1,0
13919,unknown,unknown,9,1,0,1,0,0
13920,opted_in,gated_content,11,3,5,1,0,0
13921,opted_in,signup_form,8,1,1,1,0,0
13922,opted_in,signup_form,12,2,2,0,0,0
13923,opted_in,signup_form,7,0,2,0,0,0
13924,opted_in,import,8,2,2,2,0,0
13925,opted_in,import,7,2,3,0,0,0
13926,unknown,unknown,16,1,0,0,0,0
13927,unknown,unknown,11,3,0,0,0,0
13928,opted_in,signup_form,6,1,4,2,0,0
13929,opted_in,import,14,2,3,1,1,0
13930,opted_in,gated_content,10,5,2,1,0,0
13931,opted_in,import,7,1,0,1,1,0
13932,opted_in,gated_content,7,1,2,1,1,0
13933,opted_in,import,9,1,4,1,0,0
13934,opted_out,gated_content,10,2,0,0,1,1
13935,opted_in,import,3,0,1,1,0,0
13936,opted_in,event,15,0,2,2,1,0
13937,opted_in,event,9,2,3,0,0,1
13938,opted_in,gated_content,8,0,0,0,0,0
13939,opted_in,newsletter,7,2,3,0,0,1
13940,opted_in,gated_content,0,0,1,1,0,0
13941,opted_in,newsletter,13,2,2,1,0,0
13942,opted_in,signup_form,15,4,6,1,1,0
13943,opted_in,newsletter,12,2,4,2,0,1
13944,opted_in,event,8,1,2,1,0,0
13945,opted_in,import,14,2,1,1,1,1
13946,opted_in,gated_content,8,2,4,2,0,0
13947,opted_in,signup_form,0,0,0,1,0,0
13948,opted_in,event,5,1,2,2,0,0
13949,opted_in,event,15,2,2,1,0,0
13950,opted_in,gated_content,15,3,4,2,0,0
13951,opted_in,newsletter,11,1,5,1,0,0
13952,opted_in,signup_form,7,1,2,2,0,0
13953,opted_in,signup_form,10,2,5,0,0,0
13954,opted_in,event,0,0,1,2,0,0
13955,opted_in,import,13,4,1,0,1,0
13956,opted_in,import,9,2,3,0,0,0
13957,opted_in,gated_content,9,2,1,0,0,0
13958,unknown,unknown,12,1,0,1,0,0
13959,opted_in,import,1,0,6,0,0,0
13960,unknown,unknown,2,2,0,1,0,0
13961,opted_in,signup_form,4,0,0,1,0,0
13962,opted_in,newsletter,7,1,5,2,0,0
13963,opted_in,gated_content,10,2,3,1,0,0
13964,opted_in,signup_form,6,1,1,0,0,0
13965,unknown,unknown,1,1,0,1,0,0
13966,opted_in,signup_form,12,2,3,0,0,0
13967,opted_in,event,9,2,1,0,0,0
13968,opted_in,newsletter,11,1,2,1,1,0
13969,opted_in,gated_content,7,0,1,1,0,0
13970,unknown,unknown,2,1,0,2,0,0
13971,opted_out,signup_form,11,0,0,1,0,0
13972,unknown,unknown,6,3,0,3,0,0
13973,unknown,unknown,4,1,0,0,0,0
13974,opted_in,import,9,3,2,2,0,0
13975,opted_in,event,11,2,0,0,0,0
13976,unknown,unknown,9,1,0,0,0,0
13977,opted_out,signup_form,9,4,0,0,0,0
13978,opted_in,newsletter,9,2,5,0,0,0
13979,unknown,unknown,3,1,0,1,0,0
13980,opted_in,newsletter,13,3,3,1,0,0
13981,opted_in,gated_content,9,2,7,1,0,0
13982,opted_in,event,12,2,6,2,1,1
13983,opted_out,newsletter,14,0,0,0,0,0
13984,opted_in,gated_content,6,2,5,0,0,0
13985,opted_in,signup_form,9,1,2,0,0,0
13986,unknown,unknown,2,1,0,1,0,0
13987,unknown,unknown,6,0,0,0,0,1
13988,opted_in,gated_content,4,0,0,0,0,0
13989,unknown,unknown,8,0,0,0,0,0
13990,opted_out,import,6,2,0,0,0,0
13991,opted_in,signup_form,0,0,0,0,0,0
13992,opted_in,import,14,3,5,2,0,0
13993,opted_in,newsletter,1,1,3,0,0,0
13994,opted_in,signup_form,8,0,0,0,0,1
13995,opted_in,signup_form,4,3,6,1,0,0
13996,opted_in,signup_form,9,1,2,2,0,0
13997,unknown,unknown,9,2,0,0,0,0
13998,opted_in,event,13,1,3,1,0,0
13999,unknown,unknown,12,1,0,1,0,1
14000,opted_out,gated_content,3,2,0,0,0,0
14001,opted_in,import,7,1,7,0,0,0
14002,opted_in,signup_form,9,2,2,1,0,1
14003,opted_in,gated_content,7,1,2,2,0,0
14004,opted_in,gated_content,13,1,3,0,0,0
14005,opted_in,newsletter,15,2,2,1,0,1
14006,opted_in,event,11,0,5,0,0,0
14007,unknown,unknown,11,1,0,1,0,0
14008,opted_in,newsletter,6,2,0,0,0,0
14009,opted_in,gated_content,0,0,0,1,0,0
14010,opted_in,signup_form,0,0,2,1,0,0
14011,opted_out,gated_content,8,3,0,1,0,0
14012,opted_out,signup_form,9,0,0,1,0,0
14013,opted_in,event,5,1,7,0,0,0
14014,opted_out,gated_content,9,3,0,0,0,0
14015,opted_in,gated_content,4,1,4,0,0,1
14016,opted_in,event,0,0,1,0,0,0
14017,opted_in,signup_form,15,1,3,1,0,0
14018,opted_in,event,14,1,5,1,1,0
14019,opted_in,import,4,3,0,0,0,0
14020,opted_in,import,7,0,6,0,0,0
14021,opted_in,gated_content,3,0,2,0,0,0
14022,opted_in,event,12,1,0,1,0,0
14023,opted_in,gated_content,9,0,0,0,0,0
14024,unknown,unknown,0,0,0,1,0,0
14025,opted_in,gated_content,5,1,0,0,0,0
14026,unknown,unknown,6,2,0,2,1,0
14027,opted_in,signup_form,11,2,6,1,0,0
14028,opted_in,import,12,3,0,1,0,0
14029,unknown,unknown,9,0,0,2,0,0
14030,opted_in,newsletter,11,3,4,1,0,0
14031,opted_in,newsletter,11,4,5,1,0,0
14032,opted_in,gated_content,13,2,11,1,0,0
14033,opted_in,signup_form,12,0,3,1,0,0
14034,opted_in,signup_form,18,1,1,1,0,0
14035,unknown,unknown,11,3,0,0,0,1
14036,opted_in,gated_content,16,4,7,1,1,0
14037,opted_in,signup_form,12,0,4,3,1,0
14038,opted_in,gated_content,0,0,2,0,0,0
14039,opted_in,event,8,3,0,1,1,0
14040,opted_in,newsletter,11,2,4,2,1,0
14041,unknown,unknown,3,2,0,1,0,0
14042,unknown,unknown,7,0,0,1,0,0
14043,unknown,unknown,7,3,0,0,1,0
14044,opted_out,newsletter,15,4,0,1,0,0
14045,unknown,unknown,11,1,0,1,0,0
14046,opted_in,newsletter,6,0,4,0,0,0
14047,opted_out,event,0,0,0,0,0,0
14048,opted_in,event,13,2,5,1,1,0
14049,opted_in,event,9,1,2,0,0,0
14050,unknown,unknown,11,1,0,1,1,0
14051,opted_in,newsletter,9,1,3,0,0,0
14052,opted_in,import,12,1,5,1,0,1
14053,opted_in,newsletter,8,0,0,0,0,0
14054,opted_in,signup_form,1,1,1,0,0,0
14055,opted_in,newsletter,5,1,2,0,0,0
14056,opted_in,import,13,1,0,1,0,0
14057,unknown,unknown,10,4,0,1,0,0
14058,opted_in,newsletter,8,0,1,1,0,1
14059,opted_out,newsletter,6,2,0,1,0,0
14060,opted_in,newsletter,15,2,6,2,0,0
14061,opted_in,signup_form,15,5,5,1,0,0
14062,opted_in,signup_form,10,1,5,1,1,0
14063,opted_in,newsletter,3,1,6,0,0,0
14064,opted_in,newsletter,3,0,3,0,0,0
14065,unknown,unknown,5,1,0,3,1,0
14066,opted_in,signup_form,5,0,0,0,0,0
14067,unknown,unknown,7,2,0,2,0,0
14068,unknown,unknown,16,2,0,1,0,0
14069,unknown,unknown,11,2,0,0,0,0
14070,opted_in,gated_content,15,1,3,1,1,0
14071,opted_in,import,2,0,0,2,0,0
14072,opted_in,import,8,2,2,0,0,0
14073,opted_in,gated_content,5,0,3,1,0,0
14074,opted_in,event,9,0,4,0,0,0
14075,opted_in,import,9,2,0,1,0,1
14076,opted_in,signup_form,3,1,1,1,0,0
14077,opted_in,signup_form,10,1,1,0,0,0
14078,unknown,unknown,6,1,0,0,1,0
14079,opted_in,event,10,1,2,0,0,0
14080,opted_in,import,7,3,2,1,0,1
14081,unknown,unknown,9,0,0,0,0,0
14082,opted_in,event,8,1,3,0,0,0
14083,opted_in,newsletter,2,0,2,1,0,0
14084,opted_in,signup_form,12,1,2,1,1,1
14085,opted_in,gated_content,9,1,4,1,1,1
14086,opted_in,gated_content,10,2,1,2,0,0
14087,unknown,unknown,10,1,0,2,0,0
14088,opted_in,import,5,0,2,2,0,0
14089,opted_in,newsletter,12,1,4,2,0,1
14090,opted_in,signup_form,10,1,1,1,0,0
14091,opted_in,import,9,2,0,1,0,0
14092,opted_in,event,5,4,6,1,1,0
14093,opted_in,newsletter,11,2,3,1,0,0
14094,opted_in,newsletter,1,1,4,0,0,1
14095,opted_in,newsletter,7,3,0,1,0,0
14096,opted_out,newsletter,10,1,0,2,0,0
14097,opted_in,signup_form,2,0,0,2,0,0
14098,opted_out,signup_form,0,0,0,0,0,0
14099,opted_in,newsletter,8,1,2,0,0,0
14100,opted_in,event,15,3,6,2,1,0
14101,unknown,unknown,15,1,0,0,0,0
14102,unknown,unknown,1,1,0,0,0,0
14104,opted_in,gated_content,2,1,3,0,0,0
14105,unknown,unknown,13,1,0,0,0,0
14106,opted_in,gated_content,11,0,2,0,0,0
14107,unknown,unknown,4,2,0,1,0,0
14108,unknown,unknown,14,2,0,0,0,0
14109,opted_in,gated_content,12,2,1,1,0,0
14110,opted_in,import,13,2,0,2,0,0
14111,opted_out,signup_form,11,3,0,1,0,1
14112,unknown,unknown,11,3,0,1,0,0
14113,opted_in,event,3,1,1,0,0,0
14114,opted_in,gated_content,14,0,0,1,0,0
14115,opted_in,newsletter,15,1,3,0,1,0
14116,opted_in,gated_content,7,4,0,1,0,0
14117,opted_in,event,13,2,3,0,0,1
14118,opted_in,import,8,1,6,0,0,1
14119,opted_in,signup_form,15,2,5,1,0,0
14121,unknown,unknown,15,2,0,1,1,1
14122,opted_in,gated_content,3,1,1,0,0,0
14123,opted_in,gated_content,13,3,5,1,0,0
14124,opted_in,event,13,3,3,3,1,0
14125,opted_in,gated_content,10,0,2,0,1,1
14126,opted_in,import,15,5,3,1,1,0
14127,unknown,unknown,4,0,0,0,0,0
14128,opted_in,gated_content,10,1,3,1,1,0
14129,opted_in,event,12,1,2,0,1,0
14130,opted_in,signup_form,6,1,0,0,0,0
14131,opted_out,newsletter,3,2,0,0,0,0
14132,opted_in,event,12,0,1,0,0,0
14133,opted_in,event,8,0,7,1,0,0
14134,opted_in,newsletter,8,2,4,1,1,0
14135,opted_out,event,1,0,0,0,0,0
14136,unknown,unknown,2,1,0,2,1,0
14137,opted_in,gated_content,7,2,0,2,0,0
14138,opted_in,newsletter,0,0,0,0,0,0
14139,opted_in,import,4,0,3,1,0,0
14140,opted_in,signup_form,6,1,5,0,0,1
14141,unknown,unknown,3,2,0,1,0,0
14142,opted_in,gated_content,9,3,5,2,0,0
14143,opted_in,event,9,2,4,0,1,0
14144,opted_in,newsletter,15,1,6,2,1,0
14145,opted_in,import,10,2,5,2,0,1
14146,opted_in,newsletter,9,1,4,1,1,1
14147,opted_out,gated_content,6,3,0,0,1,0
14148,opted_in,signup_form,5,2,0,0,0,0
14149,opted_out,signup_form,8,1,0,0,0,0
14150,opted_in,newsletter,13,2,8,1,0,0
14151,opted_in,newsletter,9,1,1,0,0,0
14152,opted_in,newsletter,4,1,0,2,0,1
14153,unknown,unknown,8,1,0,0,0,0
14154,opted_in,import,6,0,0,1,0,0
14155,opted_in,gated_content,17,3,0,2,0,0
14156,opted_in,event,7,1,2,0,0,1
14157,opted_out,newsletter,10,1,0,1,0,0
14158,opted_out,gated_content,8,0,0,0,0,0
14159,unknown,unknown,9,0,0,0,0,0
14160,unknown,unknown,7,1,0,0,1,0
14161,unknown,unknown,11,4,0,1,0,0
14162,opted_out,newsletter,7,1,0,1,0,0
14163,opted_in,signup_form,8,0,1,1,0,0
14164,opted_in,import,12,3,3,1,0,0
14165,opted_out,signup_form,1,0,0,1,0,0
14166,opted_out,newsletter,6,2,0,1,0,0
14167,opted_in,newsletter,7,2,2,0,0,0
14168,opted_in,signup_form,8,2,3,1,0,1
14169,unknown,unknown,9,1,0,0,0,0
14170,opted_in,signup_form,16,2,4,1,0,1
14171,unknown,unknown,15,3,0,1,0,0
14172,opted_out,import,3,0,0,2,0,1
14173,opted_in,signup_form,7,0,7,1,0,1
14174,opted_in,newsletter,9,1,1,0,1,0
14175,opted_in,event,1,1,2,0,0,1
14176,unknown,unknown,7,0,0,1,0,0
14177,unknown,unknown,12,3,0,2,1,0
14178,opted_in,gated_content,9,2,0,0,0,0
14179,opted_in,import,9,1,1,0,0,0
14180,opted_in,signup_form,7,0,0,0,0,0
14181,opted_in,gated_content,9,0,2,0,0,0
14182,opted_in,gated_content,4,0,0,0,0,0
14183,opted_in,signup_form,10,3,4,1,0,0
14184,opted_in,newsletter,15,2,4,0,1,0
14185,opted_in,signup_form,0,0,2,0,0,0
14186,unknown,unknown,6,2,0,3,0,0
14187,opted_in,signup_form,6,1,2,0,0,0
14188,opted_in,newsletter,9,1,1,1,1,1
14189,unknown,unknown,5,2,0,0,1,0
14190,unknown,unknown,3,1,0,0,0,0
14191,opted_in,signup_form,6,2,1,0,0,0
14192,opted_in,import,12,1,8,1,1,0
14193,opted_in,newsletter,11,0,0,1,0,0
14194,opted_out,import,11,1,0,0,0,0
14195,unknown,unknown,12,3,0,1,1,0
14196,opted_in,gated_content,13,3,1,1,0,0
14197,opted_in,gated_content,5,1,1,0,1,0
14198,opted_in,newsletter,6,2,6,1,0,0
14199,opted_in,event,7,1,2,0,0,0
14200,opted_out,import,9,0,0,0,0,0
14201,opted_in,event,11,2,1,1,0,0
14202,opted_in,event,9,0,4,2,1,0
14203,opted_in,import,12,3,5,1,1,0
14204,opted_in,signup_form,8,0,3,0,0,0
14205,opted_in,event,3,2,0,0,0,0
14206,unknown,unknown,8,1,0,0,0,0
14207,opted_in,gated_content,6,1,5,1,0,0
14208,opted_in,import,2,0,0,1,0,0
14209,unknown,unknown,6,2,0,0,0,0
14210,opted_in,newsletter,4,1,1,0,0,0
14211,opted_in,import,5,1,5,0,0,0
14212,opted_in,event,13,0,2,0,0,0
14213,opted_out,import,8,0,0,0,0,0
14214,unknown,unknown,13,2,0,1,0,1
14215,opted_in,gated_content,13,1,0,0,1,1
14216,opted_out,event,5,2,0,0,0,0
14217,opted_in,gated_content,3,0,3,0,0,0
14218,opted_in,signup_form,6,1,1,1,0,0
14219,opted_in,gated_content,14,3,6,1,1,0
14220,opted_in,import,12,2,3,1,0,0
14221,opted_in,newsletter,8,1,2,1,1,0
14222,opted_in,gated_content,10,4,2,0,0,0
14223,opted_in,event,5,1,5,0,0,0
14224,unknown,unknown,2,1,0,0,0,0
14225,opted_in,import,6,0,3,0,0,0
14226,opted_in,event,6,1,3,2,0,1
14227,opted_in,signup_form,13,2,1,0,0,0
14228,opted_in,signup_form,7,0,3,1,0,0
14229,unknown,unknown,6,0,0,1,0,0
14230,opted_in,gated_content,12,2,3,1,1,0
14231,opted_in,event,12,3,5,1,0,1
14232,opted_in,import,7,3,6,1,0,0
14233,opted_in,import,10,1,4,1,0,0
14234,opted_in,event,9,2,5,0,0,0
14235,opted_in,import,11,3,3,1,1,1
14236,opted_out,import,1,1,0,1,0,0
14237,unknown,unknown,6,3,0,0,0,0
14238,opted_in,newsletter,1,1,2,0,0,0
14239,opted_in,event,10,1,0,1,1,1
14240,unknown,unknown,7,1,0,0,0,0
14241,opted_in,signup_form,9,2,3,0,0,0
14242,opted_in,gated_content,4,1,2,2,0,0
14243,opted_in,newsletter,1,0,0,0,0,0
14244,opted_in,newsletter,11,3,7,1,0,0
14245,opted_in,import,7,0,0,1,0,0
14246,opted_in,signup_form,4,0,1,2,0,0
14247,opted_in,newsletter,9,0,0,0,0,0
14248,opted_in,event,7,1,0,0,0,0
14249,opted_in,newsletter,13,2,8,0,0,0
14250,opted_in,import,10,1,0,0,0,0
14251,opted_in,gated_content,10,2,4,1,1,1
14252,opted_out,newsletter,7,1,0,0,0,0
14253,opted_in,signup_form,13,4,8,1,1,0
14254,opted_in,event,7,0,4,0,0,0
14255,opted_in,event,2,1,0,0,0,0
14256,opted_in,signup_form,8,2,3,0,1,0
14257,opted_in,import,4,1,0,0,0,0
14258,opted_in,event,3,2,1,1,0,0
14259,opted_in,signup_form,6,2,4,1,1,0
14260,opted_in,signup_form,11,2,3,1,0,0
14261,opted_in,signup_form,6,2,4,0,0,0
14262,unknown,unknown,9,0,0,0,0,0
14263,opted_in,signup_form,6,1,1,0,0,0
14264,opted_in,gated_content,5,2,5,0,0,0
14265,unknown,unknown,6,0,0,1,0,0
14266,opted_in,signup_form,5,2,2,2,0,0
14267,unknown,unknown,10,3,0,1,0,0
14268,opted_out,import,2,1,0,1,0,0
14269,unknown,unknown,10,1,0,1,0,1
14270,unknown,unknown,12,2,0,0,0,0
14271,unknown,unknown,11,1,0,2,0,1
14272,opted_in,signup_form,11,2,4,1,0,1
14273,opted_in,newsletter,8,1,6,3,1,0
14274,opted_in,gated_content,9,2,5,1,0,0
14275,opted_in,import,8,0,4,1,1,0
14276,unknown,unknown,13,1,0,1,1,0
14277,opted_out,event,6,2,0,0,0,0
14278,opted_in,gated_content,7,0,2,1,0,0
14279,opted_in,signup_form,9,0,3,1,0,1
14280,opted_in,import,9,2,5,0,0,0
14281,unknown,unknown,12,2,0,1,0,0
14282,opted_in,import,5,1,4,0,0,0
14283,opted_in,signup_form,8,1,3,0,0,0
14284,opted_out,signup_form,9,0,0,1,0,0
14285,unknown,unknown,6,0,0,1,0,0
14286,opted_in,import,8,2,3,0,0,0
14287,unknown,unknown,5,1,0,1,0,0
14288,opted_out,event,2,2,0,1,0,0
14289,unknown,unknown,7,3,0,1,0,0
14290,opted_in,import,0,0,2,2,0,0
14291,opted_in,gated_content,2,0,0,1,0,0
14292,opted_in,event,7,0,1,0,1,0
14293,opted_in,signup_form,8,1,2,0,0,0
14294,opted_in,signup_form,8,0,0,1,1,0
14295,unknown,unknown,9,2,0,1,0,0
14296,opted_in,import,7,1,1,0,0,0
14297,opted_in,gated_content,3,0,0,0,0,0
14298,opted_in,event,0,0,0,0,0,0
14299,opted_in,gated_content,13,1,4,0,0,1
14300,opted_in,newsletter,8,2,2,1,0,0
14301,unknown,unknown,13,1,0,1,0,0
14302,opted_in,newsletter,2,0,2,0,0,0
14303,opted_in,gated_content,7,1,0,2,1,0
14304,opted_in,import,8,2,4,1,1,0
14305,opted_in,import,9,4,6,1,0,1
14306,unknown,unknown,6,2,0,2,0,0
14307,opted_in,newsletter,16,1,2,1,1,0
14308,unknown,unknown,4,0,0,1,0,0
14309,unknown,unknown,3,0,0,1,0,0
14310,opted_in,signup_form,12,2,8,1,1,0
14311,opted_in,gated_content,15,3,5,1,1,0
14312,opted_out,gated_content,2,2,0,0,0,0
14314,unknown,unknown,7,1,0,2,1,0
14315,opted_in,newsletter,4,1,2,0,0,0
14316,opted_in,signup_form,8,1,4,2,1,0
14317,opted_in,import,10,3,3,2,0,0
14318,opted_in,signup_form,4,1,0,0,0,0
14319,opted_in,signup_form,12,2,5,1,1,0
14320,opted_out,import,3,0,0,1,1,0
14321,opted_in,import,10,2,0,1,0,0
14322,opted_in,gated_content,9,1,2,2,0,1
14323,unknown,unknown,12,1,0,1,0,1
14324,opted_in,event,5,2,5,0,1,1
14325,opted_in,newsletter,8,3,4,2,0,0
14326,unknown,unknown,16,2,0,2,0,0
14327,opted_in,import,19,3,4,2,1,0
14328,opted_out,newsletter,12,2,0,0,0,0
14329,opted_in,import,9,2,2,2,0,0
14330,opted_in,gated_content,7,1,2,1,1,1
14331,opted_in,newsletter,13,2,4,2,1,0
14332,unknown,unknown,16,0,0,0,0,0
14333,opted_in,newsletter,0,0,0,0,0,0
14334,opted_out,newsletter,4,1,0,0,0,0
14335,opted_in,gated_content,17,2,5,3,1,0
14336,opted_in,signup_form,7,1,0,1,1,0
14338,opted_in,import,6,1,0,3,0,0
14339,opted_in,import,12,3,6,2,1,1
14340,opted_in,import,5,1,2,1,0,0
14341,unknown,unknown,5,2,0,0,0,0
14342,opted_in,event,2,1,0,0,0,0
14343,opted_out,gated_content,14,1,0,0,0,0
14344,opted_out,event,9,2,0,0,0,0
14345,opted_in,newsletter,11,3,2,0,0,0
14346,opted_in,event,6,3,3,1,0,1
14347,opted_out,newsletter,9,2,0,0,0,1
14348,opted_in,import,14,2,4,0,0,0
14349,opted_out,gated_content,16,2,0,3,1,1
14350,opted_in,gated_content,6,0,0,1,0,0
14351,opted_in,event,15,3,1,1,0,0
14352,opted_in,signup_form,12,2,3,0,1,0
14353,opted_in,signup_form,18,4,0,0,1,0
14354,opted_in,gated_content,5,1,3,2,0,0
14355,opted_in,gated_content,7,2,5,1,0,0
14356,opted_in,signup_form,7,2,5,1,0,0
14357,unknown,unknown,7,0,0,1,0,0
14358,unknown,unknown,6,0,0,2,0,0
14359,opted_in,event,8,0,1,1,0,0
14360,unknown,unknown,8,1,0,0,0,0
14361,unknown,unknown,10,3,0,0,1,1
14362,opted_out,event,5,2,0,1,0,0
14363,opted_out,signup_form,2,1,0,0,0,0
14364,opted_in,signup_form,7,1,1,2,0,0
14365,opted_out,newsletter,7,2,0,0,1,0
14366,opted_in,gated_content,1,1,0,1,0,0
14367,unknown,unknown,9,1,0,1,1,0
14368,opted_in,event,11,0,1,1,0,0
14369,unknown,unknown,3,1,0,1,0,0
14370,opted_in,newsletter,10,0,0,0,1,0
14371,opted_in,import,17,3,4,2,1,0
14372,opted_in,newsletter,4,1,2,1,1,0
14373,opted_in,signup_form,13,1,7,1,0,0
14374,opted_in,signup_form,4,1,3,0,0,0
14375,opted_in,newsletter,10,2,5,1,0,1
14376,opted_in,gated_content,9,0,2,1,0,0
14377,opted_in,event,6,2,2,0,0,0
14378,unknown,unknown,7,1,0,1,0,0
14379,opted_in,gated_content,11,1,5,0,1,0
14380,opted_in,signup_form,11,2,0,2,0,0
14381,opted_in,signup_form,13,2,3,0,1,0
14382,opted_in,import,4,0,3,0,0,0
14383,opted_out,newsletter,6,0,0,2,0,0
14384,opted_in,gated_content,8,0,4,1,0,0
14385,opted_out,signup_form,4,0,0,2,0,0
14386,opted_in,gated_content,13,2,2,2,1,1
14387,opted_in,signup_form,14,1,4,0,0,0
14388,unknown,unknown,15,2,0,1,0,1
14389,opted_in,signup_form,7,0,0,1,0,0
14390,opted_out,gated_content,11,2,0,1,0,0
14391,opted_in,import,7,0,3,2,1,0
14392,opted_in,import,4,1,3,1,0,0
14393,opted_in,signup_form,5,1,4,1,1,0
14394,opted_in,signup_form,10,1,5,0,0,0
14395,opted_in,signup_form,9,2,5,0,1,0
14396,opted_in,event,10,3,7,1,0,0
14397,opted_in,signup_form,9,0,5,2,0,1
14398,opted_in,newsletter,8,2,6,0,0,0
14399,unknown,unknown,9,4,0,0,0,0
14400,opted_in,signup_form,6,0,0,1,0,0
14401,opted_in,gated_content,7,0,2,1,0,0
14402,opted_in,gated_content,10,1,4,1,1,0
14403,opted_in,signup_form,0,0,7,0,0,0
14404,opted_in,gated_content,8,1,0,1,0,0
14405,opted_in,signup_form,10,2,7,1,1,0
14406,opted_in,signup_form,3,1,2,0,0,0
14407,opted_in,signup_form,8,0,5,1,1,0
14408,opted_in,signup_form,7,3,4,0,1,1
14409,opted_in,newsletter,14,1,2,0,0,0
14410,unknown,unknown,15,2,0,1,1,0
14411,opted_out,signup_form,5,2,0,1,1,0
14412,opted_in,signup_form,11,1,5,1,0,0
14413,unknown,unknown,14,2,0,2,1,1
14414,opted_in,import,10,1,6,2,0,0
14415,opted_in,event,6,1,7,0,0,0
14416,opted_in,signup_form,8,2,3,1,0,0
14417,opted_in,signup_form,9,4,4,1,1,1
14418,opted_in,signup_form,12,3,5,1,1,1
14419,opted_out,gated_content,11,0,0,1,0,1
14420,opted_in,gated_content,9,3,5,1,0,1
14421,opted_in,gated_content,2,1,0,1,0,0
14422,unknown,unknown,2,0,0,0,0,1
14423,opted_in,event,9,1,3,0,0,0
14424,opted_in,newsletter,7,1,0,1,0,0
14425,opted_in,newsletter,10,2,4,2,1,0
14426,opted_in,gated_content,6,3,4,0,1,1
14427,opted_in,gated_content,11,1,0,2,1,0
14428,opted_in,event,15,3,3,1,1,0
14429,opted_in,newsletter,2,1,0,0,0,0
14430,opted_in,gated_content,6,1,5,0,1,0
14431,opted_in,import,8,4,5,0,0,0
14432,opted_out,newsletter,4,2,0,0,0,0
14433,opted_in,event,6,2,1,1,0,0
14434,opted_in,event,6,2,0,0,0,0
14435,opted_in,gated_content,13,1,4,2,0,0
14436,unknown,unknown,2,1,0,2,0,0
14437,unknown,unknown,9,2,0,1,1,0
14438,opted_in,event,15,2,6,3,1,1
14439,opted_in,import,13,1,7,1,1,0
14440,unknown,unknown,17,2,0,1,0,1
14441,unknown,unknown,12,2,0,1,0,0
14442,opted_in,newsletter,10,0,1,0,0,1
14443,opted_in,event,10,2,2,1,0,1
14444,opted_in,gated_content,0,0,0,1,0,0
14445,opted_in,import,13,0,0,1,0,0
14446,opted_in,newsletter,8,2,4,2,0,0
14447,unknown,unknown,5,2,0,1,0,0
14448,opted_in,newsletter,10,2,1,1,1,0
14449,opted_in,newsletter,15,1,7,0,0,0
14450,opted_in,gated_content,7,1,4,0,0,0
14451,unknown,unknown,7,1,0,1,0,0
14452,opted_in,import,7,0,6,0,0,1
14453,opted_in,signup_form,1,0,3,0,0,0
14454,opted_in,event,6,1,0,0,0,0
14455,unknown,unknown,2,2,0,0,0,0
14456,opted_in,signup_form,15,3,6,1,0,1
14457,opted_in,newsletter,10,2,4,0,1,0
14458,opted_in,import,4,1,8,2,0,0
14459,opted_in,import,18,2,7,1,1,0
14460,opted_in,import,12,0,4,0,0,0
14461,opted_in,gated_content,10,2,4,0,1,0
14462,opted_in,import,6,2,2,0,0,0
14463,unknown,unknown,5,0,0,0,0,1
14464,opted_in,import,7,0,4,1,0,0
14465,opted_in,signup_form,9,0,0,1,0,1
14466,opted_in,import,8,1,2,0,0,0
14467,opted_in,signup_form,0,0,0,0,0,0
14468,opted_in,newsletter,5,2,3,1,0,0
14469,opted_in,import,4,1,0,0,0,0
14470,opted_in,event,7,2,4,1,1,0
14471,opted_in,import,13,2,3,0,0,0
14472,opted_out,gated_content,5,1,0,1,0,0
14473,unknown,unknown,6,1,0,1,0,0
14474,opted_in,signup_form,10,2,6,1,1,1
14475,unknown,unknown,6,0,0,0,0,0
14476,unknown,unknown,4,3,0,1,0,0
14477,opted_in,event,11,3,5,2,1,0
14478,opted_out,event,2,2,0,0,0,0
14479,opted_in,event,7,1,1,0,0,1
14480,opted_in,signup_form,10,2,7,1,1,0
14481,opted_in,import,11,2,2,2,0,0
14482,opted_in,signup_form,6,2,4,1,1,0
14483,opted_in,event,7,1,6,1,0,1
14484,opted_in,newsletter,9,0,0,0,0,0
14485,unknown,unknown,2,0,0,0,0,0
14486,opted_in,event,10,1,0,0,0,0
14487,opted_in,gated_content,11,3,1,1,0,0
14488,unknown,unknown,5,2,0,1,0,0
14489,opted_out,import,5,1,0,1,0,0
14490,opted_in,signup_form,7,0,0,0,1,0
14491,opted_in,signup_form,4,0,0,2,0,0
14492,unknown,unknown,5,0,0,0,0,0
14493,opted_in,signup_form,7,2,2,1,0,0
14494,opted_in,gated_content,9,2,7,2,0,0
14495,unknown,unknown,10,2,0,1,1,0
14496,opted_out,gated_content,2,1,0,1,0,0
14497,opted_in,signup_form,13,3,4,0,0,0
14498,opted_in,import,7,2,0,2,0,0
14499,opted_in,event,8,0,5,1,1,1
14500,unknown,unknown,6,1,0,1,0,0
14501,unknown,unknown,9,4,0,0,1,0
14502,opted_in,gated_content,7,2,4,3,1,1
14503,opted_in,gated_content,8,1,3,0,0,0
14504,opted_in,signup_form,9,1,6,1,0,1
14505,unknown,unknown,4,1,0,0,0,0
14506,opted_out,newsletter,5,2,0,0,0,0
14507,opted_in,gated_content,9,1,2,1,0,1
14508,opted_in,gated_content,11,2,4,0,0,0
14509,opted_in,event,3,1,0,0,1,0
14510,unknown,unknown,11,1,0,2,0,0
14511,opted_in,signup_form,15,2,4,1,1,0
14512,opted_in,signup_form,10,3,5,0,1,0
14513,opted_in,event,0,0,4,1,0,1
14514,opted_in,newsletter,12,2,2,1,0,0
14515,opted_in,import,6,0,3,1,0,0
14516,opted_in,signup_form,8,0,0,1,0,0
14517,opted_in,signup_form,4,3,2,2,1,0
14518,opted_in,newsletter,7,2,4,1,0,0
14519,unknown,unknown,19,1,0,0,0,0
14520,unknown,unknown,2,1,0,0,0,0
14521,opted_in,gated_content,5,4,4,2,0,0
14522,opted_in,event,8,1,3,0,0,0
14523,opted_in,gated_content,3,0,0,0,0,0
14524,opted_in,import,9,2,2,1,1,0
14525,opted_in,gated_content,14,1,5,1,1,0
14526,opted_in,event,9,0,3,0,1,0
14527,unknown,unknown,12,2,0,0,1,0
14528,opted_in,import,5,0,0,1,1,0
14529,opted_in,gated_content,5,2,2,1,0,0
14530,opted_in,gated_content,7,2,2,0,0,0
14531,opted_in,newsletter,7,1,4,0,0,0
14532,opted_in,import,6,1,5,1,0,0
14533,opted_in,gated_content,5,1,4,1,0,1
14534,opted_in,event,6,1,0,1,0,0
14535,opted_in,event,5,3,4,1,0,0
14536,opted_in,signup_form,4,0,5,1,0,0
14537,opted_out,signup_form,0,0,0,0,0,0
14538,opted_in,event,12,1,3,2,0,0
14539,opted_in,newsletter,4,0,6,1,1,0
14540,opted_in,import,13,3,2,0,1,1
14541,opted_in,import,3,1,1,0,0,0
14542,opted_out,import,5,2,0,0,0,0
14543,unknown,unknown,10,0,0,0,0,0
14544,opted_out,newsletter,3,1,0,0,0,0
14545,opted_in,event,7,0,5,1,0,1
14546,opted_in,event,13,1,2,1,0,0
14547,opted_in,newsletter,11,0,6,1,0,0
14548,opted_in,import,9,3,2,2,0,1
14549,unknown,unknown,3,3,0,2,0,0
14550,opted_in,newsletter,9,3,3,2,1,0
14551,opted_in,import,10,3,6,0,0,0
14552,opted_in,import,7,3,5,0,0,1
14553,unknown,unknown,12,2,0,0,0,0
14554,opted_in,newsletter,7,0,0,0,0,0
14555,opted_in,newsletter,10,2,5,1,1,0
14556,unknown,unknown,8,2,0,0,0,0
14557,opted_in,event,17,5,5,2,1,1
14558,opted_in,event,12,3,4,0,0,1
14559,opted_in,newsletter,5,0,1,1,0,0
14560,opted_in,import,8,3,5,1,0,0
14561,unknown,unknown,10,1,0,1,0,0
14562,opted_in,import,13,4,2,0,0,0
14563,opted_in,event,11,3,6,3,0,0
14564,opted_in,signup_form,5,0,3,1,0,0
14565,opted_in,import,8,2,3,1,0,1
14566,opted_in,newsletter,6,1,1,0,0,0
14567,unknown,unknown,13,3,0,0,1,0
14568,opted_in,import,10,0,4,2,0,0
14569,unknown,unknown,5,3,0,0,0,0
14570,unknown,unknown,13,2,0,1,1,0
14571,opted_in,signup_form,4,0,1,1,0,0
14572,unknown,unknown,8,2,0,1,0,0
14573,opted_in,import,1,0,4,1,0,0
14574,opted_in,import,8,0,3,1,0,0
14575,opted_in,import,10,1,6,1,0,0
14576,unknown,unknown,10,3,0,1,0,0
14577,opted_in,signup_form,14,1,1,1,1,0
14578,opted_in,newsletter,3,0,0,1,0,0
14579,opted_in,import,8,2,4,1,0,0
14580,opted_in,signup_form,4,1,0,0,0,0
14581,opted_in,event,11,2,3,1,0,0
14582,opted_in,import,6,1,2,1,0,0
14583,opted_in,event,8,2,4,2,0,0
14584,opted_in,newsletter,6,2,1,1,0,0
14585,unknown,unknown,10,0,0,0,1,0
14586,opted_in,import,5,2,5,2,0,0
14587,opted_in,event,14,2,6,1,0,0
14588,unknown,unknown,1,1,0,0,0,0
14589,opted_in,event,14,1,3,3,0,0
14590,opted_out,event,8,0,0,1,0,0
14591,opted_in,signup_form,2,1,4,0,0,0
14592,opted_in,event,19,3,3,2,1,1
14593,opted_in,signup_form,6,1,4,1,0,0
14594,opted_in,gated_content,11,3,2,0,0,0
14595,opted_in,gated_content,11,1,3,1,0,0
14596,unknown,unknown,7,2,0,1,0,0
14597,opted_in,newsletter,9,0,4,1,0,0
14598,opted_in,gated_content,2,1,7,0,1,0
14599,opted_in,import,14,2,6,3,1,0
14600,opted_in,gated_content,10,2,1,1,0,1
14601,opted_out,signup_form,11,0,0,1,1,0
14602,unknown,unknown,15,1,0,0,1,1
14603,opted_in,signup_form,7,0,4,0,0,0
14604,opted_out,newsletter,0,0,0,0,1,0
14605,opted_in,gated_content,8,1,5,1,1,0
14606,unknown,unknown,14,1,0,1,1,1
14607,opted_out,gated_content,6,0,0,0,0,0
14608,opted_in,import,10,1,7,0,0,0
14609,opted_in,newsletter,13,4,6,0,0,0
14610,opted_in,gated_content,3,2,3,0,0,0
14611,opted_in,event,12,0,0,1,0,0
14612,opted_in,newsletter,13,0,4,1,0,0
14613,unknown,unknown,8,1,0,0,0,0
14614,unknown,unknown,10,2,0,1,0,0
14615,opted_in,newsletter,11,2,3,1,0,1
14616,opted_out,newsletter,7,1,0,3,0,0
14617,opted_in,event,21,4,0,0,1,0
14618,opted_in,signup_form,4,1,2,0,0,0
14619,unknown,unknown,9,2,0,0,0,0
14620,unknown,unknown,5,1,0,0,0,0
14621,opted_in,newsletter,12,1,1,0,1,0
14622,opted_in,newsletter,7,3,2,1,1,0
14623,opted_in,gated_content,12,2,6,2,0,1
14624,opted_in,event,10,2,7,0,1,1
14625,opted_in,signup_form,6,1,2,2,1,0
14626,opted_in,newsletter,8,2,0,1,0,0
14627,opted_in,gated_content,7,1,4,1,0,0
14628,opted_in,event,14,1,6,1,0,0
14629,opted_in,newsletter,12,1,3,0,1,0
14630,opted_in,event,6,3,4,1,0,1
14631,unknown,unknown,3,2,0,1,0,0
14632,opted_in,event,10,2,3,1,0,0
14633,unknown,unknown,10,0,0,0,1,0
14634,opted_in,signup_form,7,1,0,0,1,0
14635,opted_in,import,3,0,0,1,0,0
14636,opted_out,event,9,1,0,0,0,0
14637,unknown,unknown,0,0,0,1,0,0
14638,opted_in,newsletter,9,3,1,0,0,0
14639,opted_in,signup_form,8,1,4,1,0,0
14640,opted_in,gated_content,8,1,0,0,0,0
14641,opted_in,gated_content,7,3,3,1,0,0
14642,opted_in,import,3,0,0,0,0,0
14643,opted_in,gated_content,9,2,3,0,0,0
14644,unknown,unknown,10,0,0,1,0,1
14645,opted_in,import,11,0,2,1,1,0
14646,opted_in,signup_form,7,1,0,0,0,0
14647,unknown,unknown,10,0,0,1,0,0
14648,opted_in,signup_form,15,0,1,0,0,0
14649,unknown,unknown,11,1,0,0,0,0
14650,opted_in,import,2,0,3,0,0,0
14651,opted_in,event,7,2,4,0,0,0
14652,opted_in,newsletter,8,3,5,1,0,1
14653,opted_in,event,4,2,2,0,0,0
14654,opted_out,event,3,2,0,0,0,1
14655,opted_in,import,9,1,2,0,1,0
14656,opted_in,gated_content,7,2,5,1,0,0
14657,opted_out,gated_content,8,0,0,0,0,0
14658,opted_in,signup_form,9,2,0,2,0,0
14659,opted_in,import,10,1,3,1,1,0
14660,opted_in,event,6,1,0,1,0,0
14661,unknown,unknown,7,0,0,0,0,0
14662,opted_in,newsletter,9,2,2,1,1,0
14663,opted_out,gated_content,5,2,0,0,0,0
14664,unknown,unknown,5,1,0,0,1,0
14665,opted_in,gated_content,8,4,2,0,0,0
14666,opted_in,gated_content,6,0,4,1,0,0
14667,opted_in,signup_form,6,2,6,0,0,0
14668,opted_in,newsletter,5,3,4,2,0,0
14669,opted_in,gated_content,2,1,4,0,1,1
14670,opted_in,signup_form,4,0,0,0,0,0
14671,opted_in,newsletter,11,1,3,0,0,1
14672,unknown,unknown,3,2,0,0,1,0
14673,opted_out,import,8,2,0,1,1,0
14674,unknown,unknown,12,1,0,1,0,1
14675,opted_in,signup_form,8,0,4,1,0,0
14676,opted_in,event,9,2,1,0,1,1
14677,opted_in,gated_content,9,1,4,1,0,0
14678,opted_in,signup_form,2,0,4,0,0,0
14679,opted_in,signup_form,9,0,5,1,0,0
14680,unknown,unknown,6,2,0,0,0,0
14681,opted_in,newsletter,9,3,2,1,0,0
14682,opted_in,newsletter,8,2,2,0,0,0
14683,opted_in,newsletter,8,0,4,0,0,1
14684,unknown,unknown,11,2,0,0,0,0
14685,opted_in,gated_content,0,0,0,1,0,0
14686,opted_in,event,8,1,2,0,0,0
14687,opted_in,event,14,2,3,0,0,0
14688,opted_in,signup_form,16,1,5,1,1,0
14689,opted_in,signup_form,1,0,2,0,0,0
14690,opted_in,newsletter,8,2,3,0,0,0
14691,opted_out,event,6,0,0,0,0,0
14692,opted_in,gated_content,10,0,2,1,0,0
14693,opted_out,event,2,2,0,1,0,0
14694,unknown,unknown,11,2,0,1,1,1
14695,unknown,unknown,13,0,0,1,0,0
14696,opted_in,gated_content,5,0,0,2,0,0
14697,opted_in,event,7,2,1,0,0,0
14698,opted_in,event,11,2,3,1,0,0
14699,opted_in,newsletter,11,0,0,0,0,0
14700,opted_in,import,4,0,4,1,1,0
14701,opted_in,signup_form,15,0,0,0,1,0
14702,opted_in,import,16,4,5,1,1,0
14703,opted_in,signup_form,10,0,4,0,1,0
14704,opted_out,signup_form,6,1,0,1,0,0
14705,opted_in,signup_form,7,0,3,0,0,0
14706,opted_in,import,7,2,1,1,0,0
14707,opted_out,newsletter,1,0,0,0,0,0
14708,opted_in,import,3,2,2,0,0,0
14709,opted_in,newsletter,7,0,5,0,0,0
14710,opted_in,import,2,2,1,1,0,0
14711,unknown,unknown,12,2,0,0,0,0
14712,unknown,unknown,5,1,0,2,0,0
14713,opted_in,import,9,1,5,0,1,0
14714,opted_in,newsletter,6,1,0,0,0,0
14715,opted_in,event,7,2,0,1,0,0
14716,opted_in,signup_form,11,2,5,1,0,0
14717,unknown,unknown,8,0,0,0,0,0
14718,opted_in,import,8,3,3,1,0,0
14719,unknown,unknown,7,2,0,0,0,0
14720,unknown,unknown,10,1,0,0,0,0
14721,unknown,unknown,7,2,0,2,0,1
14722,unknown,unknown,7,2,0,0,0,0
14723,opted_in,gated_content,2,2,2,0,0,0
14724,opted_in,gated_content,8,0,3,0,0,1
14725,opted_in,event,9,2,1,0,1,1
14726,opted_in,signup_form,3,3,2,0,0,1
14727,opted_in,newsletter,5,1,10,1,1,0
14728,opted_in,gated_content,14,2,7,1,1,0
14729,opted_in,signup_form,6,1,2,0,0,0
14730,opted_in,newsletter,4,2,0,1,0,0
14731,unknown,unknown,2,0,0,0,0,0
14732,opted_in,newsletter,12,1,0,1,0,0
14733,opted_in,event,5,1,0,1,0,0
14734,opted_in,gated_content,11,3,6,1,0,0
14735,opted_in,event,11,1,3,1,0,1
14736,opted_in,gated_content,10,2,1,1,0,0
14737,unknown,unknown,6,1,0,0,0,1
14738,opted_in,gated_content,10,2,4,1,0,0
14739,opted_in,newsletter,7,0,2,0,0,0
14740,opted_in,newsletter,7,0,5,0,0,0
14741,opted_in,newsletter,6,1,3,0,0,0
14742,opted_out,signup_form,8,1,0,0,0,0
14743,unknown,unknown,7,1,0,0,1,0
14744,opted_in,signup_form,8,2,5,1,0,0
14745,opted_in,event,10,4,5,2,0,1
14746,opted_in,gated_content,13,2,1,2,0,0
14747,opted_in,import,14,2,2,2,0,0
14748,opted_in,gated_content,4,0,2,0,1,0
14749,opted_in,gated_content,11,2,2,2,0,0
14750,opted_in,newsletter,14,3,4,2,0,0
14751,opted_in,import,9,1,4,1,0,0
14752,unknown,unknown,10,2,0,1,1,0
14753,opted_in,import,7,0,2,1,1,0
14754,opted_in,gated_content,9,0,7,1,1,0
14755,opted_in,import,3,1,4,1,0,0
14756,unknown,unknown,14,2,0,0,1,0
14757,opted_in,event,3,0,4,0,1,0
14758,opted_in,signup_form,3,0,0,0,0,0
14759,opted_in,signup_form,7,2,6,2,0,0
14760,opted_in,import,18,3,9,2,0,0
14761,unknown,unknown,4,0,0,0,0,0
14762,opted_in,gated_content,12,0,3,0,0,0
14764,unknown,unknown,7,4,0,1,1,0
14765,opted_in,import,15,2,3,1,1,0
14766,opted_in,gated_content,1,1,2,2,1,0
14767,opted_in,event,9,2,0,0,0,0
14768,opted_in,import,4,1,1,0,0,0
14769,unknown,unknown,9,2,0,0,1,0
14770,unknown,unknown,13,3,0,2,1,1
14771,opted_in,gated_content,12,4,5,3,1,0
14772,opted_in,signup_form,5,1,5,0,1,0
14773,unknown,unknown,13,1,0,2,0,0
14774,opted_in,gated_content,12,2,3,2,1,0
14775,opted_in,signup_form,10,2,3,1,1,0
14776,opted_in,import,6,0,2,1,0,0
14777,unknown,unknown,9,0,0,0,0,0
14778,opted_in,event,5,0,2,1,0,0
14779,opted_in,event,9,0,0,1,1,0
14780,opted_in,import,7,3,2,1,0,0
14782,opted_in,newsletter,12,2,1,1,0,0
14783,unknown,unknown,5,1,0,0,0,0
14784,opted_out,event,5,0,0,2,0,0
14785,opted_in,signup_form,12,1,3,1,0,0
14786,opted_in,newsletter,5,0,1,1,0,0
14787,opted_in,signup_form,12,1,2,1,1,0
14788,opted_in,signup_form,3,0,0,1,0,0
14789,unknown,unknown,6,2,0,2,0,0
14790,opted_in,import,9,4,1,0,0,0
14791,opted_in,gated_content,10,0,4,0,0,0
14792,opted_out,import,7,1,0,0,1,1
14793,opted_in,event,6,2,0,2,1,0
14794,opted_in,signup_form,5,1,6,0,0,0
14795,opted_in,import,11,1,3,0,1,0
14796,opted_in,import,6,2,2,1,0,0
14797,opted_in,newsletter,8,4,2,1,0,0
14798,opted_in,signup_form,1,0,3,1,0,0
14799,opted_out,newsletter,2,1,0,0,0,0
14800,opted_out,event,2,1,0,0,0,0
14801,opted_in,newsletter,16,4,3,2,0,0
14802,opted_in,newsletter,6,2,5,1,0,0
14803,opted_in,signup_form,3,0,0,0,0,0
14804,opted_in,signup_form,4,2,2,0,0,0
14805,opted_in,signup_form,10,0,0,3,0,0
14806,opted_in,import,10,0,4,1,0,0
14807,opted_in,import,9,1,3,2,0,0
14808,opted_in,event,4,1,2,1,0,0
14809,opted_in,event,16,1,5,2,1,0
14810,opted_in,import,11,2,2,2,1,0
14811,opted_in,import,2,0,1,0,0,0
14812,opted_in,import,3,1,0,0,0,0
14813,opted_in,import,4,2,0,0,0,1
14814,opted_in,import,5,0,3,0,0,0
14815,unknown,unknown,6,4,0,0,0,0
14816,unknown,unknown,9,1,0,1,0,0
14817,opted_out,signup_form,5,1,0,0,0,0
14818,opted_in,newsletter,5,1,2,1,0,0
14819,opted_in,event,0,0,0,0,0,0
14820,opted_in,signup_form,5,1,4,1,0,0
14821,unknown,unknown,12,3,0,1,0,0
14822,opted_in,newsletter,6,2,1,0,0,0
14823,opted_in,import,9,3,6,1,1,1
14824,opted_in,gated_content,10,3,2,1,0,0
14825,opted_out,signup_form,6,1,0,1,0,0
14826,opted_in,newsletter,6,2,6,1,0,0
14828,opted_in,import,5,2,2,2,0,0
14829,opted_out,event,9,0,0,1,0,0
14830,unknown,unknown,0,0,0,0,0,0
14831,opted_in,gated_content,4,0,1,1,0,0
14832,opted_in,newsletter,4,0,2,0,0,0
14833,opted_out,gated_content,13,3,0,1,1,0
14834,opted_in,newsletter,0,0,0,1,0,0
14835,opted_in,gated_content,9,1,3,1,0,0
14836,opted_in,event,5,0,6,1,0,0
14837,unknown,unknown,4,0,0,1,0,0
14838,unknown,unknown,13,3,0,0,1,0
14839,opted_in,newsletter,14,2,4,1,0,1
14840,opted_out,newsletter,12,2,0,1,0,0
14841,opted_in,gated_content,4,1,0,0,0,0
14842,unknown,unknown,2,1,0,0,0,0
14843,unknown,unknown,5,1,0,0,0,0
14844,opted_in,event,11,2,4,1,1,0
14845,opted_in,import,10,0,4,1,0,0
14846,opted_in,gated_content,6,3,3,2,0,1
14847,opted_in,import,10,3,3,2,0,0
14848,opted_in,event,16,3,9,0,1,0
14849,opted_in,signup_form,17,3,6,1,1,0
14850,opted_in,gated_content,9,2,4,0,1,0
14851,opted_in,newsletter,9,0,0,0,0,0
14852,unknown,unknown,12,3,0,1,0,0
14853,unknown,unknown,7,2,0,1,1,0
14854,opted_in,signup_form,2,2,0,0,0,0
14855,opted_in,import,7,3,6,1,0,0
14856,opted_in,signup_form,11,1,4,2,0,0
14857,opted_in,import,5,1,3,1,0,0
14858,unknown,unknown,7,1,0,1,0,0
14859,opted_in,newsletter,10,4,4,1,0,0
14860,opted_in,signup_form,7,3,3,2,0,0
14861,opted_in,newsletter,6,1,1,1,0,0
14862,unknown,unknown,9,0,0,1,0,0
14863,opted_in,gated_content,6,1,7,0,1,0
14865,opted_in,newsletter,3,1,0,0,0,0
14866,unknown,unknown,7,2,0,1,1,1
14867,unknown,unknown,14,2,0,1,0,0
14868,opted_in,signup_form,8,1,2,2,0,0
14869,unknown,unknown,8,2,0,1,1,0
14870,opted_out,gated_content,9,3,0,1,1,0
14871,opted_in,newsletter,4,1,4,0,0,0
14872,unknown,unknown,7,1,0,1,1,0
14873,opted_in,newsletter,7,2,2,1,0,0
14874,unknown,unknown,5,1,0,1,0,0
14875,opted_in,import,14,1,4,0,0,0
14876,opted_in,import,5,1,2,1,0,0
14877,opted_in,newsletter,11,0,2,0,0,0
14878,opted_out,import,7,2,0,1,0,0
14879,opted_in,event,6,3,4,1,0,0
14880,opted_in,event,7,1,0,0,1,0
14881,opted_in,gated_content,12,2,2,0,0,0
14882,unknown,unknown,12,2,0,2,1,0
14883,unknown,unknown,3,0,0,1,0,0
14884,unknown,unknown,9,3,0,1,0,0
14885,unknown,unknown,7,0,0,1,0,1
14886,opted_in,import,14,2,3,2,1,0
14887,opted_out,event,15,2,0,0,0,0
14888,opted_in,event,9,2,3,0,1,0
14889,opted_in,signup_form,13,3,2,1,0,0
14890,opted_in,import,1,0,0,1,0,0
14891,opted_in,gated_content,4,1,3,0,0,0
14892,opted_in,event,2,1,2,0,0,0
14893,opted_in,import,12,3,4,0,0,0
14894,opted_out,gated_content,4,0,0,1,1,0
14895,opted_in,gated_content,6,1,2,1,0,0
14896,opted_in,signup_form,10,1,0,0,0,0
14897,opted_in,import,5,0,0,0,0,0
14898,opted_in,newsletter,8,0,1,1,0,0
14899,opted_in,event,13,2,5,1,0,0
14900,opted_in,newsletter,5,3,1,0,1,0
14901,unknown,unknown,9,0,0,2,1,0
14902,unknown,unknown,5,1,0,0,0,0
14903,opted_in,import,6,0,0,0,0,0
14904,opted_in,newsletter,6,0,0,1,0,0
14905,opted_out,event,8,1,0,0,1,0
14906,opted_in,signup_form,14,3,3,1,0,1
14907,opted_in,event,8,1,3,1,0,0
14908,opted_in,gated_content,6,1,2,0,0,0
14909,opted_in,event,0,0,2,2,0,0
14910,opted_in,signup_form,3,1,0,0,0,0
14911,opted_in,gated_content,12,2,7,1,1,0
14912,opted_in,gated_content,14,3,7,1,1,0
14913,opted_in,import,10,3,3,1,0,0
14915,opted_in,gated_content,19,2,4,2,0,0
14916,opted_in,gated_content,7,2,0,2,0,0
14917,unknown,unknown,0,0,0,0,0,0
14918,opted_out,gated_content,13,0,0,1,1,0
14919,opted_in,event,10,2,0,1,1,0
14920,opted_in,import,6,0,1,0,0,1
14921,opted_in,newsletter,8,1,0,0,0,1
14922,opted_in,newsletter,8,0,2,1,0,0
14923,opted_in,signup_form,13,4,6,2,1,1
14924,opted_in,newsletter,9,3,4,1,0,1
14926,opted_in,event,5,1,2,0,0,0
14927,opted_in,import,12,2,8,0,0,0
14928,opted_in,newsletter,4,2,6,1,0,1
14929,opted_in,import,12,3,4,1,1,0
14930,opted_in,import,8,2,2,0,0,0
14931,opted_in,gated_content,11,3,5,1,1,0
14932,opted_in,gated_content,2,0,4,0,0,0
14933,opted_in,gated_content,13,4,1,0,1,0
14934,opted_out,signup_form,3,0,0,1,0,0
14935,opted_in,newsletter,10,2,2,1,1,0
14936,opted_in,event,0,0,2,0,1,0
14937,unknown,unknown,5,2,0,0,0,0
14938,opted_in,signup_form,10,2,7,2,1,0
14940,opted_in,import,16,3,10,1,1,1
14941,unknown,unknown,0,0,0,0,0,0
14942,unknown,unknown,9,4,0,0,0,0
14943,opted_in,signup_form,3,1,0,0,0,0
14944,opted_in,newsletter,2,2,4,0,0,0
14945,opted_in,signup_form,6,3,3,1,0,0
14946,opted_out,newsletter,7,1,0,1,0,1
14947,opted_in,import,9,2,1,1,0,0
14948,unknown,unknown,4,1,0,2,0,0
14949,opted_in,newsletter,11,1,3,1,0,0
14950,opted_in,signup_form,5,2,3,3,0,0
14951,opted_in,event,9,2,5,1,1,1
14952,unknown,unknown,22,2,0,2,0,0
14953,opted_in,signup_form,2,2,0,1,0,0
14954,opted_in,gated_content,8,2,5,2,1,0
14955,opted_in,import,4,2,0,0,0,0
14956,opted_in,import,18,3,3,1,0,0
14957,unknown,unknown,12,1,0,0,1,1
14958,unknown,unknown,4,0,0,1,0,0
14959,opted_in,gated_content,5,1,1,1,1,0
14960,opted_in,import,8,3,6,1,1,0
14961,opted_in,gated_content,11,1,0,0,0,0
14962,opted_in,signup_form,12,3,4,0,1,0
14963,opted_in,newsletter,1,0,3,2,0,0
14964,opted_in,signup_form,8,0,1,0,1,0
14965,unknown,unknown,0,0,0,0,0,0
14966,unknown,unknown,10,4,0,2,0,0
14967,opted_in,import,13,2,4,0,0,0
14968,opted_in,newsletter,10,3,4,1,0,0
14969,opted_in,import,8,2,6,0,0,0
14970,opted_in,event,2,0,1,1,0,0
14971,opted_in,gated_content,9,0,0,1,0,0
14972,opted_out,event,7,2,0,0,0,0
14973,opted_in,event,9,2,3,1,1,0
14974,opted_in,gated_content,7,0,0,0,0,0
14975,opted_in,import,12,1,4,0,0,0
14976,opted_in,import,10,3,1,1,0,0
14977,opted_in,gated_content,8,2,1,0,0,1
14978,opted_in,import,7,1,6,2,1,0
14979,opted_in,gated_content,4,1,0,1,1,0
14980,opted_out,import,5,0,0,0,0,0
14981,opted_in,newsletter,2,0,1,0,0,0
14982,opted_in,import,16,2,2,0,0,0
14983,opted_in,event,4,1,6,0,0,0
14984,opted_in,signup_form,5,2,7,1,1,1
14985,opted_in,import,9,1,1,1,0,0
14986,opted_in,newsletter,0,0,0,1,0,0
14987,opted_in,import,8,1,2,2,1,1
14988,opted_out,event,12,2,0,0,0,0
14989,opted_in,import,11,0,1,1,0,0
14990,unknown,unknown,0,0,0,0,0,0
14991,opted_in,newsletter,1,1,3,1,0,0
14992,unknown,unknown,4,0,0,0,0,0
14993,unknown,unknown,1,0,0,0,0,0
14994,opted_out,newsletter,8,3,0,1,0,0
14995,opted_in,signup_form,8,2,0,0,0,0
14996,unknown,unknown,11,0,0,1,1,1
14997,opted_in,import,3,1,1,2,1,0
14998,opted_in,event,9,2,2,1,1,0
14999,unknown,unknown,10,0,0,1,0,0
15000,opted_in,newsletter,12,3,0,1,0,0
15001,unknown,unknown,2,0,0,1,0,0
15002,opted_in,import,3,0,5,1,0,0
15003,opted_in,event,4,0,0,0,0,0
15004,opted_in,import,10,3,3,1,0,1
15005,opted_out,event,10,5,0,1,1,0
15006,opted_in,import,4,2,3,0,0,1
15007,unknown,unknown,8,2,0,1,1,0
15008,opted_in,event,2,1,2,1,0,0
15009,opted_in,event,10,1,3,1,0,0
15010,unknown,unknown,7,0,0,0,0,0
15011,unknown,unknown,10,1,0,1,0,0
15012,opted_in,newsletter,10,2,3,1,1,0
15013,opted_in,signup_form,14,2,5,0,0,0
15014,opted_in,event,8,0,1,0,0,0
15015,opted_in,event,4,0,0,0,0,0
15016,opted_in,event,14,1,3,1,1,0
15017,opted_in,gated_content,8,0,0,0,1,0
15018,opted_in,signup_form,6,0,1,0,0,0
15019,opted_in,signup_form,6,2,2,0,0,0
15020,unknown,unknown,8,3,0,1,1,0
15021,opted_in,signup_form,9,2,1,1,0,0
15022,opted_in,event,9,1,3,0,1,0
15023,opted_in,gated_content,6,1,5,0,0,0
15024,opted_in,event,0,0,1,0,0,0
15025,opted_in,signup_form,4,2,3,1,0,0
15026,opted_in,event,3,1,1,1,0,0
15027,opted_in,gated_content,8,1,3,3,1,0
15028,opted_in,signup_form,13,2,3,0,1,1
15029,opted_in,signup_form,7,1,1,0,0,0
15030,opted_in,newsletter,9,0,3,0,0,0
15031,opted_out,newsletter,0,0,0,0,0,0
15032,opted_in,event,15,0,4,2,0,1
15033,unknown,unknown,0,0,0,0,0,0
15034,opted_in,newsletter,9,1,0,0,1,0
15035,opted_in,gated_content,5,1,0,1,0,0
15036,opted_out,signup_form,3,2,0,1,0,0
15037,unknown,unknown,7,3,0,1,1,0
15038,opted_in,newsletter,8,2,3,0,1,0
15039,opted_in,newsletter,10,2,1,0,0,0
15040,opted_in,event,6,1,1,0,0,0
15041,opted_in,newsletter,8,1,5,0,0,0
15042,opted_in,newsletter,6,2,0,1,0,1
15043,opted_out,newsletter,9,2,0,0,0,0
15044,opted_in,gated_content,11,3,3,0,0,0
15045,unknown,unknown,1,1,0,1,0,0
15046,opted_in,newsletter,10,1,3,2,0,0
15047,opted_in,newsletter,2,2,1,0,1,0
15048,unknown,unknown,19,2,0,0,0,0
15049,opted_in,import,4,1,3,0,0,0
15050,unknown,unknown,9,1,0,0,1,0
15051,opted_in,newsletter,2,2,2,0,0,0
15052,opted_in,gated_content,10,2,1,2,0,0
15053,unknown,unknown,7,2,0,1,0,0
15054,unknown,unknown,6,2,0,0,0,0
15055,opted_in,newsletter,9,0,3,2,0,0
15056,opted_out,gated_content,13,3,0,0,1,0
15057,unknown,unknown,7,0,0,0,0,0
15058,opted_in,event,8,2,6,2,1,1
15059,unknown,unknown,12,0,0,1,0,0
15060,opted_out,event,7,1,0,1,0,0
15061,opted_in,event,10,0,5,1,0,0
15062,unknown,unknown,7,0,0,0,1,0
15063,opted_in,newsletter,10,2,4,1,1,1
15064,opted_in,signup_form,4,1,5,2,1,0
15065,unknown,unknown,11,2,0,1,0,0
15066,opted_in,gated_content,7,1,1,1,0,1
15067,opted_in,import,10,1,5,0,0,0
15068,opted_in,import,9,3,1,1,0,0
15069,opted_in,newsletter,10,1,3,0,0,0
15070,unknown,unknown,7,1,0,1,0,0
15071,opted_in,gated_content,10,2,7,0,0,0
15072,unknown,unknown,9,1,0,0,0,1
15073,opted_in,import,12,2,4,1,0,0
15074,opted_in,import,11,2,0,0,0,0
15075,opted_out,newsletter,0,0,0,1,1,0
15076,opted_in,gated_content,9,2,2,0,0,0
15077,opted_in,event,7,1,2,1,0,0
15078,unknown,unknown,10,1,0,1,0,0
15079,opted_in,signup_form,6,0,0,0,0,0
15080,opted_in,newsletter,11,0,5,0,0,1
15081,opted_in,signup_form,5,2,4,0,0,0
15082,unknown,unknown,6,1,0,0,0,0
15083,unknown,unknown,10,5,0,2,0,0
15084,opted_out,gated_content,15,3,0,1,1,1
15085,opted_in,event,11,3,3,0,0,0
15086,opted_in,gated_content,10,2,6,1,1,0
15087,unknown,unknown,13,3,0,1,0,0
15088,opted_in,event,7,1,2,1,0,1
15089,opted_in,event,8,3,4,1,0,0
15090,opted_in,signup_form,8,2,7,1,0,0
15091,opted_in,import,13,4,8,1,0,0
15092,opted_in,event,8,2,2,0,0,0
15093,opted_out,signup_form,7,2,0,0,0,0
15094,opted_in,import,6,3,3,0,0,0
15095,opted_in,signup_form,11,0,1,1,0,0
15096,opted_in,event,10,1,6,0,1,0
15097,opted_in,import,6,2,2,0,0,0
15098,opted_in,signup_form,11,2,2,1,0,0
15099,opted_in,event,9,2,3,0,0,0
15100,unknown,unknown,2,2,0,0,0,0
15101,opted_in,import,12,1,2,1,0,0
15102,opted_in,gated_content,6,1,3,0,0,0
15103,opted_in,gated_content,10,0,5,2,0,0
15104,opted_in,event,10,0,1,1,0,0
15105,opted_in,import,14,1,4,1,1,0
15106,opted_in,signup_form,11,0,2,1,0,0
15107,opted_out,gated_content,6,0,0,0,0,0
15108,opted_in,event,10,2,4,0,1,0
15109,opted_out,gated_content,9,0,0,0,1,0
15110,opted_in,import,11,2,2,1,0,0
15111,opted_in,newsletter,11,3,6,1,0,0
15112,opted_out,event,4,0,0,1,0,0
15113,opted_in,event,3,1,0,0,1,0
15114,unknown,unknown,5,1,0,0,0,0
15115,opted_in,newsletter,11,3,6,3,1,0
15116,opted_in,event,7,0,3,1,0,0
15117,opted_in,signup_form,9,1,2,1,0,0
15118,unknown,unknown,10,0,0,1,0,1
15119,opted_in,event,16,3,6,0,0,0
15120,opted_in,import,6,1,2,1,0,1
15121,opted_in,newsletter,9,2,1,1,1,0
15122,opted_out,signup_form,5,0,0,1,0,0
15123,opted_out,gated_content,8,3,0,1,0,1
15124,opted_in,signup_form,5,2,0,0,0,0
15125,opted_in,event,3,0,2,0,0,0
15126,opted_in,event,8,2,2,1,0,0
15127,opted_in,event,2,0,0,1,0,0
15128,opted_in,event,5,2,3,0,0,0
15129,opted_in,event,4,2,1,0,0,0
15130,opted_in,gated_content,7,0,4,2,0,0
15131,opted_in,gated_content,5,0,1,0,0,0
15132,unknown,unknown,9,0,0,0,0,0
15133,opted_in,import,6,0,0,0,0,0
15134,opted_in,newsletter,4,2,2,0,0,0
15135,opted_in,newsletter,7,0,4,2,0,0
15136,unknown,unknown,3,0,0,1,0,1
15137,unknown,unknown,10,0,0,0,1,0
15138,unknown,unknown,7,1,0,0,0,0
15139,opted_in,newsletter,2,2,0,0,0,0
15140,opted_in,signup_form,8,0,1,2,0,0
15141,opted_in,signup_form,5,2,3,0,0,0
15142,opted_in,event,14,2,11,0,0,0
15143,unknown,unknown,3,2,0,0,0,0
15144,opted_in,import,6,4,3,1,0,0
15145,opted_out,signup_form,8,0,0,1,1,0
15146,opted_in,event,5,2,4,0,1,0
15147,opted_in,gated_content,6,0,4,1,0,0
15148,opted_in,event,6,0,0,0,0,1
15149,opted_in,event,4,1,1,0,0,0
15150,opted_out,newsletter,6,0,0,0,0,0
15151,opted_in,gated_content,15,2,1,1,1,0
15152,opted_in,gated_content,4,0,1,1,0,0
15153,opted_in,import,6,1,3,0,0,0
15154,unknown,unknown,4,0,0,1,0,0
15155,opted_in,signup_form,2,1,0,1,0,0
15156,opted_in,event,10,1,2,0,0,0
15157,opted_in,gated_content,9,0,3,1,0,0
15158,opted_in,signup_form,6,1,5,0,0,0
15159,opted_in,signup_form,8,2,3,0,0,0
15160,unknown,unknown,5,0,0,0,0,0
15161,opted_in,newsletter,3,2,5,1,0,1
15162,opted_in,signup_form,12,3,0,1,0,0
15163,opted_out,gated_content,0,0,0,1,0,0
15164,opted_in,signup_form,7,1,2,1,1,1
15165,unknown,unknown,10,2,0,0,0,0
15166,unknown,unknown,7,2,0,2,0,0
15167,unknown,unknown,4,2,0,0,0,0
15168,opted_in,import,3,2,2,0,1,0
15169,opted_out,gated_content,10,1,0,0,0,0
15170,opted_in,event,12,3,2,2,0,1
15171,opted_in,signup_form,15,3,3,2,0,0
15172,unknown,unknown,17,1,0,1,0,0
15173,opted_in,signup_form,0,0,0,1,0,0
15174,opted_in,signup_form,8,0,4,2,0,0
15175,opted_in,import,10,2,2,0,0,0
15176,opted_in,import,11,1,5,0,0,0
15177,opted_in,signup_form,6,2,4,1,0,1
15178,opted_in,gated_content,9,2,3,1,0,1
15179,opted_in,event,7,3,3,0,0,0
15180,opted_in,event,10,1,5,0,0,0
15181,unknown,unknown,8,2,0,0,0,0
15182,opted_in,newsletter,6,2,2,1,0,0
15183,opted_in,signup_form,4,2,3,1,0,0
15184,opted_in,gated_content,11,1,4,1,1,0
15185,opted_in,event,11,3,4,1,0,1
15186,opted_in,gated_content,0,0,2,1,0,0
15187,unknown,unknown,6,3,0,0,0,0
15188,opted_in,event,5,0,3,0,0,0
15189,opted_in,newsletter,2,1,3,0,0,1
15190,opted_in,signup_form,4,0,2,1,1,1
15191,opted_in,gated_content,2,0,3,0,0,0
15192,opted_in,newsletter,8,3,2,1,0,0
15193,opted_in,event,3,1,2,1,0,0
15194,opted_out,event,0,0,0,1,0,0
15195,opted_out,import,4,2,0,0,0,0
15196,opted_out,newsletter,3,1,0,0,0,0
15197,opted_in,signup_form,1,1,1,0,0,0
15198,unknown,unknown,4,0,0,2,0,0
15199,opted_out,gated_content,6,0,0,1,0,1
15200,opted_out,signup_form,4,0,0,1,0,1
15201,opted_out,gated_content,4,0,0,0,0,0
15202,unknown,unknown,14,1,0,0,0,0
15203,opted_in,import,11,2,2,1,1,0
15204,unknown,unknown,7,0,0,0,0,0
15205,opted_in,import,10,2,2,2,1,0
15206,unknown,unknown,12,4,0,2,0,0
15207,opted_in,signup_form,12,0,1,0,0,0
15208,opted_in,newsletter,8,2,1,0,0,0
15209,unknown,unknown,7,2,0,0,0,0
15210,opted_in,signup_form,11,1,1,0,0,1
15211,opted_in,import,4,2,3,2,0,0
15212,opted_in,gated_content,7,0,4,1,0,0
15213,opted_out,gated_content,3,0,0,0,0,0
15214,opted_in,import,0,0,0,1,0,0
15215,opted_in,event,5,0,5,0,0,0
15216,unknown,unknown,10,1,0,0,1,0
15217,unknown,unknown,12,2,0,1,1,0
15218,unknown,unknown,6,2,0,1,1,1
15219,opted_in,event,2,0,0,1,0,0
15220,opted_in,signup_form,4,0,2,2,0,0
15221,opted_in,gated_content,9,0,3,1,1,0
15222,opted_out,gated_content,8,2,0,1,0,0
15223,opted_in,import,4,0,5,0,0,0
15224,opted_in,newsletter,6,2,0,1,0,0
15225,opted_out,signup_form,5,4,0,1,0,0
15226,opted_in,newsletter,7,1,5,1,0,0
15227,opted_in,signup_form,3,1,4,0,0,0
15228,opted_in,gated_content,6,1,0,1,1,0
15229,opted_out,gated_content,11,3,0,1,0,0
15230,opted_in,import,11,0,0,0,0,0
15231,opted_in,signup_form,1,1,1,2,0,0
15232,opted_in,newsletter,9,2,0,0,0,0
15233,opted_in,gated_content,8,0,1,1,1,1
15234,opted_in,gated_content,14,3,5,0,0,0
15235,opted_in,event,7,3,5,3,1,0
15236,opted_in,signup_form,13,2,4,0,0,0
15237,opted_out,newsletter,6,0,0,1,1,0
15238,opted_in,event,13,1,5,1,1,0
15239,opted_out,event,3,1,0,0,0,0
15240,opted_in,newsletter,13,2,2,0,0,0
15241,opted_in,signup_form,11,1,3,2,1,0
15242,opted_in,newsletter,5,3,2,0,0,0
15243,opted_in,gated_content,5,0,2,1,0,0
15244,opted_in,event,6,0,0,0,0,0
15245,opted_in,newsletter,4,1,1,1,1,0
15246,unknown,unknown,16,2,0,1,0,0
15247,opted_in,newsletter,1,0,2,0,0,0
15248,opted_in,gated_content,18,4,7,0,1,0
15249,opted_in,gated_content,14,1,6,1,0,0
15250,opted_out,import,8,1,0,0,0,0
15251,unknown,unknown,8,4,0,1,1,1
15252,opted_in,gated_content,3,2,1,0,0,0
15253,opted_in,newsletter,1,0,1,0,0,0
15254,unknown,unknown,8,1,0,0,0,1
15255,unknown,unknown,6,1,0,0,0,0
15256,opted_out,import,6,1,0,1,0,0
15257,opted_in,gated_content,4,1,3,1,0,0
15258,opted_in,newsletter,10,0,2,0,1,0
15259,unknown,unknown,10,1,0,0,0,0
15260,opted_in,event,2,1,1,1,0,0
15261,opted_in,gated_content,11,0,3,3,0,0
15262,opted_out,gated_content,7,1,0,2,0,0
15263,unknown,unknown,5,3,0,1,0,0
15264,opted_in,signup_form,0,0,2,0,0,0
15265,opted_in,event,19,2,2,0,0,1
15266,opted_in,import,12,3,1,1,1,0
15267,opted_in,gated_content,10,2,3,0,0,0
15268,opted_in,newsletter,9,3,0,0,0,0
15269,opted_in,newsletter,5,1,3,0,0,0
15270,unknown,unknown,15,2,0,1,0,0
15271,opted_in,gated_content,9,2,3,2,0,0
15272,opted_in,gated_content,16,2,0,1,0,0
15273,unknown,unknown,8,2,0,1,0,1
15274,opted_in,import,10,1,1,0,0,0
15275,opted_in,signup_form,15,3,5,1,1,0
15276,opted_in,event,8,1,7,1,0,0
15277,opted_in,newsletter,10,1,3,1,1,0
15278,opted_in,newsletter,13,0,5,0,0,0
15279,opted_in,gated_content,6,2,4,1,1,0
15280,opted_out,gated_content,10,3,0,2,1,0
15281,opted_in,newsletter,3,1,2,2,0,0
15282,opted_in,signup_form,10,2,0,1,0,0
15283,unknown,unknown,10,1,0,0,0,0
15284,opted_in,import,17,2,6,0,0,0
15285,opted_in,newsletter,5,1,0,0,0,0
15286,opted_in,event,6,3,1,2,1,0
15287,opted_in,signup_form,0,0,1,0,0,0
15288,opted_in,newsletter,12,1,6,1,0,0
15289,opted_in,import,0,0,0,0,0,0
15290,opted_in,gated_content,9,1,0,0,0,0
15291,opted_out,import,12,2,0,1,0,0
15292,opted_in,gated_content,6,2,4,1,0,0
15293,unknown,unknown,8,1,0,2,1,0
15294,opted_in,gated_content,15,3,4,2,1,1
15295,opted_in,signup_form,3,0,3,0,0,1
15296,opted_out,newsletter,13,3,0,0,0,0
15297,opted_in,import,10,2,4,1,0,0
15298,opted_in,gated_content,13,1,1,0,1,0
15299,opted_in,signup_form,2,2,7,0,0,0
15300,opted_in,signup_form,5,2,3,1,0,0
15301,opted_in,event,11,1,3,1,0,0
15302,opted_in,signup_form,11,0,1,0,0,0
15303,opted_in,import,3,0,2,0,0,0
15304,opted_out,newsletter,0,0,0,0,0,0
15305,opted_in,import,9,1,6,1,0,0
15306,unknown,unknown,0,0,0,0,0,0
15307,opted_in,event,5,0,1,0,1,0
15308,opted_in,event,7,0,3,1,0,0
15309,opted_in,signup_form,10,2,0,1,0,0
15310,opted_in,event,2,1,1,0,0,0
15311,unknown,unknown,2,2,0,1,0,0
15312,opted_in,event,9,0,2,1,0,0
15313,opted_in,event,4,0,0,0,0,0
15314,opted_in,import,8,0,0,0,0,0
15315,unknown,unknown,8,3,0,2,0,1
15316,opted_in,gated_content,5,1,4,1,0,0
15317,opted_in,newsletter,3,0,2,0,0,0
15318,opted_in,gated_content,11,2,6,0,1,0
15319,opted_in,newsletter,11,1,3,0,0,0
15320,unknown,unknown,5,2,0,0,0,0
15321,opted_in,signup_form,9,0,1,0,0,0
15322,opted_in,gated_content,18,1,1,1,0,0
15323,opted_in,gated_content,13,2,5,0,0,0
15324,opted_in,gated_content,11,2,3,2,0,0
15325,opted_in,signup_form,11,0,2,0,0,0
15326,opted_in,event,3,2,0,0,0,0
15327,opted_in,import,6,1,0,0,0,0
15328,opted_in,newsletter,2,1,4,1,0,0
15329,unknown,unknown,3,1,0,1,0,0
15330,opted_in,event,5,2,4,0,0,0
15331,unknown,unknown,6,2,0,0,0,0
15332,opted_in,signup_form,9,0,1,0,0,0
15333,opted_in,gated_content,9,0,1,0,0,0
15334,opted_in,newsletter,2,0,1,1,0,0
15335,opted_in,signup_form,2,0,1,0,0,0
15336,opted_in,import,3,1,0,1,1,0
15337,opted_in,gated_content,6,3,4,0,0,0
15338,opted_in,gated_content,7,2,5,0,0,0
15339,opted_in,signup_form,8,0,0,0,0,0
15340,unknown,unknown,5,0,0,0,0,0
15341,opted_in,event,8,2,3,2,1,0
15342,opted_in,import,3,1,3,0,0,0
15343,opted_in,import,3,0,0,0,0,0
15344,opted_in,import,8,0,2,1,1,0
15345,opted_in,event,8,1,4,2,0,0
15346,opted_in,gated_content,12,2,1,1,1,0
15347,opted_out,signup_form,16,3,0,1,0,0
15348,opted_in,newsletter,7,1,0,0,0,0
15349,opted_in,import,8,1,2,2,0,1
15350,opted_in,event,8,2,3,1,0,0
15351,opted_out,gated_content,8,3,0,1,0,0
15352,opted_in,event,0,0,0,0,0,0
15353,unknown,unknown,14,3,0,1,1,0
15354,opted_in,signup_form,8,1,3,1,0,0
15355,opted_in,signup_form,10,1,6,1,0,0
15356,opted_out,signup_form,9,1,0,0,0,0
15358,opted_in,gated_content,5,1,0,1,0,0
15359,opted_in,event,9,1,3,0,0,0
15360,unknown,unknown,5,2,0,1,0,1
15361,unknown,unknown,13,0,0,1,1,0
15362,opted_in,import,7,1,4,1,0,0
15363,unknown,unknown,2,0,0,0,0,1
15364,opted_in,newsletter,11,3,1,0,0,0
15365,opted_in,import,13,0,4,0,0,0
15366,opted_in,signup_form,9,0,3,1,0,0
15367,opted_in,import,18,3,0,1,1,0
15368,opted_out,event,8,2,0,0,0,0
15369,opted_in,gated_content,6,2,4,2,1,0
15370,unknown,unknown,17,4,0,1,1,0
15371,opted_in,newsletter,13,3,4,1,0,0
15372,opted_in,import,7,0,2,0,0,0
15373,opted_in,signup_form,4,1,2,1,1,0
15374,opted_in,newsletter,7,0,1,1,0,0
15375,opted_in,gated_content,9,2,5,1,0,0
15376,unknown,unknown,7,0,0,1,0,0
15377,opted_in,event,14,2,2,0,1,1
15378,unknown,unknown,5,0,0,0,1,0
15379,unknown,unknown,7,1,0,2,0,0
15380,opted_out,import,3,0,0,0,0,0
15381,opted_in,newsletter,8,4,4,0,1,1
15382,opted_out,newsletter,3,0,0,1,0,0
15384,opted_in,event,13,3,4,1,0,0
15385,opted_in,event,12,0,1,1,0,0
15386,opted_in,event,8,0,0,0,0,0
15387,opted_in,signup_form,9,3,4,1,0,1
15388,opted_in,newsletter,1,0,1,1,0,0
15389,opted_in,newsletter,5,2,2,1,1,1
15390,opted_out,gated_content,9,2,0,0,1,0
15391,opted_in,event,11,3,5,2,0,1
15392,opted_in,signup_form,2,0,1,0,0,0
15393,unknown,unknown,10,2,0,0,0,0
15394,opted_in,signup_form,10,1,3,1,0,0
15395,opted_in,gated_content,6,2,2,0,0,0
15396,unknown,unknown,7,3,0,1,0,0
15397,opted_in,import,8,2,0,0,0,0
15398,opted_in,signup_form,14,2,4,0,0,0
15399,opted_in,newsletter,11,1,3,1,1,0
15400,opted_in,import,7,0,2,1,0,0
15401,opted_in,gated_content,4,0,2,0,0,0
15402,opted_in,signup_form,15,3,2,2,1,0
15403,opted_in,event,8,3,0,1,0,1
15404,opted_in,signup_form,5,1,2,0,0,0
15405,unknown,unknown,6,3,0,0,0,0
15406,opted_in,import,6,0,0,0,0,0
15407,unknown,unknown,6,2,0,0,1,0
15408,opted_in,gated_content,11,2,4,2,0,0
15409,opted_in,signup_form,7,0,0,0,1,1
15410,opted_in,signup_form,8,1,3,2,0,1
15411,opted_in,gated_content,5,1,0,1,0,0
15412,opted_in,signup_form,8,1,5,1,0,0
15413,opted_in,signup_form,13,1,3,1,1,0
15414,opted_in,event,13,3,2,2,1,0
15415,opted_in,newsletter,13,0,5,2,0,0
15416,opted_in,signup_form,6,0,2,1,0,1
15417,unknown,unknown,6,3,0,2,0,0
15418,opted_in,signup_form,2,1,5,0,0,1
15419,opted_in,import,10,2,2,0,0,0
15420,opted_in,import,1,1,2,2,0,0
15421,opted_in,gated_content,13,2,2,0,1,1
15422,opted_in,event,4,1,0,2,0,0
15423,unknown,unknown,17,2,0,2,1,0
15424,opted_in,import,5,0,4,1,0,0
15425,opted_in,signup_form,5,1,0,0,0,0
15426,opted_in,signup_form,1,1,1,1,0,0
15427,opted_in,import,9,0,1,1,0,0
15428,opted_out,event,13,2,0,1,0,1
15429,opted_out,event,11,1,0,1,0,0
15430,opted_in,gated_content,10,4,0,1,0,0
15431,opted_in,import,9,3,5,1,0,0
15432,opted_in,newsletter,16,1,6,2,1,0
15433,opted_in,gated_content,9,1,3,1,0,0
15434,opted_in,signup_form,4,0,2,1,0,0
15435,unknown,unknown,11,1,0,2,0,0
15436,opted_in,newsletter,1,0,3,0,0,1
15437,opted_in,event,16,1,0,0,0,0
15438,unknown,unknown,3,1,0,1,0,0
15439,opted_in,import,7,2,6,0,0,1
15440,unknown,unknown,7,2,0,1,0,0
15441,opted_in,gated_content,10,0,4,0,0,0
15442,opted_in,newsletter,6,2,3,1,1,0
15443,opted_in,gated_content,9,1,5,2,0,0
15444,opted_in,newsletter,5,0,4,0,0,0
15445,unknown,unknown,4,1,0,2,0,0
15446,opted_in,newsletter,11,1,5,1,0,0
15447,opted_in,newsletter,6,1,0,1,0,0
15448,opted_in,signup_form,12,2,5,2,1,0
15449,unknown,unknown,5,2,0,1,0,0
15450,opted_in,import,4,1,1,1,0,0
15451,unknown,unknown,9,2,0,1,0,0
15452,opted_in,event,7,2,1,0,0,0
15453,opted_in,gated_content,9,2,0,2,0,1
15454,opted_in,import,2,1,0,0,0,0
15455,opted_in,newsletter,5,0,2,0,1,0
15456,opted_in,signup_form,12,1,5,1,0,0
15457,opted_out,signup_form,4,3,0,1,0,0
15458,unknown,unknown,7,3,0,2,0,0
15459,unknown,unknown,7,3,0,1,0,0
15460,opted_in,signup_form,10,0,5,0,1,0
15461,unknown,unknown,8,2,0,0,0,0
15462,opted_in,gated_content,18,3,4,1,1,0
15463,unknown,unknown,11,2,0,0,0,1
15464,opted_in,gated_content,4,2,2,0,0,0
15465,opted_in,gated_content,10,2,5,0,1,0
15466,opted_out,event,9,2,0,0,1,0
15467,unknown,unknown,2,0,0,0,0,0
15468,opted_in,newsletter,13,2,1,1,1,0
15469,opted_in,gated_content,9,1,6,1,1,0
15470,unknown,unknown,7,3,0,1,0,0
15471,opted_in,signup_form,10,1,3,2,1,1
15472,opted_in,signup_form,8,1,0,1,0,0
15473,opted_in,gated_content,5,0,4,0,0,0
15474,unknown,unknown,3,0,0,0,0,0
15475,opted_in,import,11,2,2,0,0,0
15476,opted_in,gated_content,12,1,3,2,0,0
15477,opted_in,signup_form,13,2,6,0,0,0
15478,opted_in,event,14,4,10,1,1,0
15479,opted_in,gated_content,17,1,2,1,0,0
15480,opted_in,import,12,1,3,2,0,0
15481,opted_out,import,8,0,0,1,0,0
15482,unknown,unknown,10,0,0,0,0,0
15483,opted_in,signup_form,11,2,4,0,0,1
15484,unknown,unknown,8,2,0,0,1,0
15485,opted_out,event,5,3,0,0,0,0
15486,opted_in,newsletter,10,1,6,2,0,0
15487,opted_in,event,13,2,3,1,0,0
15488,opted_in,newsletter,9,3,4,2,1,0
15489,opted_in,signup_form,6,1,1,2,1,0
15490,opted_in,import,7,1,6,1,0,0
15491,opted_in,signup_form,9,3,1,2,0,1
15492,opted_in,newsletter,7,3,1,0,1,0
15493,opted_in,import,9,1,5,0,0,0
15494,unknown,unknown,4,1,0,0,0,0
15495,opted_out,import,6,2,0,0,0,0
15496,opted_in,signup_form,5,1,0,0,0,0
15497,opted_in,newsletter,3,1,3,0,0,0
15498,opted_in,signup_form,16,2,4,1,0,0
15499,opted_in,import,9,0,3,0,0,0
15500,opted_in,event,7,2,4,1,0,0
15501,opted_in,event,3,1,1,0,0,0
15502,opted_out,event,7,1,0,0,0,0
15503,opted_out,gated_content,6,1,0,0,0,0
15504,opted_out,import,10,1,0,2,0,0
15505,opted_in,event,5,3,0,0,1,0
15506,opted_in,gated_content,9,1,4,1,0,0
15507,opted_out,signup_form,11,2,0,0,1,0
15508,opted_in,signup_form,8,1,2,1,0,0
15509,unknown,unknown,5,1,0,2,0,0
15510,opted_in,signup_form,3,2,0,0,0,0
15511,opted_in,gated_content,14,2,6,1,0,0
15512,opted_out,event,11,0,0,1,0,0
15513,opted_in,signup_form,7,3,2,1,0,0
15514,unknown,unknown,9,1,0,3,0,1
15515,opted_in,signup_form,7,1,1,0,0,0
15516,opted_in,event,3,2,2,2,0,0
15517,opted_in,newsletter,4,1,3,0,0,0
15518,opted_out,newsletter,10,3,0,0,1,0
15519,opted_in,newsletter,8,2,0,0,0,0
15520,opted_in,import,8,2,2,0,0,0
15521,unknown,unknown,9,3,0,0,1,0
15522,unknown,unknown,8,2,0,1,1,0
15523,opted_in,signup_form,5,2,4,1,0,0
15524,opted_out,import,1,0,0,1,0,0
15525,opted_in,newsletter,17,1,3,1,1,0
15526,opted_in,newsletter,12,1,3,3,0,1
15527,opted_in,gated_content,3,1,2,0,0,0
15528,opted_in,event,1,1,4,2,0,1
15529,opted_in,import,4,1,2,0,0,0
15530,opted_in,event,10,3,3,0,0,0
15531,opted_out,import,16,1,0,1,1,0
15532,unknown,unknown,5,1,0,1,0,1
15533,unknown,unknown,9,0,0,1,0,0
15534,opted_in,import,8,2,7,2,0,0
15535,opted_in,signup_form,10,2,1,1,0,0
15536,opted_in,import,10,1,1,0,0,0
15537,unknown,unknown,9,1,0,0,0,0
15538,opted_in,signup_form,7,1,4,0,0,0
15539,unknown,unknown,10,2,0,0,0,0
15540,opted_in,signup_form,13,2,5,1,1,0
15541,opted_in,event,12,2,4,1,1,0
15542,opted_in,newsletter,13,3,5,1,1,0
15543,opted_in,newsletter,8,2,2,0,0,0
15544,opted_in,gated_content,3,0,0,0,0,0
15545,opted_in,gated_content,3,2,4,0,0,0
15546,opted_in,import,4,2,3,0,0,0
15547,opted_in,signup_form,10,0,3,1,0,0
15548,opted_out,import,0,0,0,0,0,0
15549,opted_in,import,11,2,4,1,0,0
15550,opted_in,signup_form,12,4,1,1,0,0
15551,opted_in,import,4,0,0,0,0,0
15552,unknown,unknown,2,1,0,0,0,0
15553,opted_in,import,8,1,0,0,0,0
15554,opted_in,event,9,0,2,1,0,0
15555,opted_in,newsletter,0,0,4,1,0,0
15556,opted_in,event,16,3,4,1,1,1
15557,opted_in,signup_form,4,0,3,1,0,0
15558,opted_out,signup_form,8,1,0,1,1,0
15559,opted_in,event,4,3,0,1,0,0
15560,opted_in,gated_content,3,2,2,1,0,0
15561,unknown,unknown,5,0,0,0,0,0
15562,unknown,unknown,9,2,0,0,0,0
15563,unknown,unknown,10,1,0,0,0,0
15564,opted_in,gated_content,12,2,1,1,0,0
15565,opted_in,import,3,3,1,0,0,0
15566,opted_in,newsletter,5,2,3,1,0,0
15567,opted_in,import,4,1,0,0,0,0
15568,opted_in,newsletter,14,2,7,0,0,0
15569,unknown,unknown,7,1,0,0,1,0
15570,opted_in,newsletter,9,2,2,1,0,0
15571,opted_in,event,7,0,1,0,0,0
15572,unknown,unknown,5,2,0,0,0,1
15573,opted_in,event,10,0,0,0,0,0
15574,opted_in,import,1,0,1,0,0,0
15575,opted_in,gated_content,10,4,4,2,0,0
15576,opted_in,gated_content,5,2,2,0,0,0
15577,opted_in,event,9,1,5,0,1,0
15578,opted_in,newsletter,6,2,4,1,1,0
15579,unknown,unknown,5,2,0,1,0,0
15580,opted_in,import,4,2,0,1,0,0
15581,unknown,unknown,0,0,0,0,0,0
15582,opted_in,signup_form,7,1,0,0,0,1
15583,opted_in,newsletter,10,2,4,1,0,0
15584,opted_in,event,12,2,5,1,0,0
15585,opted_in,gated_content,12,3,8,2,1,0
15586,opted_out,event,0,0,0,0,0,0
15587,opted_in,import,9,1,1,2,0,0
15588,unknown,unknown,9,0,0,0,0,0
15589,opted_in,gated_content,11,0,3,1,0,0
15590,opted_in,signup_form,6,2,4,2,0,0
15591,opted_in,gated_content,3,1,2,0,0,0
15592,unknown,unknown,11,2,0,1,0,0
15593,opted_in,newsletter,11,3,8,1,1,1
15594,opted_out,event,9,1,0,0,0,0
15595,opted_in,import,5,2,3,1,0,0
15596,opted_in,signup_form,9,3,5,1,1,0
15597,opted_in,newsletter,2,0,0,0,0,0
15598,opted_out,signup_form,10,1,0,0,0,0
15599,opted_in,import,6,1,1,1,0,0
15600,opted_in,event,7,0,0,0,0,0
15601,unknown,unknown,13,2,0,1,0,0
15602,opted_in,event,9,1,2,1,0,0
15603,unknown,unknown,12,0,0,0,0,0
15604,opted_in,gated_content,10,1,1,0,0,0
15605,opted_in,signup_form,10,1,3,0,0,1
15606,opted_in,signup_form,7,1,4,1,0,0
15607,opted_in,import,10,3,5,1,0,0
15608,opted_in,import,16,2,7,1,1,0
15609,opted_in,newsletter,8,2,0,1,0,0
15610,opted_in,import,11,2,3,1,1,0
15611,opted_in,newsletter,8,2,2,1,0,0
15612,unknown,unknown,10,1,0,0,1,1
15613,unknown,unknown,12,3,0,1,1,1
15614,unknown,unknown,5,2,0,1,0,0
15615,opted_in,import,0,0,1,0,0,0
15616,opted_in,gated_content,8,1,4,1,0,0
15617,opted_in,import,14,1,2,1,1,0
15618,opted_out,import,2,1,0,2,0,0
15619,opted_in,gated_content,9,4,3,0,0,0
15620,opted_in,signup_form,7,1,1,0,0,0
15621,opted_in,newsletter,7,1,5,1,1,0
15622,opted_in,import,9,1,3,0,0,0
15623,opted_in,signup_form,11,0,0,1,0,0
15624,opted_in,import,3,2,0,0,0,0
15625,opted_in,event,4,0,4,1,0,0
15626,opted_in,newsletter,13,1,3,0,1,0
15627,opted_in,gated_content,2,1,3,1,0,0
15628,opted_in,event,4,2,4,0,0,0
15629,unknown,unknown,13,2,0,0,0,0
15630,opted_in,newsletter,7,1,4,1,0,0
15631,unknown,unknown,12,2,0,1,0,0
15632,opted_in,newsletter,12,3,3,0,1,0
15633,opted_in,event,9,0,1,0,0,0
15634,opted_out,import,6,0,0,1,0,0
15635,opted_in,gated_content,8,1,0,2,0,0
15636,opted_in,newsletter,4,4,6,0,0,0
15637,opted_in,gated_content,14,3,2,1,0,0
15638,opted_in,newsletter,18,0,1,2,1,0
15639,unknown,unknown,7,2,0,0,1,0
15640,unknown,unknown,4,0,0,0,0,0
15641,opted_in,gated_content,6,2,8,2,0,0
15642,opted_in,import,6,1,5,2,0,0
15643,unknown,unknown,12,3,0,1,1,0
15644,opted_in,signup_form,10,0,1,0,0,0
15645,unknown,unknown,6,2,0,1,0,1
15646,opted_in,event,13,0,1,1,0,0
15647,opted_in,import,9,1,0,1,0,0
15648,opted_in,gated_content,1,1,0,1,0,0
15649,opted_in,event,2,1,1,1,0,0
15650,opted_out,newsletter,7,0,0,1,0,0
15651,opted_in,import,4,1,2,0,0,0
15652,opted_in,gated_content,9,2,4,1,0,0
15653,opted_in,import,0,0,0,0,0,0
15654,opted_out,signup_form,8,1,0,0,0,0
15655,unknown,unknown,2,0,0,2,0,0
15656,opted_in,import,11,2,4,1,0,0
15657,unknown,unknown,16,4,0,1,1,0
15658,unknown,unknown,8,2,0,0,1,0
15659,opted_out,gated_content,10,2,0,0,0,0
15660,opted_in,event,11,3,1,2,1,1
15661,opted_in,signup_form,7,0,3,1,1,0
15662,opted_in,signup_form,0,0,2,0,0,0
15663,opted_out,signup_form,3,0,0,1,0,0
15664,opted_in,event,3,0,2,2,0,0
15665,opted_in,gated_content,7,2,0,0,0,0
15666,opted_out,import,4,1,0,0,0,0
15667,opted_out,gated_content,7,1,0,1,0,1
15668,opted_in,newsletter,8,2,2,0,0,0
15669,opted_in,signup_form,0,0,1,1,0,0
15670,opted_in,gated_content,11,1,3,1,1,0
15671,opted_in,signup_form,9,4,3,0,0,0
15672,opted_in,gated_content,3,0,4,0,0,0
15673,unknown,unknown,11,2,0,2,0,0
15674,opted_out,import,8,2,0,1,0,0
15675,opted_in,gated_content,12,3,2,1,0,0
15676,opted_in,signup_form,7,1,1,1,1,0
15677,opted_in,newsletter,16,1,6,0,1,0
15678,unknown,unknown,8,2,0,0,0,0
15679,opted_in,signup_form,9,2,2,1,0,0
15680,opted_in,import,10,2,4,1,0,0
15681,opted_in,gated_content,11,2,6,1,0,0
15682,opted_in,signup_form,12,0,5,1,0,0
15683,unknown,unknown,4,1,0,2,0,0
15684,opted_in,signup_form,13,0,2,2,0,0
15685,opted_in,gated_content,2,0,0,0,0,0
15686,opted_in,signup_form,4,1,3,0,0,0
15687,opted_in,event,9,2,7,0,0,1
15688,opted_in,event,13,3,3,1,0,0
15689,unknown,unknown,13,1,0,0,0,0
15690,opted_in,signup_form,8,0,2,0,0,1
15691,opted_in,event,4,1,0,0,0,1
15692,opted_in,signup_form,10,2,2,0,0,0
15693,opted_in,gated_content,13,1,4,0,0,0
15694,opted_in,event,4,1,4,1,1,0
15695,opted_in,newsletter,4,4,2,1,0,0
15696,opted_in,gated_content,6,1,3,0,0,0
15697,unknown,unknown,5,2,0,0,0,0
15698,opted_in,signup_form,12,2,4,0,0,0
15699,opted_in,newsletter,11,2,3,2,0,0
15700,unknown,unknown,5,1,0,2,0,0
15701,opted_in,newsletter,16,1,4,1,1,0
15702,opted_out,gated_content,5,0,0,0,0,0
15703,opted_in,import,13,4,4,0,0,1
15704,opted_out,import,15,4,0,1,0,1
15705,opted_in,newsletter,7,2,0,0,0,0
15706,opted_in,gated_content,3,0,0,0,0,0
15707,opted_in,import,10,2,4,1,0,0
15708,unknown,unknown,8,1,0,0,0,1
15709,unknown,unknown,5,2,0,0,1,0
15710,unknown,unknown,1,1,0,0,0,0
15711,unknown,unknown,8,3,0,1,0,0
15712,opted_out,event,11,1,0,1,0,0
15713,unknown,unknown,7,0,0,1,0,0
15714,opted_in,import,7,0,5,0,0,0
15715,opted_out,signup_form,4,1,0,1,1,0
15716,opted_in,signup_form,8,0,6,0,1,0
15717,opted_in,gated_content,6,2,6,1,1,0
15718,opted_in,gated_content,11,2,4,1,0,0
15719,opted_in,event,16,2,3,2,0,0
15720,opted_in,signup_form,14,3,3,1,1,0
15721,unknown,unknown,2,0,0,0,0,0
15722,opted_in,import,11,4,8,1,0,1
15723,unknown,unknown,12,3,0,2,0,0
15724,opted_in,newsletter,11,2,3,0,0,1
15725,opted_out,newsletter,10,1,0,0,0,0
15726,opted_in,event,15,1,4,0,0,0
15727,unknown,unknown,10,2,0,2,1,0
15728,unknown,unknown,16,4,0,0,1,0
15729,opted_in,newsletter,5,1,2,1,1,0
15730,opted_in,gated_content,10,0,4,1,0,0
15731,opted_in,import,5,1,2,0,0,0
15732,opted_in,signup_form,1,1,1,0,0,0
15733,opted_in,newsletter,2,1,2,0,0,0
15734,opted_in,newsletter,12,0,2,2,0,0
15735,opted_in,gated_content,10,3,2,1,0,0
15736,unknown,unknown,17,2,0,2,1,0
15737,opted_in,gated_content,11,3,4,1,1,1
15738,unknown,unknown,17,4,0,1,0,1
15739,opted_out,signup_form,15,0,0,0,0,0
15740,opted_in,signup_form,13,2,6,0,1,1
15741,opted_in,newsletter,5,0,1,0,0,1
15742,opted_in,gated_content,8,2,3,1,0,0
15743,opted_in,event,6,2,2,0,1,0
15744,opted_in,event,4,2,1,0,1,0
15745,opted_in,import,11,2,3,1,1,0
15746,opted_in,import,10,1,0,0,0,0
15747,unknown,unknown,8,5,0,2,0,0
15748,unknown,unknown,8,3,0,2,0,1
15749,opted_in,event,12,1,3,1,1,0
15750,opted_in,newsletter,9,2,2,0,0,0
15751,unknown,unknown,9,2,0,0,0,0
15752,opted_in,signup_form,15,0,2,3,1,0
15753,opted_in,event,14,2,5,1,0,1
15754,unknown,unknown,14,2,0,0,1,1
15755,opted_in,event,7,1,5,0,0,0
15756,opted_out,signup_form,7,2,0,2,1,0
15757,opted_out,import,6,0,0,0,1,0
15758,opted_in,newsletter,0,0,0,1,0,0
15759,opted_in,import,13,2,3,1,0,0
15760,unknown,unknown,13,0,0,1,1,0
15761,opted_out,gated_content,10,2,0,1,1,1
15762,opted_out,newsletter,5,1,0,1,0,0
15763,opted_out,newsletter,9,0,0,0,0,0
15764,opted_in,import,0,0,2,0,0,0
15765,opted_in,event,9,3,4,1,1,0
15766,opted_in,newsletter,6,0,0,2,0,0
15768,opted_in,gated_content,5,0,5,0,0,0
15769,opted_in,gated_content,6,1,5,1,1,0
15770,opted_in,import,15,2,4,0,0,0
15771,opted_out,signup_form,0,0,0,0,0,0
15772,opted_in,import,11,2,7,1,0,0
15773,opted_out,import,3,2,0,1,0,0
15774,opted_in,gated_content,12,2,9,1,1,0
15775,opted_in,signup_form,5,1,0,1,0,0
15776,opted_in,signup_form,7,0,5,0,0,1
15777,opted_in,newsletter,7,2,6,1,0,0
15778,opted_in,import,5,2,7,1,1,0
15779,opted_in,gated_content,10,0,3,1,1,0
15780,opted_in,import,10,3,4,2,0,0
15781,unknown,unknown,9,2,0,1,1,0
15782,unknown,unknown,3,2,0,0,0,0
15783,opted_in,signup_form,12,2,7,1,1,0
15784,opted_out,import,6,0,0,1,0,0
15785,unknown,unknown,1,1,0,1,0,0
15786,unknown,unknown,12,2,0,0,0,0
15787,opted_in,gated_content,8,1,1,1,0,0
15788,unknown,unknown,10,2,0,1,0,0
15789,opted_in,signup_form,10,3,1,0,1,0
15790,opted_in,newsletter,8,0,5,2,0,0
15791,unknown,unknown,5,0,0,0,0,0
15792,opted_in,event,11,3,3,1,0,0
15793,unknown,unknown,8,0,0,2,0,0
15794,opted_out,signup_form,3,0,0,0,0,0
15795,opted_in,import,11,3,0,1,1,0
15796,opted_in,import,11,2,1,0,0,0
15797,opted_in,event,11,0,6,1,0,1
15798,opted_in,signup_form,13,2,3,1,0,0
15799,opted_in,event,3,0,1,1,1,0
15800,opted_in,newsletter,14,2,4,2,1,0
15801,opted_in,gated_content,8,2,5,2,1,1
15802,opted_in,newsletter,7,1,4,0,0,0
15803,unknown,unknown,4,1,0,0,1,0
15804,unknown,unknown,2,1,0,0,0,0
15805,opted_in,event,3,3,5,1,0,0
15806,unknown,unknown,5,0,0,0,1,0
15807,opted_in,import,3,0,1,0,0,0
15808,opted_in,event,7,3,4,2,0,0
15809,unknown,unknown,2,1,0,0,0,0
15810,opted_in,import,8,1,5,1,0,0
15811,opted_in,signup_form,8,2,0,0,0,0
15812,opted_in,newsletter,12,2,8,1,1,0
15813,opted_in,signup_form,7,0,4,2,0,0
15814,opted_in,gated_content,7,0,0,0,0,0
15815,opted_out,import,6,1,0,1,0,0
15816,opted_in,gated_content,10,2,7,1,1,0
15817,opted_in,gated_content,0,0,2,1,0,0
15818,opted_in,event,11,1,2,1,0,0
15819,unknown,unknown,8,1,0,0,0,0
15820,opted_in,signup_form,8,0,1,0,0,0
15821,opted_in,import,12,2,5,1,0,0
15822,opted_in,signup_form,8,2,1,0,1,1
15823,opted_in,gated_content,7,3,1,2,0,1
15824,opted_in,event,8,0,1,0,0,1
15825,unknown,unknown,4,3,0,1,0,0
15826,opted_in,event,9,2,2,1,0,0
15827,opted_in,newsletter,9,3,7,2,1,0
15828,unknown,unknown,4,2,0,0,0,0
15829,opted_in,gated_content,6,0,3,1,0,0
15830,opted_in,signup_form,13,2,5,1,0,1
15831,opted_out,import,5,2,0,2,0,0
15832,opted_in,event,6,0,1,0,0,0
15833,unknown,unknown,9,1,0,1,1,0
15834,opted_in,newsletter,8,2,1,1,0,0
15835,opted_in,gated_content,5,3,0,0,0,0
15836,opted_out,signup_form,11,3,0,1,0,0
15837,opted_in,newsletter,9,0,0,1,0,0
15838,unknown,unknown,10,2,0,0,0,0
15839,unknown,unknown,6,0,0,2,0,0
15840,opted_in,gated_content,7,2,2,0,1,1
15841,opted_in,signup_form,10,4,2,2,1,0
15842,opted_in,import,5,2,0,1,0,0
15843,unknown,unknown,10,3,0,0,0,0
15844,opted_out,event,6,1,0,0,0,0
15845,opted_in,gated_content,8,0,2,0,0,0
15846,opted_in,signup_form,12,2,4,1,1,0
15847,opted_in,gated_content,4,0,2,0,0,0
15848,opted_in,gated_content,5,1,1,1,0,0
15850,opted_in,event,9,1,1,2,1,0
15851,unknown,unknown,12,0,0,2,0,0
15852,opted_in,signup_form,3,1,2,1,0,0
15853,opted_out,signup_form,9,1,0,2,0,0
15854,opted_in,event,8,0,3,0,0,0
15855,opted_in,import,9,2,3,0,0,0
15856,opted_in,event,10,1,1,0,0,0
15857,opted_in,gated_content,5,1,1,2,0,0
15858,unknown,unknown,11,1,0,2,1,0
15859,unknown,unknown,7,2,0,1,0,0
15860,opted_in,signup_form,6,1,3,1,0,1
15861,unknown,unknown,7,3,0,1,1,0
15862,opted_out,event,6,0,0,0,0,0
15863,opted_in,signup_form,9,2,3,1,1,0
15864,opted_in,gated_content,5,0,3,1,0,0
15865,opted_in,newsletter,3,1,2,1,0,0
15866,opted_in,gated_content,13,1,2,3,1,0
15867,opted_in,newsletter,2,2,1,1,0,0
15868,opted_in,gated_content,9,2,2,1,1,0
15869,opted_in,signup_form,4,0,1,0,0,0
15870,unknown,unknown,17,2,0,0,0,0
15871,opted_in,signup_form,14,0,6,1,0,0
15872,opted_in,event,6,1,0,0,0,0
15873,opted_in,signup_form,6,2,3,1,0,0
15874,opted_in,newsletter,10,1,4,0,0,1
15875,opted_in,gated_content,9,2,5,0,0,0
15876,opted_in,event,11,0,0,1,0,1
15877,opted_in,signup_form,12,1,1,1,1,0
15878,opted_in,gated_content,8,3,4,0,0,0
15879,opted_in,signup_form,8,2,0,0,0,0
15880,opted_in,gated_content,7,1,1,0,0,0
15881,opted_in,newsletter,4,2,3,0,0,0
15882,unknown,unknown,11,2,0,1,0,1
15883,opted_in,gated_content,8,1,0,0,0,0
15884,opted_in,newsletter,9,2,6,1,0,0
15885,opted_in,signup_form,9,2,0,0,0,0
15886,unknown,unknown,5,3,0,1,0,0
15887,opted_in,signup_form,4,2,3,0,0,0
15888,opted_out,signup_form,7,0,0,0,0,0
15889,unknown,unknown,2,1,0,1,0,0
15890,opted_in,gated_content,13,1,4,1,0,0
15891,opted_in,event,5,0,3,1,1,0
15892,opted_in,event,13,3,6,0,0,0
15893,opted_in,gated_content,6,1,4,0,0,1
15894,opted_in,signup_form,9,0,1,0,0,0
15895,opted_out,event,0,0,0,0,0,0
15897,unknown,unknown,1,1,0,0,0,0
15898,unknown,unknown,9,2,0,0,0,0
15899,opted_in,newsletter,18,3,4,0,1,1
15900,opted_out,gated_content,3,1,0,0,0,0
15901,opted_in,signup_form,9,0,3,0,1,0
15902,opted_in,signup_form,3,0,2,1,0,0
15903,opted_in,import,10,2,0,2,0,0
15904,opted_in,import,10,3,2,1,1,0
15905,opted_out,newsletter,8,1,0,1,1,0
15906,unknown,unknown,11,2,0,1,0,0
15907,opted_in,gated_content,10,3,5,2,1,1
15908,opted_in,newsletter,4,2,3,0,0,0
15909,opted_out,import,7,1,0,1,0,0
15910,opted_in,newsletter,6,0,4,0,0,0
15911,opted_in,signup_form,4,1,0,0,0,0
15912,opted_in,gated_content,7,2,2,0,0,1
15913,opted_out,event,2,0,0,0,0,0
15914,opted_in,event,13,3,2,1,0,0
15915,opted_in,gated_content,12,1,3,0,0,0
15916,opted_in,event,8,5,3,1,1,0
15917,opted_in,gated_content,8,3,0,1,1,1
15918,opted_in,newsletter,9,4,3,1,0,0
15919,opted_in,gated_content,18,1,1,1,0,0
15920,opted_in,event,8,2,1,1,0,0
15921,opted_in,gated_content,6,2,1,2,0,0
15922,opted_in,event,9,1,3,0,0,0
15923,opted_in,signup_form,8,1,5,0,0,0
15924,opted_in,import,10,1,2,0,0,0
15925,opted_in,import,8,0,5,0,0,0
15926,unknown,unknown,9,0,0,1,0,0
15927,opted_in,signup_form,11,0,2,1,0,0
15928,opted_in,newsletter,6,1,2,0,0,0
15929,opted_in,signup_form,15,2,1,1,0,1
15930,unknown,unknown,6,1,0,0,0,0
15931,opted_in,gated_content,10,2,1,0,0,0
15932,unknown,unknown,10,3,0,1,1,0
15933,unknown,unknown,7,0,0,1,0,0
15934,opted_in,import,9,0,2,1,0,0
15935,unknown,unknown,9,0,0,1,0,1
15936,opted_out,signup_form,8,0,0,1,1,0
15937,opted_in,event,10,3,4,2,1,0
15938,opted_in,newsletter,11,3,4,1,1,0
15939,opted_in,signup_form,1,1,1,0,0,0
15940,opted_in,event,7,2,0,2,0,0
15941,opted_out,import,3,0,0,0,0,0
15942,opted_in,newsletter,9,1,6,2,0,0
15943,opted_in,newsletter,16,2,5,1,0,0
15944,opted_in,signup_form,10,4,4,0,1,1
15945,opted_out,newsletter,7,0,0,0,0,0
15946,unknown,unknown,15,1,0,1,1,0
15947,opted_in,event,3,2,2,0,0,0
15948,opted_out,import,5,0,0,2,0,0
15949,unknown,unknown,14,2,0,2,1,1
15950,opted_in,newsletter,14,2,0,1,0,1
15951,opted_out,event,8,2,0,1,0,0
15952,opted_in,import,6,0,3,0,1,0
15953,opted_in,gated_content,13,4,4,1,0,0
15954,opted_out,signup_form,7,1,0,0,0,0
15955,unknown,unknown,3,2,0,0,0,0
15956,opted_in,signup_form,9,1,1,1,0,0
15957,opted_in,import,5,2,0,1,1,0
15958,unknown,unknown,9,2,0,1,1,0
15959,opted_in,gated_content,0,0,1,1,0,0
15960,unknown,unknown,7,2,0,0,0,0
15961,opted_out,event,7,0,0,0,0,0
15962,opted_in,import,8,2,5,2,1,0
15963,opted_in,signup_form,3,0,0,0,0,0
15964,unknown,unknown,7,1,0,0,0,0
15965,unknown,unknown,3,0,0,1,0,0
15966,opted_in,import,6,2,2,1,1,0
15967,opted_in,newsletter,0,0,1,0,0,1
15968,unknown,unknown,11,1,0,2,0,0
15969,opted_in,newsletter,9,3,3,1,0,0
15970,opted_in,newsletter,7,2,3,1,0,0
15971,opted_in,signup_form,3,2,2,2,0,0
15972,opted_in,signup_form,3,1,1,0,0,1
15973,opted_in,gated_content,11,1,2,0,1,0
15974,unknown,unknown,3,1,0,1,0,0
15975,opted_in,newsletter,7,0,4,0,0,0
15976,unknown,unknown,13,0,0,0,0,0
15977,unknown,unknown,12,2,0,2,0,0
15978,opted_in,import,6,3,1,1,0,0
15979,unknown,unknown,7,3,0,0,0,1
15980,opted_in,event,8,1,0,0,1,0
15981,opted_in,event,5,1,0,0,0,0
15982,opted_in,gated_content,5,1,2,1,0,0
15983,unknown,unknown,9,1,0,0,0,0
15984,unknown,unknown,17,2,0,2,1,0
15985,unknown,unknown,0,0,0,0,0,0
15986,opted_in,gated_content,9,1,1,0,0,0
15987,opted_out,signup_form,6,1,0,1,0,0
15988,opted_in,newsletter,14,3,1,2,0,1
15989,opted_in,import,12,0,0,1,0,0
15990,opted_out,event,8,0,0,1,1,0
15991,opted_in,event,9,1,5,2,1,0
15992,opted_out,signup_form,9,1,0,0,1,0
15993,opted_in,signup_form,13,3,2,0,0,0
15994,opted_in,import,11,1,2,1,0,0
15995,opted_out,event,5,1,0,1,0,0
15996,opted_out,event,1,1,0,0,0,0
15998,opted_in,import,7,1,1,0,0,0
15999,opted_out,gated_content,10,2,0,1,1,0
16000,unknown,unknown,4,1,0,1,0,0
16001,opted_in,newsletter,6,1,0,0,0,0
16002,unknown,unknown,10,2,0,2,1,0
16003,opted_in,import,6,2,4,0,0,0
16004,opted_in,event,9,2,5,1,1,1
16005,opted_in,event,3,2,5,0,0,0
16006,opted_in,signup_form,12,4,3,2,1,0
16007,opted_in,import,3,2,4,1,0,1
16008,opted_in,event,14,2,6,2,0,0
16009,unknown,unknown,3,3,0,0,0,0
16010,opted_in,gated_content,10,2,4,0,0,0
16011,unknown,unknown,7,2,0,0,0,0
16012,unknown,unknown,12,0,0,1,1,1
16013,unknown,unknown,7,0,0,0,0,0
16014,opted_in,event,5,1,1,0,0,0
16015,opted_in,import,6,3,4,0,1,0
16016,opted_in,newsletter,11,1,3,1,0,1
16017,opted_in,signup_form,4,0,0,0,0,0
16018,opted_in,gated_content,9,3,1,1,1,0
16019,opted_in,event,10,2,0,2,0,0
16020,opted_in,gated_content,14,3,5,1,0,0
16021,opted_in,event,17,3,4,2,1,0
16022,opted_in,gated_content,2,1,5,0,0,0
16023,unknown,unknown,8,3,0,0,0,0
16024,opted_in,import,14,2,7,1,1,0
16025,opted_in,gated_content,6,2,0,0,0,0
16026,opted_in,event,14,1,9,2,1,0
16027,opted_in,import,5,0,2,0,0,0
16028,opted_in,newsletter,11,0,2,0,0,0
16029,opted_in,event,9,2,5,0,0,0
16030,opted_in,import,0,0,3,0,0,0
16031,opted_in,import,3,1,0,1,0,0
16032,opted_out,signup_form,0,0,0,0,0,0
16033,opted_in,event,8,1,2,0,0,0
16034,unknown,unknown,12,1,0,1,0,0
16035,opted_out,gated_content,6,0,0,0,0,0
16036,opted_in,signup_form,9,0,3,1,1,0
16037,opted_in,gated_content,11,2,5,2,1,0
16038,opted_in,import,12,1,5,1,0,0
16039,opted_in,newsletter,8,1,2,1,0,0
16040,opted_in,gated_content,8,0,4,0,0,0
16041,opted_in,gated_content,7,1,1,0,1,0
16042,opted_in,import,13,1,7,1,1,0
16043,opted_in,event,3,0,0,0,0,0
16044,opted_in,newsletter,0,0,2,0,0,0
16045,opted_in,newsletter,6,1,0,1,0,0
16046,opted_in,newsletter,6,2,2,0,0,1
16047,opted_in,newsletter,16,2,5,0,0,0
16048,opted_in,event,5,0,0,0,0,0
16049,unknown,unknown,11,3,0,0,0,1
16050,opted_in,event,10,1,4,0,0,0
16051,opted_in,signup_form,7,1,1,0,0,0
16052,opted_in,event,10,1,0,0,0,0
16053,opted_in,event,8,1,4,1,0,0
16054,opted_out,signup_form,5,0,0,1,0,0
16055,opted_in,import,15,1,1,1,0,0
16056,unknown,unknown,5,1,0,1,0,0
16057,opted_in,import,5,1,5,0,1,1
16058,opted_in,event,7,0,2,1,0,0
16059,opted_in,import,7,0,2,0,0,0
16060,opted_out,event,5,1,0,2,0,0
16061,opted_in,signup_form,1,1,2,2,0,0
16062,opted_in,import,0,0,1,0,0,0
16063,opted_in,newsletter,4,0,0,0,0,0
16064,opted_in,signup_form,11,2,5,3,1,0
16065,opted_in,import,10,1,6,1,0,0
16066,opted_in,event,4,2,3,0,0,0
16067,unknown,unknown,4,2,0,0,0,0
16068,opted_in,newsletter,11,2,3,1,0,0
16069,opted_in,gated_content,10,3,7,0,0,0
16070,opted_in,import,12,2,2,0,0,0
16071,opted_in,signup_form,1,1,2,0,0,0
16072,unknown,unknown,12,3,0,0,0,0
16073,opted_out,event,7,2,0,0,0,0
16074,opted_in,gated_content,11,1,0,0,1,0
16075,opted_in,event,12,3,3,0,1,1
16076,opted_out,newsletter,8,1,0,0,0,0
16077,opted_in,event,10,2,2,1,0,0
16078,unknown,unknown,10,1,0,1,1,0
16079,unknown,unknown,12,2,0,1,0,0
16080,opted_in,import,7,2,4,0,0,0
16081,opted_in,import,11,2,2,1,0,0
16082,opted_in,newsletter,9,1,4,1,1,0
16083,opted_in,gated_content,16,1,4,2,0,0
16084,opted_in,newsletter,12,0,3,1,1,0
16085,opted_in,newsletter,4,1,0,1,0,0
16086,opted_in,newsletter,5,0,0,1,0,0
16087,opted_in,import,9,1,4,0,0,0
16088,opted_in,gated_content,15,2,8,0,1,0
16089,opted_in,import,4,0,5,0,0,0
16090,opted_in,gated_content,5,2,0,2,0,0
16091,opted_in,event,7,0,5,1,0,1
16092,opted_in,import,10,1,7,1,0,0
16093,opted_in,import,8,1,0,1,0,0
16094,opted_in,import,10,1,3,1,1,0
16095,opted_in,signup_form,9,0,1,1,0,0
16096,opted_in,signup_form,5,3,5,2,0,0
16097,opted_in,signup_form,8,3,1,1,0,0
16098,unknown,unknown,5,1,0,0,0,0
16099,opted_in,newsletter,4,2,3,1,1,0
16100,opted_in,signup_form,11,2,4,0,0,0
16101,opted_out,newsletter,3,1,0,1,0,1
16102,unknown,unknown,9,3,0,0,0,0
16103,opted_in,newsletter,2,0,0,0,0,0
16104,opted_in,import,10,2,1,0,0,1
16105,opted_in,event,6,1,3,1,0,1
16106,unknown,unknown,8,2,0,1,0,0
16107,unknown,unknown,0,0,0,1,0,0
16108,opted_in,newsletter,12,2,1,0,0,0
16109,opted_out,import,6,1,0,0,0,0
16110,unknown,unknown,9,0,0,2,1,0
16111,opted_in,event,4,1,0,0,0,0
16112,opted_in,import,14,2,8,2,1,0
16113,opted_in,gated_content,15,0,2,1,0,0
16114,unknown,unknown,7,0,0,0,1,0
16115,opted_in,newsletter,4,2,2,1,0,0
16116,opted_in,event,8,1,3,0,1,0
16117,opted_in,import,14,1,6,3,1,0
16118,unknown,unknown,10,3,0,0,0,0
16119,opted_in,import,10,2,4,1,1,1
16120,opted_in,event,7,3,1,1,0,0
16121,unknown,unknown,11,1,0,1,1,0
16122,opted_in,event,13,3,3,0,0,0
16123,opted_in,newsletter,7,2,6,0,0,0
16124,opted_in,newsletter,12,1,5,2,1,0
16125,unknown,unknown,15,3,0,1,0,0
16126,opted_in,signup_form,5,2,0,0,0,0
16127,opted_in,signup_form,12,1,2,1,0,0
16128,opted_out,event,7,1,0,0,0,0
16129,opted_in,newsletter,5,0,5,1,0,0
16130,unknown,unknown,8,0,0,0,0,0
16131,opted_in,signup_form,10,3,5,1,1,0
16132,opted_in,signup_form,7,0,0,0,0,0
16133,unknown,unknown,6,0,0,0,0,0
16134,opted_in,gated_content,14,1,7,0,0,0
16135,opted_in,import,0,0,0,1,0,0
16136,unknown,unknown,0,0,0,0,0,0
16137,unknown,unknown,3,3,0,0,0,0
16138,opted_in,event,11,1,3,2,1,0
16139,opted_in,event,7,2,5,2,0,0
16140,opted_in,event,8,3,2,0,0,0
16141,opted_out,import,5,2,0,0,0,0
16142,opted_in,event,7,1,2,0,0,0
16143,unknown,unknown,3,0,0,1,0,0
16144,opted_in,signup_form,4,3,2,0,0,0
16145,opted_in,signup_form,4,0,1,0,1,0
16146,opted_out,import,10,2,0,1,0,0
16147,opted_in,newsletter,9,4,3,2,0,0
16148,opted_in,gated_content,13,2,5,1,0,0
16149,opted_in,import,4,2,4,0,0,0
16150,opted_in,event,8,1,6,1,0,1
16152,opted_in,newsletter,14,2,2,1,1,0
16153,unknown,unknown,7,0,0,1,0,0
16155,opted_in,import,4,0,2,0,0,0
16156,opted_in,event,12,2,5,1,1,0
16157,unknown,unknown,7,3,0,2,1,0
16158,opted_in,newsletter,11,1,5,0,0,0
16159,opted_in,signup_form,5,1,2,1,0,0
16160,opted_in,event,12,1,9,0,1,0
16161,opted_in,gated_content,12,2,2,2,0,0
16162,opted_in,gated_content,5,1,1,0,0,0
16163,opted_in,gated_content,4,3,5,3,1,0
16164,opted_in,gated_content,9,1,4,3,1,1
16165,unknown,unknown,2,0,0,2,0,0
16166,unknown,unknown,9,0,0,1,0,0
16167,opted_in,event,9,3,4,0,0,0
16168,unknown,unknown,6,2,0,2,0,0
16169,opted_in,gated_content,6,2,3,0,1,0
16170,opted_in,event,6,1,3,1,0,1
16171,unknown,unknown,0,0,0,0,0,1
16172,opted_in,gated_content,8,0,0,0,0,0
16173,opted_in,signup_form,13,2,4,2,1,1
16174,opted_in,gated_content,12,3,3,0,1,1
16175,opted_in,event,16,1,5,0,0,0
16176,opted_out,import,9,3,0,1,0,1
16177,opted_in,gated_content,8,1,4,2,0,0
16178,unknown,unknown,8,0,0,0,1,0
16179,opted_in,newsletter,10,1,0,1,0,0
16180,opted_in,event,15,2,5,3,0,1
16181,opted_in,signup_form,6,0,3,1,0,0
16182,unknown,unknown,7,2,0,1,0,0
16183,unknown,unknown,3,0,0,1,0,0
16184,opted_in,event,13,4,4,3,1,0
16185,unknown,unknown,9,2,0,0,0,0
16186,opted_in,newsletter,8,3,4,0,0,1
16187,opted_in,newsletter,7,0,4,1,0,0
16188,opted_in,import,13,1,2,0,0,0
16189,opted_out,import,12,3,0,1,0,0
16190,unknown,unknown,3,1,0,1,0,1
16191,opted_in,newsletter,10,1,2,0,0,1
16192,opted_out,newsletter,10,3,0,2,0,0
16193,opted_in,gated_content,12,1,2,3,1,0
16194,opted_in,newsletter,13,1,4,0,0,0
16195,opted_in,signup_form,11,2,5,1,1,0
16196,opted_in,event,5,0,0,0,0,0
16197,opted_in,signup_form,8,0,3,0,0,0
16198,opted_in,signup_form,11,2,0,1,0,0
16199,opted_in,newsletter,3,1,0,0,1,0
16200,opted_in,gated_content,7,2,0,2,0,0
16201,opted_in,import,1,1,0,0,0,0
16202,opted_in,signup_form,13,2,0,0,0,0
16203,opted_in,import,0,0,3,0,0,0
16204,opted_in,newsletter,0,0,0,2,0,0
16205,opted_in,event,13,1,0,0,0,0
16206,opted_in,signup_form,10,3,3,0,1,0
16207,opted_in,newsletter,3,3,0,0,0,0
16208,opted_in,signup_form,4,2,4,0,0,0
16209,unknown,unknown,12,2,0,0,0,0
16210,opted_in,newsletter,9,2,5,0,1,0
16211,opted_in,event,11,2,4,1,1,0
16212,opted_in,event,7,1,5,1,0,0
16213,opted_in,event,4,1,0,0,0,0
16214,unknown,unknown,7,1,0,0,0,0
16215,opted_in,newsletter,12,1,8,2,0,0
16216,opted_in,signup_form,9,2,2,0,1,0
16217,opted_in,gated_content,4,0,0,0,0,0
16218,opted_in,gated_content,2,0,3,0,0,0
16219,opted_in,import,8,0,3,0,0,0
16221,opted_out,newsletter,11,3,0,1,0,0
16222,opted_in,event,5,1,2,0,0,0
16223,opted_in,gated_content,15,2,6,1,1,0
16224,opted_in,newsletter,10,2,3,0,0,0
16225,opted_in,newsletter,12,1,0,2,1,0
16226,unknown,unknown,6,0,0,0,0,0
16227,opted_in,import,4,2,4,1,0,0
16228,opted_in,signup_form,12,2,3,0,0,0
16229,opted_in,signup_form,5,3,1,0,0,0
16230,opted_in,event,6,0,2,0,0,0
16231,unknown,unknown,5,4,0,1,0,0
16232,opted_in,gated_content,0,0,0,0,0,0
16233,opted_in,import,6,2,6,0,1,0
16234,opted_in,newsletter,2,0,0,0,0,0
16235,unknown,unknown,6,0,0,0,0,1
16236,opted_in,gated_content,7,1,5,0,0,0
16237,unknown,unknown,16,1,0,0,1,0
16238,opted_in,event,2,1,4,1,0,0
16239,opted_in,gated_content,14,0,3,2,1,0
16240,opted_in,import,3,0,2,1,0,0
16241,unknown,unknown,11,4,0,2,0,0
16242,opted_out,signup_form,5,1,0,0,0,0
16243,unknown,unknown,4,0,0,0,0,0
16244,opted_in,import,9,2,3,0,1,0
16245,unknown,unknown,10,1,0,1,0,0
16246,opted_in,newsletter,11,2,4,1,0,0
16247,opted_in,newsletter,15,2,8,1,1,0
16248,opted_in,import,3,1,1,0,0,0
16249,unknown,unknown,4,1,0,3,0,0
16250,opted_out,event,6,1,0,2,1,0
16251,opted_in,gated_content,5,0,2,0,0,0
16252,opted_in,newsletter,2,0,3,0,0,0
16253,opted_in,event,1,1,1,0,0,0
16254,unknown,unknown,9,0,0,1,1,0
16255,opted_in,event,7,0,1,1,0,0
16256,unknown,unknown,13,4,0,1,1,1
16257,opted_in,signup_form,4,3,3,0,0,0
16258,unknown,unknown,4,3,0,1,0,0
16259,opted_out,newsletter,14,3,0,0,1,0
16260,opted_in,newsletter,7,2,1,0,0,0
16261,opted_in,gated_content,8,0,0,0,0,0
16262,opted_in,gated_content,8,1,4,1,1,1
16263,opted_in,signup_form,15,1,0,3,0,0
16264,opted_in,event,7,0,4,0,0,0
16265,opted_in,import,10,1,4,0,1,0
16266,unknown,unknown,13,1,0,1,1,0
16267,opted_in,import,8,1,4,1,0,0
16268,unknown,unknown,10,1,0,2,0,0
16269,unknown,unknown,12,3,0,2,0,0
16270,opted_out,event,5,0,0,0,0,0
16271,unknown,unknown,12,2,0,0,1,0
16272,opted_in,event,2,1,2,0,0,0
16273,opted_in,gated_content,1,1,0,0,0,0
16274,opted_in,signup_form,10,1,6,1,0,1
16275,opted_in,newsletter,7,1,5,1,1,0
16276,opted_in,newsletter,0,0,0,1,0,0
16277,opted_in,event,5,1,0,0,0,0
16278,opted_out,newsletter,17,2,0,0,0,0
16279,opted_in,signup_form,7,4,4,2,1,0
16280,opted_in,newsletter,2,0,1,0,0,0
16281,unknown,unknown,8,1,0,1,0,0
16282,unknown,unknown,10,1,0,0,0,0
16283,opted_in,newsletter,5,0,4,2,0,0
16284,opted_in,newsletter,5,0,0,0,0,0
16285,opted_in,import,7,1,4,0,0,0
16286,opted_in,event,10,1,2,1,1,0
16287,opted_in,gated_content,5,0,2,0,0,0
16288,opted_in,signup_form,10,1,3,1,0,0
16289,opted_in,gated_content,1,0,0,1,0,0
16290,opted_in,event,15,3,2,0,0,0
16291,opted_in,gated_content,2,0,0,2,0,0
16292,unknown,unknown,4,2,0,1,0,0
16293,opted_in,signup_form,15,4,4,2,1,1
16294,unknown,unknown,11,2,0,2,0,0
16295,opted_in,newsletter,16,2,3,1,0,1
16296,unknown,unknown,3,1,0,1,0,0
16297,opted_in,signup_form,10,0,0,1,0,0
16298,opted_in,event,8,1,6,0,0,0
16299,opted_in,gated_content,10,0,2,1,0,1
16300,opted_in,gated_content,18,4,2,1,1,0
16301,unknown,unknown,2,0,0,1,0,0
16302,opted_in,newsletter,6,0,0,0,0,0
16303,opted_in,gated_content,0,0,3,0,0,0
16304,unknown,unknown,5,1,0,0,0,0
16305,opted_in,event,5,0,0,0,0,0
16306,opted_in,event,5,2,4,0,0,0
16307,opted_in,newsletter,6,1,0,1,0,0
16308,unknown,unknown,3,0,0,2,0,0
16309,opted_out,signup_form,6,1,0,1,0,0
16310,opted_in,signup_form,15,2,5,2,1,0
16311,opted_in,gated_content,4,1,5,2,1,0
16312,opted_in,event,14,1,3,1,0,0
16313,opted_out,event,0,0,0,0,0,0
16314,opted_in,event,5,1,0,1,0,0
16315,opted_in,import,12,0,1,3,0,0
16316,opted_in,signup_form,9,3,5,1,0,0
16317,unknown,unknown,0,0,0,1,0,0
16318,opted_in,signup_form,5,1,1,1,1,0
16319,opted_in,event,7,1,5,0,0,0
16320,opted_in,event,2,2,0,0,0,0
16321,unknown,unknown,7,1,0,2,0,0
16322,unknown,unknown,11,4,0,0,1,0
16323,opted_in,newsletter,12,1,2,0,1,0
16324,opted_in,import,13,1,2,0,0,1
16325,opted_in,signup_form,13,2,4,0,1,0
16326,opted_out,signup_form,11,1,0,0,0,0
16327,opted_in,event,8,2,5,0,0,0
16328,opted_in,gated_content,8,0,1,0,0,0
16329,opted_in,newsletter,11,3,3,0,0,0
16330,opted_in,newsletter,5,1,2,1,0,0
16331,opted_in,gated_content,4,3,5,2,1,1
16332,unknown,unknown,14,1,0,1,0,0
16333,opted_in,signup_form,3,0,3,1,0,0
16334,opted_in,newsletter,4,0,4,0,0,0
16335,opted_in,event,4,0,2,0,0,0
16336,opted_in,gated_content,10,3,8,2,1,0
16337,opted_out,import,4,1,0,0,0,0
16338,opted_in,event,10,3,5,1,1,0
16339,opted_in,gated_content,8,1,3,1,1,0
16340,opted_in,gated_content,0,0,5,1,0,0
16341,opted_in,event,6,2,3,2,0,0
16342,opted_in,import,3,3,4,1,0,0
16343,opted_in,event,2,0,5,0,0,0
16344,opted_in,event,7,1,2,1,1,0
16345,opted_in,signup_form,12,1,1,0,1,0
16346,opted_in,event,1,1,3,1,0,0
16347,opted_in,event,1,0,0,1,0,0
16348,unknown,unknown,12,2,0,0,0,0
16349,opted_in,newsletter,13,3,5,0,1,1
16350,opted_in,newsletter,3,1,0,0,0,0
16351,opted_in,event,1,1,0,0,0,0
16352,opted_in,gated_content,4,1,0,0,0,0
16353,opted_in,signup_form,7,2,5,1,0,0
16354,opted_in,signup_form,9,3,5,0,1,0
16355,opted_in,signup_form,8,1,1,0,0,0
16356,opted_in,newsletter,7,1,3,1,0,0
16357,unknown,unknown,8,0,0,0,0,0
16358,opted_in,gated_content,10,1,5,0,0,0
16359,unknown,unknown,17,2,0,2,1,1
16360,opted_in,signup_form,14,0,4,1,1,1
16361,opted_in,signup_form,7,0,0,0,0,1
16362,opted_in,signup_form,12,3,4,1,0,1
16363,opted_in,gated_content,11,0,3,1,0,0
16364,opted_in,signup_form,1,1,1,1,0,0
16365,opted_in,newsletter,11,2,1,1,0,0
16366,unknown,unknown,13,0,0,2,0,0
16367,unknown,unknown,12,1,0,2,1,0
16368,opted_in,newsletter,8,2,2,1,0,0
16369,opted_in,signup_form,10,1,7,1,1,0
16370,opted_in,import,8,2,4,0,1,0
16371,opted_in,gated_content,6,2,0,0,0,0
16372,opted_in,newsletter,8,2,3,1,0,0
16373,opted_in,import,12,3,3,1,0,0
16374,unknown,unknown,20,2,0,2,1,0
16375,opted_in,newsletter,12,1,7,2,0,0
16376,opted_in,event,0,0,0,1,0,0
16377,opted_in,newsletter,9,1,1,0,0,0
16378,opted_in,newsletter,11,0,6,1,1,0
16379,opted_in,event,13,2,0,1,0,1
16380,opted_in,import,8,2,3,1,0,0
16381,unknown,unknown,8,0,0,1,0,0
16382,unknown,unknown,12,3,0,1,1,0
16383,opted_in,signup_form,9,0,5,0,1,0
16384,unknown,unknown,5,1,0,1,0,1
16385,opted_in,event,11,3,5,2,0,0
16386,unknown,unknown,0,0,0,0,0,1
16387,opted_in,event,9,2,0,0,0,0
16388,opted_in,gated_content,11,1,3,0,0,0
16389,opted_in,gated_content,11,1,3,2,0,0
16390,opted_in,gated_content,4,0,2,0,0,0
16391,opted_in,event,12,1,5,2,1,0
16392,opted_out,gated_content,10,3,0,0,0,0
16393,opted_out,event,12,1,0,0,0,1
16394,opted_in,event,13,0,6,1,1,0
16395,opted_in,newsletter,6,0,2,0,0,0
16396,opted_in,import,11,1,4,1,0,0
16397,opted_out,gated_content,11,2,0,2,0,0
16398,opted_in,newsletter,12,3,2,1,0,0
16399,opted_in,gated_content,11,1,3,0,0,0
16400,opted_in,signup_form,6,1,0,0,0,0
16401,opted_in,signup_form,3,2,0,1,0,0
16402,opted_in,newsletter,8,0,2,0,0,0
16403,opted_in,event,9,1,3,3,1,0
16404,unknown,unknown,5,1,0,1,1,0
16405,opted_in,import,1,0,2,0,0,0
16406,opted_out,signup_form,3,0,0,0,0,0
16407,opted_in,gated_content,9,0,0,0,0,0
16408,opted_in,event,5,0,2,1,1,0
16409,unknown,unknown,4,0,0,0,1,0
16410,unknown,unknown,10,2,0,1,1,0
16411,opted_out,event,5,2,0,1,0,0
16412,opted_in,import,18,3,6,2,0,0
16413,opted_in,import,10,2,3,1,0,0
16414,opted_in,signup_form,4,2,6,0,0,0
16415,opted_in,newsletter,9,0,6,3,0,0
16416,unknown,unknown,15,2,0,0,0,0
16417,unknown,unknown,11,2,0,0,0,0
16418,opted_in,import,3,0,2,1,1,0
16419,opted_in,import,2,1,3,2,0,1
16420,unknown,unknown,6,0,0,0,0,1
16421,opted_in,signup_form,3,0,2,3,0,0
16422,opted_in,event,6,1,5,2,0,0
16423,unknown,unknown,9,1,0,0,0,0
16424,unknown,unknown,13,2,0,2,0,1
16425,opted_in,newsletter,10,3,4,2,0,0
16426,opted_in,newsletter,8,2,4,0,0,0
16427,unknown,unknown,1,0,0,1,0,0
16428,opted_out,signup_form,3,2,0,0,1,0
16429,opted_in,event,0,0,2,0,0,0
16430,opted_in,import,0,0,0,1,0,0
16431,opted_in,newsletter,6,1,3,1,0,0
16432,opted_in,gated_content,15,2,2,1,0,0
16433,opted_in,gated_content,6,1,1,0,0,0
16434,opted_in,gated_content,4,0,3,0,0,0
16435,opted_in,event,9,0,3,0,1,0
16436,opted_in,event,11,1,0,0,0,0
16437,opted_in,signup_form,2,1,5,1,0,0
16438,opted_in,newsletter,5,2,2,1,0,0
16439,opted_in,event,13,2,4,0,0,0
16440,unknown,unknown,8,1,0,1,0,0
16441,opted_in,gated_content,5,1,2,0,0,0
16442,opted_in,event,6,0,5,1,1,0
16443,opted_in,newsletter,8,0,4,2,0,0
16444,unknown,unknown,5,1,0,1,0,0
16445,opted_in,signup_form,10,0,0,0,0,0
16446,opted_in,gated_content,1,1,3,1,1,0
16447,opted_out,event,9,3,0,2,1,0
16448,opted_in,event,6,0,2,0,0,0
16449,opted_in,gated_content,8,1,1,0,0,0
16450,opted_in,gated_content,10,2,5,1,0,0
16451,opted_in,gated_content,1,1,0,1,0,0
16452,opted_in,gated_content,10,2,6,0,0,0
16453,opted_in,event,6,1,2,2,0,0
16454,opted_in,event,0,0,1,0,0,0
16455,unknown,unknown,5,0,0,1,0,0
16456,opted_in,event,9,3,2,0,0,0
16457,opted_in,import,12,2,6,1,1,0
16458,opted_in,signup_form,10,1,3,0,1,1
16459,opted_in,event,10,2,5,2,0,1
16460,unknown,unknown,4,1,0,0,0,0
16461,opted_in,gated_content,4,0,0,2,0,0
16462,opted_in,gated_content,12,2,5,0,0,0
16463,opted_in,newsletter,14,1,6,0,0,0
16464,opted_in,event,5,0,3,0,0,0
16465,opted_in,newsletter,8,1,7,0,0,0
16466,opted_in,import,12,4,7,0,0,0
16467,opted_in,event,10,4,2,1,0,0
16468,opted_in,event,13,1,3,0,1,0
16469,opted_in,signup_form,11,2,3,1,1,0
16470,opted_in,gated_content,8,1,0,1,0,0
16471,unknown,unknown,18,2,0,1,1,0
16472,opted_in,import,4,2,0,0,0,0
16473,opted_in,event,10,0,0,0,0,0
16474,opted_out,event,9,2,0,1,0,0
16475,opted_in,newsletter,1,0,0,1,0,0
16476,opted_in,signup_form,11,2,2,1,0,0
16477,unknown,unknown,13,3,0,0,1,0
16478,opted_in,signup_form,11,0,2,1,1,0
16479,opted_in,newsletter,9,2,0,0,0,0
16480,opted_in,gated_content,10,0,5,0,0,0
16481,unknown,unknown,13,2,0,0,0,0
16482,opted_in,newsletter,3,2,3,2,0,0
16483,unknown,unknown,13,3,0,0,0,0
16484,opted_in,event,13,1,1,2,1,0
16485,unknown,unknown,11,2,0,2,0,0
16486,opted_in,signup_form,12,3,4,1,1,0
16487,opted_in,import,11,3,6,1,1,0
16488,opted_out,event,2,0,0,0,0,0
16489,unknown,unknown,6,1,0,0,0,0
16490,opted_in,event,6,1,2,0,0,0
16491,opted_in,signup_form,10,1,0,0,0,0
16492,opted_in,newsletter,10,2,8,1,0,0
16493,opted_in,event,8,2,3,0,0,0
16494,unknown,unknown,3,1,0,0,0,0
16495,opted_out,newsletter,13,2,0,0,0,0
16496,unknown,unknown,6,2,0,1,1,1
16497,opted_in,signup_form,13,1,6,2,1,0
16498,opted_in,event,7,3,4,1,1,1
16499,opted_in,gated_content,10,2,3,0,1,0
16500,opted_in,signup_form,6,1,1,0,0,0
16501,opted_in,import,11,2,0,0,0,0
16502,opted_in,signup_form,15,2,2,1,1,0
16503,opted_in,event,4,2,0,0,1,0
16504,opted_in,signup_form,12,0,7,1,0,0
16505,unknown,unknown,5,0,0,1,0,0
16506,opted_in,import,9,0,4,1,1,1
16507,opted_in,signup_form,10,1,5,1,1,0
16508,opted_in,event,10,3,6,0,0,0
16509,unknown,unknown,8,2,0,1,1,0
16510,unknown,unknown,3,0,0,0,0,1
16511,opted_in,signup_form,13,0,3,1,0,0
16513,opted_in,newsletter,11,0,3,0,0,0
16515,opted_out,event,12,2,0,0,1,1
16516,opted_in,gated_content,12,1,4,0,0,0
16517,unknown,unknown,13,2,0,1,1,0
16518,opted_in,signup_form,7,3,3,0,0,0
16519,opted_in,import,3,1,0,0,0,0
16520,opted_in,gated_content,15,4,5,2,1,0
16521,opted_out,gated_content,9,3,0,0,0,0
16522,opted_in,signup_form,9,0,3,2,0,0
16523,opted_in,event,3,2,6,0,0,0
16524,opted_in,signup_form,8,1,6,2,1,0
16525,opted_in,newsletter,9,3,1,2,0,0
16526,opted_in,gated_content,14,3,2,1,1,0
16527,opted_in,gated_content,12,0,6,1,1,0
16528,opted_out,newsletter,15,0,0,1,1,0
16529,opted_in,newsletter,10,1,3,1,0,0
16530,opted_in,newsletter,13,3,8,2,0,0
16531,opted_in,newsletter,6,2,1,0,0,1
16532,unknown,unknown,11,1,0,1,0,0
16533,unknown,unknown,8,4,0,0,0,0
16534,opted_in,event,9,2,3,2,0,0
16535,unknown,unknown,12,4,0,1,1,0
16536,opted_in,signup_form,14,1,2,2,0,0
16537,opted_in,newsletter,8,2,3,0,0,0
16538,opted_in,event,10,3,2,1,0,0
16539,unknown,unknown,7,1,0,1,1,0
16540,opted_in,signup_form,6,3,3,1,0,0
16541,unknown,unknown,13,3,0,0,1,1
16542,opted_in,event,9,1,4,1,0,0
16543,opted_in,gated_content,6,2,5,1,0,0
16544,opted_in,import,4,1,5,0,0,0
16545,opted_out,gated_content,0,0,0,0,0,0
16546,opted_in,event,12,1,3,0,0,0
16547,unknown,unknown,11,3,0,1,1,0
16548,opted_in,newsletter,4,2,1,1,0,0
16549,opted_in,newsletter,5,0,1,1,0,0
16550,opted_out,event,3,1,0,1,0,0
16551,opted_in,gated_content,12,3,5,1,1,0
16552,opted_in,signup_form,9,2,7,1,0,0
16553,unknown,unknown,4,2,0,1,1,0
16554,unknown,unknown,10,3,0,1,1,1
16555,opted_in,gated_content,3,1,2,0,0,0
16556,opted_in,gated_content,1,0,4,0,0,0
16557,opted_in,import,7,1,2,1,0,0
16558,opted_in,signup_form,16,3,4,1,1,0
16559,unknown,unknown,12,2,0,1,1,0
16560,opted_in,gated_content,8,3,1,1,0,0
16561,opted_in,gated_content,8,1,4,1,1,0
16562,opted_in,gated_content,4,0,2,1,0,0
16563,opted_in,gated_content,10,1,3,0,1,0
16564,opted_in,newsletter,10,3,2,1,0,0
16565,opted_in,newsletter,5,2,2,0,0,0
16566,opted_out,import,11,2,0,1,0,0
16567,opted_out,newsletter,6,0,0,0,0,0
16568,opted_in,signup_form,12,2,3,1,1,0
16569,opted_out,event,8,3,0,1,0,0
16570,opted_in,import,14,3,6,1,0,1
16571,opted_out,signup_form,8,2,0,0,0,0
16572,unknown,unknown,1,0,0,1,0,0
16573,opted_in,signup_form,12,3,2,1,0,1
16574,opted_in,gated_content,17,3,5,0,0,0
16576,opted_in,import,8,2,2,0,1,0
16577,opted_in,signup_form,14,1,4,1,0,0
16578,opted_out,newsletter,4,1,0,0,0,0
16579,unknown,unknown,11,3,0,2,1,0
16581,opted_in,event,6,1,0,1,0,0
16582,unknown,unknown,10,2,0,1,0,0
16583,opted_out,newsletter,14,1,0,1,0,0
16584,opted_in,signup_form,11,3,2,1,0,0
16585,unknown,unknown,9,3,0,1,0,0
16586,opted_out,gated_content,13,0,0,1,1,0
16587,opted_in,signup_form,6,0,0,0,0,0
16588,opted_in,event,16,1,5,1,0,0
16589,opted_in,gated_content,9,3,3,0,0,0
16590,opted_in,import,11,2,4,0,0,0
16591,opted_out,import,12,2,0,0,1,0
16592,opted_in,gated_content,13,2,3,1,1,0
16593,unknown,unknown,13,0,0,1,0,0
16594,opted_in,import,5,1,2,0,0,0
16595,opted_in,event,12,3,2,1,1,0
16596,opted_in,gated_content,7,1,6,1,0,0
16597,opted_in,event,8,2,5,1,1,0
16598,opted_in,gated_content,10,3,4,0,0,0
16599,opted_in,signup_form,6,1,2,0,0,0
16600,opted_in,newsletter,4,1,1,2,1,0
16601,unknown,unknown,8,3,0,2,1,0
16602,opted_in,newsletter,6,2,2,0,0,0
16603,opted_in,import,6,1,1,0,1,0
16604,unknown,unknown,4,1,0,0,0,0
16605,opted_in,newsletter,6,0,1,0,0,0
16606,opted_out,import,6,2,0,1,0,0
16607,opted_in,event,9,1,1,0,0,0
16608,opted_in,event,11,2,3,2,1,0
16609,opted_in,import,10,1,1,0,0,0
16610,opted_in,import,3,2,4,1,1,0
16611,opted_in,signup_form,12,3,1,1,0,1
16612,opted_in,import,7,0,2,0,0,0
16613,opted_in,newsletter,0,0,1,0,0,0
16614,opted_in,gated_content,11,3,4,3,1,0
16615,opted_out,newsletter,6,1,0,2,0,0
16616,opted_in,import,6,1,4,2,0,0
16617,unknown,unknown,9,1,0,0,0,0
16618,unknown,unknown,6,1,0,0,0,0
16619,opted_in,signup_form,14,0,4,0,0,1
16620,opted_in,signup_form,16,3,5,2,1,0
16621,unknown,unknown,0,0,0,0,0,0
16622,opted_in,event,5,1,5,2,1,0
16623,unknown,unknown,0,0,0,1,0,1
16624,opted_in,import,9,0,6,1,0,0
16625,opted_in,signup_form,12,2,5,2,0,0
16626,opted_in,newsletter,8,0,2,2,0,0
16627,opted_in,gated_content,11,3,2,0,1,0
16628,opted_in,signup_form,10,1,5,1,0,0
16629,opted_in,gated_content,9,2,5,0,0,0
16630,opted_in,signup_form,13,0,3,1,1,0
16631,opted_in,signup_form,1,1,0,1,0,0
16632,opted_in,newsletter,7,0,2,0,0,0
16633,opted_in,gated_content,12,0,3,1,0,1
16634,opted_in,event,4,0,0,1,0,0
16635,opted_out,newsletter,3,1,0,0,0,0
16636,opted_in,import,14,2,0,1,0,1
16637,opted_in,event,8,3,2,0,0,0
16638,unknown,unknown,5,1,0,1,0,1
16639,opted_out,gated_content,4,1,0,0,0,0
16640,opted_in,import,5,2,5,1,0,0
16641,unknown,unknown,4,1,0,1,0,0
16642,opted_in,gated_content,5,0,7,2,0,1
16643,opted_in,signup_form,8,1,1,0,0,0
16644,unknown,unknown,7,3,0,0,1,1
16645,opted_in,signup_form,11,2,4,0,1,0
16646,unknown,unknown,5,1,0,0,0,0
16647,opted_in,newsletter,3,1,0,0,0,0
16648,opted_in,signup_form,12,3,2,1,0,0
16649,opted_in,gated_content,1,0,5,0,1,1
16650,opted_in,newsletter,3,0,2,0,0,0
16651,opted_in,newsletter,6,0,0,1,0,0
16652,opted_in,gated_content,12,1,4,1,0,1
16653,opted_in,signup_form,12,4,5,0,0,0
16654,unknown,unknown,9,3,0,0,1,0
16655,opted_in,signup_form,13,3,0,0,1,0
16656,opted_in,event,3,1,1,0,0,0
16657,opted_in,gated_content,5,2,1,1,0,0
16658,opted_out,signup_form,12,1,0,1,0,0
16659,unknown,unknown,2,0,0,0,0,0
16660,opted_in,signup_form,8,2,0,0,0,1
16661,unknown,unknown,0,0,0,0,0,0
16662,opted_in,newsletter,7,2,1,1,0,0
16663,opted_in,import,10,2,1,1,0,0
16664,opted_in,gated_content,4,1,0,0,0,1
16665,opted_in,signup_form,11,1,1,0,0,0
16666,opted_in,newsletter,4,1,4,0,0,0
16667,opted_in,event,11,2,2,0,0,1
16668,opted_in,event,8,2,1,0,1,1
16669,opted_in,gated_content,6,1,2,1,0,0
16670,unknown,unknown,6,0,0,0,0,0
16671,opted_in,signup_form,10,2,2,0,0,0
16672,opted_in,gated_content,10,2,2,1,0,0
16673,opted_in,import,11,4,7,1,1,0
16674,unknown,unknown,12,3,0,3,1,1
16675,opted_in,event,6,0,0,0,0,0
16676,opted_out,event,0,0,0,1,0,0
16677,opted_out,signup_form,7,0,0,0,0,0
16678,opted_in,event,11,3,4,0,0,1
16679,opted_in,signup_form,12,1,4,1,0,0
16680,opted_in,gated_content,13,2,3,0,0,0
16681,unknown,unknown,11,1,0,2,1,1
16682,opted_in,newsletter,5,2,5,0,0,0
16683,opted_in,newsletter,5,1,0,1,0,0
16684,unknown,unknown,0,0,0,1,0,0
16685,unknown,unknown,12,2,0,2,0,0
16686,opted_in,newsletter,6,2,4,3,0,0
16687,opted_in,event,17,1,2,1,1,1
16688,unknown,unknown,12,2,0,0,0,0
16689,opted_in,gated_content,9,1,6,2,0,0
16690,opted_in,event,10,1,1,1,0,0
16691,opted_in,signup_form,7,1,2,1,1,0
16692,unknown,unknown,16,2,0,0,1,0
16693,opted_in,newsletter,13,3,3,0,0,0
16694,unknown,unknown,6,2,0,0,0,0
16695,unknown,unknown,4,2,0,0,0,0
16696,unknown,unknown,14,1,0,1,0,1
16697,opted_in,gated_content,8,2,1,0,0,0
16698,unknown,unknown,7,0,0,1,0,0
16699,opted_in,import,4,3,3,0,0,0
16700,opted_in,event,11,2,1,1,1,0
16701,opted_in,import,8,0,1,0,0,0
16702,opted_in,gated_content,8,2,1,1,1,0
16704,opted_in,import,5,0,2,0,1,0
16705,opted_in,newsletter,5,0,2,1,0,0
16706,opted_in,event,5,1,1,0,0,0
16707,opted_in,import,8,0,6,1,1,0
16708,opted_in,gated_content,11,3,5,1,1,0
16709,opted_in,newsletter,7,2,3,0,0,0
16710,opted_in,newsletter,7,1,1,1,0,0
16711,unknown,unknown,8,1,0,0,1,0
16712,opted_in,signup_form,10,2,0,1,0,0
16713,opted_in,newsletter,13,2,2,1,0,0
16714,opted_in,gated_content,0,0,5,0,1,1
16715,opted_in,import,11,2,3,0,0,0
16716,unknown,unknown,14,3,0,0,0,0
16717,opted_in,gated_content,12,2,9,2,0,0
16718,unknown,unknown,3,2,0,0,0,0
16719,opted_in,import,12,0,3,3,0,1
16720,opted_in,signup_form,4,0,2,0,0,0
16721,unknown,unknown,10,2,0,0,0,0
16722,opted_in,newsletter,7,1,3,2,0,0
16723,opted_in,import,13,1,0,0,0,1
16724,opted_in,import,10,2,1,2,1,0
16725,opted_in,event,5,0,0,0,0,0
16726,opted_in,import,1,0,0,0,0,0
16727,opted_in,gated_content,0,0,0,0,0,0
16728,opted_in,gated_content,16,5,3,2,0,0
16729,opted_in,newsletter,15,5,3,0,0,0
16730,opted_in,signup_form,7,1,4,2,0,0
16731,opted_in,gated_content,11,1,0,0,1,1
16732,unknown,unknown,13,3,0,0,0,1
16733,opted_in,gated_content,5,1,5,0,0,0
16734,opted_in,signup_form,6,0,1,2,0,0
16735,opted_in,gated_content,5,2,5,0,0,1
16736,opted_in,signup_form,12,2,0,1,0,0
16737,unknown,unknown,4,1,0,1,0,0
16738,unknown,unknown,11,3,0,0,0,0
16739,unknown,unknown,10,3,0,0,0,1
16740,opted_in,event,10,3,6,0,0,0
16741,opted_in,signup_form,6,0,3,2,0,0
16742,opted_out,import,5,1,0,0,0,0
16743,opted_in,event,9,3,0,1,0,0
16744,opted_in,gated_content,7,2,0,2,0,0
16745,opted_in,newsletter,4,0,2,1,0,0
16746,opted_in,signup_form,1,1,3,0,0,0
16747,opted_in,newsletter,9,3,2,0,1,0
16748,opted_in,import,9,3,4,0,0,0
16749,unknown,unknown,2,1,0,0,0,0
16750,opted_in,gated_content,9,2,0,1,0,0
16751,opted_in,event,3,2,2,1,0,0
16752,opted_out,event,4,1,0,0,0,0
16753,opted_in,import,7,1,4,0,0,0
16754,opted_in,signup_form,6,1,3,0,1,0
16755,unknown,unknown,12,2,0,1,0,0
16756,opted_in,gated_content,5,0,3,0,0,0
16757,opted_in,gated_content,2,2,4,0,0,0
16758,opted_in,event,5,2,4,1,0,0
16759,opted_in,signup_form,8,2,4,1,1,1
16760,unknown,unknown,0,0,0,0,0,0
16761,opted_in,signup_form,5,0,4,0,0,1
16762,opted_in,gated_content,4,1,3,2,0,0
16763,opted_in,newsletter,3,1,4,0,0,0
16764,opted_in,event,12,2,6,1,1,0
16765,opted_in,gated_content,10,4,3,2,0,0
16766,opted_in,import,13,4,2,1,1,0
16767,opted_out,newsletter,7,3,0,2,1,0
16768,opted_in,event,6,1,3,0,0,0
16769,opted_in,signup_form,6,3,2,0,0,0
16770,unknown,unknown,5,1,0,2,0,0
16771,opted_in,signup_form,11,1,4,1,0,0
16772,opted_in,gated_content,11,0,3,1,0,0
16773,opted_in,newsletter,7,0,3,0,0,0
16774,opted_in,event,10,2,1,0,0,0
16775,opted_in,event,6,0,4,2,0,0
16776,opted_in,gated_content,8,1,0,1,0,0
16777,opted_in,signup_form,7,3,4,2,1,0
16778,opted_in,newsletter,14,4,1,0,0,0
16779,unknown,unknown,9,2,0,2,0,0
16780,unknown,unknown,9,1,0,1,1,0
16781,unknown,unknown,0,0,0,1,0,0
16782,opted_in,newsletter,9,0,3,1,0,0
16783,unknown,unknown,8,3,0,1,0,0
16784,opted_in,signup_form,8,1,4,1,0,0
16785,unknown,unknown,8,0,0,0,1,0
16786,unknown,unknown,8,0,0,0,0,0
16787,opted_in,import,4,1,0,0,0,0
16788,opted_in,newsletter,9,1,4,0,1,0
16789,opted_in,gated_content,15,2,5,1,1,0
16790,opted_in,signup_form,5,1,0,1,0,0
16791,unknown,unknown,13,1,0,1,0,0
16792,opted_in,import,8,0,3,2,0,0
16793,opted_in,event,5,2,3,0,1,0
16794,opted_in,event,12,3,1,0,0,0
16795,opted_in,event,4,2,2,0,0,0
16796,opted_in,import,12,5,3,2,1,1
16797,opted_in,gated_content,4,2,3,1,0,0
16798,opted_in,newsletter,13,2,2,0,0,0
16799,unknown,unknown,3,0,0,1,1,0
16800,unknown,unknown,8,3,0,1,1,0
16801,opted_in,import,10,1,4,1,0,0
16802,opted_in,gated_content,5,0,3,0,0,0
16803,opted_in,gated_content,6,0,6,0,0,0
16804,opted_in,newsletter,15,1,1,0,0,0
16805,unknown,unknown,7,1,0,1,1,0
16806,opted_in,signup_form,9,3,2,0,0,0
16807,opted_out,event,12,1,0,1,0,0
16808,opted_in,signup_form,6,0,0,0,0,0
16809,opted_in,event,11,1,0,0,1,0
16810,opted_out,import,4,2,0,1,0,0
16811,opted_in,signup_form,13,1,1,1,0,0
16812,opted_in,newsletter,8,2,3,0,0,0
16813,opted_out,gated_content,2,2,0,0,0,0
16814,opted_in,event,14,4,4,2,0,0
16815,opted_in,newsletter,9,2,3,2,0,0
16816,opted_in,gated_content,5,0,3,1,0,0
16817,opted_in,signup_form,9,4,5,1,0,0
16818,unknown,unknown,12,2,0,2,1,0
16819,opted_in,signup_form,12,3,6,2,1,0
16820,opted_in,gated_content,11,2,4,3,0,0
16821,opted_in,newsletter,9,2,3,0,0,0
16822,opted_in,gated_content,6,0,2,1,0,0
16823,unknown,unknown,14,0,0,0,0,0
16824,opted_out,event,8,2,0,2,0,0
16825,opted_in,newsletter,10,3,4,0,0,0
16826,opted_in,event,17,3,1,0,0,0
16827,opted_in,newsletter,3,0,3,0,0,0
16828,opted_in,newsletter,11,3,2,0,1,0
16829,unknown,unknown,4,0,0,1,0,0
16830,opted_in,newsletter,5,0,2,1,0,0
16831,unknown,unknown,10,0,0,0,0,1
16832,opted_in,event,8,0,1,0,1,0
16833,opted_out,gated_content,9,1,0,1,1,0
16834,opted_in,newsletter,11,3,6,1,0,0
16835,opted_in,event,9,2,0,1,0,0
16836,unknown,unknown,10,1,0,0,0,0
16837,opted_in,gated_content,11,0,2,0,0,0
16838,opted_in,newsletter,7,2,1,1,0,0
16839,opted_in,newsletter,14,2,8,1,1,0
16840,opted_in,newsletter,14,2,3,0,0,0
16841,unknown,unknown,6,1,0,1,0,0
16842,opted_out,gated_content,8,0,0,0,0,0
16843,unknown,unknown,13,2,0,1,1,0
16844,opted_in,newsletter,4,0,0,1,0,0
16845,opted_in,event,10,4,2,2,0,0
16846,opted_in,event,8,0,5,2,1,0
16847,opted_in,event,7,2,3,2,0,0
16848,opted_in,newsletter,8,2,3,1,0,0
16849,opted_in,signup_form,10,0,5,0,0,0
16850,opted_in,signup_form,7,3,5,0,0,0
16851,opted_in,signup_form,11,2,6,2,0,1
16852,opted_in,signup_form,4,1,2,1,0,0
16854,opted_in,event,5,0,0,0,0,0
16855,opted_out,event,8,0,0,1,0,0
16856,opted_in,event,7,1,3,0,1,0
16857,opted_in,newsletter,7,0,3,0,0,0
16858,opted_in,import,14,4,5,2,1,0
16859,opted_in,signup_form,7,2,2,0,0,0
16860,opted_in,newsletter,9,2,2,0,1,0
16861,opted_in,import,1,1,3,0,0,0
16862,opted_out,import,2,1,0,0,0,0
16863,unknown,unknown,14,2,0,1,0,0
16864,opted_in,newsletter,1,1,3,0,0,0
16865,opted_in,gated_content,11,2,2,1,0,0
16866,opted_in,gated_content,13,3,5,1,0,0
16867,opted_in,newsletter,12,1,6,1,0,0
16868,unknown,unknown,8,1,0,1,1,0
16869,opted_in,signup_form,2,0,0,0,0,0
16870,opted_in,event,8,0,6,0,0,0
16871,unknown,unknown,7,1,0,2,0,0
16872,unknown,unknown,7,3,0,0,0,0
16873,unknown,unknown,9,1,0,0,0,0
16874,opted_in,signup_form,10,2,9,1,1,0
16875,unknown,unknown,11,2,0,0,0,0
16876,unknown,unknown,10,2,0,1,0,0
16877,opted_out,signup_form,4,3,0,1,0,0
16878,opted_in,signup_form,3,0,0,0,0,1
16880,opted_in,signup_form,10,0,0,0,0,0
16881,unknown,unknown,9,3,0,0,0,0
16882,opted_in,event,10,1,0,2,1,0
16883,unknown,unknown,4,2,0,1,0,0
16884,opted_in,signup_form,8,1,5,1,0,0
16885,opted_out,event,13,3,0,1,0,0
16886,opted_in,gated_content,12,3,3,1,0,0
16887,unknown,unknown,6,1,0,0,1,0
16888,opted_in,signup_form,1,1,7,1,0,0
16889,opted_in,newsletter,4,1,0,0,0,0
16890,opted_in,import,4,0,4,0,0,0
16891,opted_in,gated_content,9,1,2,0,1,0
16892,opted_in,import,6,1,3,0,0,0
16893,opted_in,signup_form,4,0,1,0,0,1
16894,opted_out,newsletter,12,1,0,2,0,0
16895,opted_in,event,7,3,7,1,1,0
16896,opted_in,gated_content,10,1,0,1,0,0
16897,opted_in,import,5,2,4,0,0,0
16898,unknown,unknown,14,2,0,1,1,0
16899,opted_in,event,9,1,4,1,1,0
16900,opted_in,import,12,0,2,2,0,1
16901,opted_in,gated_content,9,0,0,1,0,0
16902,opted_in,event,6,0,4,0,0,0
16903,opted_in,gated_content,1,0,3,0,0,0
16904,opted_in,import,9,1,2,2,1,0
16905,opted_in,import,8,2,3,2,0,0
16906,opted_in,event,14,2,6,1,1,0
16907,opted_in,event,7,1,4,1,0,0
16908,opted_in,newsletter,7,2,0,0,0,1
16909,opted_in,event,0,0,0,0,0,0
16910,opted_out,gated_content,9,3,0,0,1,0
16911,opted_out,signup_form,6,1,0,0,0,0
16912,unknown,unknown,8,0,0,0,0,0
16913,opted_in,import,12,1,6,0,1,0
16914,opted_out,event,6,1,0,0,0,0
16915,unknown,unknown,7,1,0,0,1,0
16916,opted_in,newsletter,16,6,8,2,1,0
16917,opted_in,gated_content,7,0,5,0,0,0
16918,opted_in,signup_form,10,0,3,0,1,0
16919,opted_in,event,8,2,5,0,1,0
16920,unknown,unknown,9,2,0,0,0,1
16921,unknown,unknown,7,0,0,1,1,1
16922,opted_in,import,7,3,2,1,0,0
16923,unknown,unknown,10,2,0,1,0,0
16924,opted_in,import,7,1,3,0,0,0
16925,opted_in,import,8,1,0,2,0,0
16926,unknown,unknown,8,2,0,0,0,0
16927,opted_in,newsletter,4,1,5,1,0,1
16928,unknown,unknown,5,2,0,1,0,1
16929,opted_out,import,5,0,0,0,0,0
16930,opted_in,gated_content,5,1,4,1,0,0
16931,opted_in,gated_content,12,2,3,0,0,1
16932,unknown,unknown,0,0,0,0,0,0
16933,opted_in,newsletter,13,1,1,1,0,0
16934,opted_in,gated_content,13,1,2,0,0,0
16935,opted_out,gated_content,5,2,0,2,0,0
16936,opted_in,signup_form,8,1,4,1,1,0
16937,unknown,unknown,2,2,0,2,0,0
16938,opted_in,import,9,3,4,2,0,0
16939,opted_out,newsletter,0,0,0,0,0,0
16940,unknown,unknown,9,2,0,0,0,0
16941,opted_in,gated_content,14,0,2,1,1,1
16942,opted_out,gated_content,11,1,0,1,0,0
16943,unknown,unknown,11,3,0,0,1,0
16944,opted_in,signup_form,7,3,2,1,0,0
16945,opted_in,signup_form,6,0,1,0,0,0
16946,opted_out,newsletter,1,0,0,1,0,0
16947,unknown,unknown,13,2,0,2,0,1
16948,unknown,unknown,2,1,0,0,0,0
16949,opted_in,signup_form,17,2,6,2,0,1
16950,opted_in,gated_content,17,4,6,0,1,0
16951,opted_in,newsletter,5,0,4,0,0,0
16952,opted_in,signup_form,5,2,0,0,0,0
16953,opted_in,event,9,2,0,2,0,0
16954,unknown,unknown,11,0,0,1,0,1
16955,opted_in,import,19,3,2,2,1,0
16956,opted_in,import,13,0,2,0,0,0
16957,unknown,unknown,3,0,0,0,0,0
16958,unknown,unknown,1,1,0,0,1,0
16959,opted_in,signup_form,3,1,4,0,0,0
16960,opted_out,gated_content,13,0,0,1,0,0
16961,opted_in,newsletter,4,0,2,0,0,0
16962,unknown,unknown,4,1,0,0,0,0
16963,opted_in,event,9,4,4,0,1,0
16964,opted_out,signup_form,6,0,0,2,0,0
16965,opted_in,event,9,1,4,1,0,0
16966,opted_in,newsletter,10,1,2,0,1,0
16967,opted_in,import,10,1,5,0,0,0
16968,opted_in,import,3,2,2,1,0,0
16969,opted_in,event,0,0,4,1,0,0
16970,opted_in,gated_content,12,0,3,0,0,0
16971,opted_in,import,7,1,4,0,0,0
16972,opted_in,import,3,0,0,1,0,1
16973,opted_in,newsletter,19,1,7,0,1,0
16974,opted_in,signup_form,12,2,0,1,0,0
16975,opted_out,import,9,2,0,1,0,0
16976,opted_in,gated_content,14,3,5,1,0,0
16977,opted_in,signup_form,11,3,0,0,1,1
16978,opted_in,newsletter,14,1,3,1,0,1
16979,opted_in,newsletter,7,1,1,0,0,0
16980,opted_in,event,8,2,2,2,1,0
16982,opted_in,signup_form,12,3,8,1,1,0
16983,opted_in,import,5,1,0,0,0,0
16984,opted_in,gated_content,8,2,2,1,1,0
16985,opted_out,signup_form,9,2,0,1,1,0
16986,opted_in,event,1,0,1,0,0,0
16987,opted_in,newsletter,11,3,6,1,1,0
16988,unknown,unknown,0,0,0,1,0,0
16989,opted_in,event,12,2,1,0,0,0
16990,opted_in,event,2,0,2,0,1,0
16991,opted_in,import,1,0,3,0,0,0
16992,unknown,unknown,5,1,0,0,0,0
16993,unknown,unknown,4,2,0,1,0,0
16996,unknown,unknown,11,1,0,3,0,0
16997,opted_out,signup_form,5,0,0,2,0,0
16998,opted_in,newsletter,7,3,4,0,0,0
16999,opted_in,signup_form,14,0,1,2,0,1
17000,unknown,unknown,7,2,0,0,1,0
17001,opted_in,newsletter,8,2,6,1,0,0
17002,opted_in,gated_content,9,1,0,0,0,0
17003,unknown,unknown,9,4,0,0,0,0
17004,unknown,unknown,16,1,0,1,1,1
17005,opted_in,gated_content,11,1,4,1,0,1
17006,opted_in,gated_content,10,1,4,2,0,0
17007,opted_out,signup_form,1,1,0,1,1,0
17008,opted_in,newsletter,8,2,2,1,0,1
17009,opted_in,newsletter,13,3,6,2,1,0
17010,opted_out,newsletter,9,2,0,1,0,0
17011,opted_in,newsletter,4,1,4,0,0,0
17012,opted_in,event,6,1,3,0,0,0
17014,opted_out,import,0,0,0,1,0,0
17015,opted_in,import,12,4,3,0,1,0
17016,opted_in,signup_form,6,0,0,0,0,1
17017,opted_in,signup_form,2,1,2,1,0,0
17018,unknown,unknown,5,2,0,1,0,0
17019,opted_out,gated_content,10,0,0,0,1,0
17020,opted_out,gated_content,4,1,0,1,0,0
17021,opted_in,event,4,2,0,0,1,1
17022,opted_in,signup_form,14,3,4,2,0,0
17023,opted_in,gated_content,8,1,5,1,0,0
17024,unknown,unknown,7,0,0,0,0,0
17025,unknown,unknown,7,0,0,0,0,0
17026,opted_in,import,4,0,0,0,0,0
17027,unknown,unknown,12,1,0,0,0,1
17028,unknown,unknown,5,1,0,0,0,0
17029,opted_in,newsletter,3,0,3,2,1,0
17030,unknown,unknown,11,1,0,2,0,0
17031,opted_in,gated_content,6,1,0,1,0,0
17032,opted_in,newsletter,6,3,4,2,0,1
17033,opted_in,newsletter,12,0,4,2,1,0
17034,opted_in,newsletter,6,1,5,1,0,1
17035,unknown,unknown,9,2,0,1,1,0
17036,unknown,unknown,3,0,0,1,0,0
17037,opted_in,import,5,1,1,1,0,0
17038,opted_in,import,6,1,4,0,0,0
17039,opted_out,signup_form,8,1,0,2,0,0
17040,opted_in,newsletter,13,3,3,1,0,0
17041,opted_out,gated_content,7,3,0,1,0,0
17042,unknown,unknown,10,0,0,1,0,0
17043,opted_in,gated_content,9,1,2,0,1,0
17044,unknown,unknown,1,0,0,1,0,0
17045,opted_in,event,6,2,3,1,0,0
17046,opted_in,newsletter,11,2,3,1,0,0
17047,opted_in,newsletter,17,4,4,2,1,0
17048,opted_in,event,8,4,1,0,1,0
17049,opted_out,import,0,0,0,1,0,1
17050,opted_in,signup_form,4,1,3,0,1,0
17051,opted_out,event,10,3,0,0,1,0
17052,opted_in,import,5,0,3,0,0,0
17053,unknown,unknown,4,1,0,0,0,0
17054,opted_in,signup_form,5,2,1,1,0,0
17055,opted_in,event,10,3,5,1,0,1
17056,opted_in,newsletter,13,1,8,1,0,0
17057,unknown,unknown,5,0,0,0,0,0
17058,opted_in,import,12,1,1,1,0,0
17059,unknown,unknown,8,2,0,0,0,0
17060,opted_in,import,0,0,0,1,0,0
17061,opted_in,import,6,2,0,1,1,0
17062,opted_in,event,2,0,0,1,0,0
17063,opted_in,event,10,2,4,0,0,0
17064,unknown,unknown,6,2,0,2,1,0
17065,unknown,unknown,5,1,0,0,0,0
17066,opted_in,import,8,1,4,0,0,0
17067,opted_out,event,6,2,0,1,0,0
17068,opted_in,import,10,0,3,1,0,0
17069,unknown,unknown,6,2,0,0,0,0
17070,opted_in,signup_form,4,0,1,0,0,0
17071,unknown,unknown,10,2,0,1,1,0
17072,unknown,unknown,12,1,0,1,0,0
17073,opted_in,event,4,2,1,0,0,0
17074,opted_in,signup_form,15,3,3,2,0,1
17075,opted_in,gated_content,12,1,0,1,0,0
17076,opted_in,gated_content,7,0,5,1,0,0
17077,opted_in,signup_form,14,3,2,1,0,0
17078,opted_in,event,5,3,2,0,0,0
17079,opted_in,import,8,3,5,1,0,0
17080,opted_in,signup_form,2,0,0,0,0,0
17081,opted_in,gated_content,7,1,4,1,0,0
17082,opted_in,import,12,3,1,1,1,0
17083,opted_in,import,16,2,3,2,0,0
17084,opted_in,import,10,2,3,1,0,1
17085,opted_in,import,5,2,2,1,0,0
17086,unknown,unknown,10,1,0,0,0,0
17087,opted_in,signup_form,5,2,2,1,0,0
17088,opted_in,event,10,3,2,0,0,0
17089,opted_in,gated_content,12,1,2,0,0,0
17090,opted_in,signup_form,8,2,0,1,0,0
17091,opted_in,newsletter,14,2,0,0,0,1
17092,opted_in,signup_form,12,0,2,0,0,0
17093,opted_in,signup_form,3,0,0,1,0,0
17094,opted_in,newsletter,6,2,2,1,0,0
17095,opted_out,event,3,3,0,1,0,0
17096,opted_in,newsletter,9,1,1,0,0,0
17097,unknown,unknown,5,1,0,2,0,0
17098,opted_in,import,15,1,2,2,0,0
17099,unknown,unknown,13,2,0,0,0,0
17100,opted_in,event,9,0,6,2,0,0
17101,opted_in,signup_form,19,5,6,0,1,0
17102,opted_in,import,4,1,1,1,0,0
17103,unknown,unknown,4,1,0,1,0,1
17104,opted_in,newsletter,12,3,7,1,1,0
17105,opted_in,newsletter,4,4,4,0,0,0
17106,opted_in,event,3,0,1,0,0,0
17107,opted_in,import,13,1,5,1,1,0
17108,opted_in,signup_form,7,1,3,0,0,1
17109,opted_in,signup_form,15,1,6,1,1,0
17110,opted_in,newsletter,8,1,5,0,0,0
17111,opted_in,import,12,2,4,2,0,0
17112,opted_out,import,13,1,0,1,0,0
17113,opted_in,event,5,0,0,0,0,0
17114,unknown,unknown,11,1,0,0,0,0
17115,opted_in,import,9,3,5,1,1,1
17116,unknown,unknown,6,1,0,1,0,0
17117,opted_in,newsletter,2,1,4,0,0,0
17118,unknown,unknown,11,2,0,1,1,0
17119,unknown,unknown,4,1,0,0,1,0
17120,opted_in,import,6,1,4,2,1,0
17121,opted_in,import,2,1,3,1,0,0
17122,unknown,unknown,9,3,0,2,1,0
17123,opted_in,import,11,2,0,1,0,1
17124,opted_in,import,9,2,4,1,1,0
17125,unknown,unknown,16,2,0,0,0,0
17126,unknown,unknown,6,0,0,0,0,0
17127,unknown,unknown,1,0,0,0,0,0
17128,unknown,unknown,10,0,0,1,1,1
17129,opted_in,signup_form,2,1,3,1,0,0
17131,opted_in,gated_content,16,5,5,2,1,0
17132,opted_in,signup_form,18,2,6,2,1,0
17133,opted_in,signup_form,9,2,5,0,1,0
17134,opted_in,import,12,1,2,0,0,0
17135,opted_in,import,10,1,3,1,0,0
17136,opted_in,signup_form,5,1,0,1,0,0
17137,opted_in,import,2,0,1,0,0,0
17138,unknown,unknown,9,3,0,1,0,0
17139,opted_in,import,12,2,8,1,0,0
17140,opted_in,newsletter,4,2,3,0,0,0
17141,unknown,unknown,12,2,0,1,0,0
17142,unknown,unknown,15,4,0,2,1,0
17143,opted_in,signup_form,14,2,6,1,0,0
17144,unknown,unknown,11,1,0,0,0,0
17145,opted_out,signup_form,2,1,0,0,0,0
17146,opted_in,signup_form,18,2,5,2,0,0
17147,opted_in,signup_form,9,5,4,1,0,0
17148,opted_in,newsletter,8,1,1,0,0,0
17149,opted_in,import,10,1,1,2,0,0
17150,unknown,unknown,5,1,0,1,0,0
17151,opted_out,newsletter,7,0,0,0,0,0
17152,opted_in,newsletter,10,1,5,1,1,0
17153,opted_out,signup_form,3,3,0,0,0,0
17154,opted_out,gated_content,13,3,0,1,1,1
17155,opted_out,gated_content,6,1,0,0,0,0
17156,unknown,unknown,10,3,0,2,0,1
17157,opted_in,newsletter,8,1,3,1,0,0
17158,opted_in,newsletter,13,1,9,1,0,0
17159,unknown,unknown,3,1,0,0,0,0
17160,opted_in,import,7,2,3,1,0,0
17161,opted_out,newsletter,8,1,0,1,0,0
17162,opted_in,gated_content,5,1,2,0,0,0
17163,opted_out,signup_form,5,1,0,1,0,0
17164,unknown,unknown,15,2,0,0,1,0
17165,opted_in,gated_content,6,1,2,0,0,0
17166,opted_in,import,13,2,6,1,1,0
17167,opted_in,signup_form,10,2,5,1,0,0
17168,opted_in,import,4,2,0,0,1,0
17169,opted_in,newsletter,17,1,6,0,1,0
17170,opted_in,gated_content,7,2,3,1,1,0
17171,unknown,unknown,2,1,0,0,0,0
17172,opted_in,event,6,1,3,1,0,1
17173,opted_out,newsletter,6,1,0,1,0,1
17174,opted_in,newsletter,4,0,5,0,0,0
17175,opted_in,newsletter,11,1,0,1,0,0
17176,opted_in,event,6,4,1,0,1,0
17177,opted_in,signup_form,15,1,4,1,1,0
17178,opted_in,event,3,0,0,0,0,0
17179,opted_in,import,10,0,1,0,0,0
17180,opted_out,newsletter,7,1,0,1,0,0
17181,opted_in,import,14,1,3,2,0,0
17182,opted_in,event,7,2,4,1,0,0
17183,opted_in,newsletter,6,2,3,2,0,0
17184,opted_out,gated_content,1,0,0,0,1,0
17185,unknown,unknown,2,0,0,0,0,0
17186,opted_in,import,0,0,3,0,0,0
17187,opted_in,signup_form,10,3,4,2,1,0
17188,opted_in,event,7,4,2,0,0,0
17189,opted_in,event,6,1,1,0,0,0
17190,opted_in,gated_content,6,0,7,0,0,1
17191,opted_in,event,10,0,6,1,0,0
17192,opted_in,newsletter,6,0,0,1,0,0
17193,opted_in,signup_form,4,0,0,0,0,0
17194,opted_in,event,3,2,2,2,0,0
17195,unknown,unknown,9,0,0,0,0,0
17196,opted_in,import,11,0,6,0,1,1
17197,opted_in,newsletter,15,2,5,1,1,0
17198,opted_in,gated_content,15,0,3,2,0,0
17199,unknown,unknown,9,3,0,2,1,1
17200,opted_in,gated_content,0,0,5,0,0,0
17201,unknown,unknown,8,2,0,2,1,0
17202,opted_in,newsletter,6,1,1,1,0,0
17203,opted_in,signup_form,11,1,2,1,0,0
17204,opted_in,signup_form,8,0,5,3,1,1
17205,opted_in,newsletter,11,2,4,0,0,0
17206,opted_in,newsletter,12,2,8,0,0,0
17207,opted_in,event,10,2,2,1,0,0
17208,opted_out,signup_form,8,1,0,1,1,0
17209,unknown,unknown,19,1,0,0,1,0
17210,unknown,unknown,7,2,0,0,0,0
17211,unknown,unknown,11,1,0,0,0,0
17212,opted_out,import,10,2,0,0,0,0
17213,opted_out,newsletter,2,1,0,1,0,0
17214,opted_in,signup_form,8,1,1,0,0,0
17215,opted_in,event,8,3,4,1,0,0
17216,opted_in,newsletter,16,3,4,0,1,1
17217,opted_in,newsletter,8,2,1,0,0,0
17218,opted_in,import,13,2,5,1,0,0
17219,unknown,unknown,12,2,0,0,0,1
17220,opted_in,event,10,2,1,2,0,1
17221,unknown,unknown,17,2,0,1,1,0
17222,opted_out,gated_content,8,2,0,0,0,0
17223,opted_in,newsletter,6,1,2,0,0,1
17224,opted_in,import,5,1,0,0,0,0
17225,opted_in,event,5,2,1,0,0,0
17226,opted_in,newsletter,9,1,3,0,1,0
17227,unknown,unknown,4,4,0,0,0,0
17228,opted_in,newsletter,2,0,5,2,0,0
17229,opted_in,newsletter,10,1,0,1,0,0
17230,opted_in,import,8,1,5,0,0,0
17231,opted_in,event,6,0,2,0,0,0
17232,opted_in,import,5,1,6,0,0,0
17233,opted_in,signup_form,0,0,5,0,0,0
17234,unknown,unknown,10,0,0,0,0,0
17235,opted_in,gated_content,11,1,2,0,1,0
17236,unknown,unknown,3,1,0,1,0,0
17237,unknown,unknown,7,1,0,0,0,0
17238,opted_in,signup_form,6,0,2,0,0,0
17239,opted_in,gated_content,10,0,5,0,0,0
17240,opted_in,import,12,2,4,0,0,0
17241,opted_in,event,3,1,2,2,1,0
17242,opted_in,event,8,0,2,0,0,0
17243,unknown,unknown,0,0,0,0,0,0
17244,opted_in,signup_form,4,0,4,0,0,0
17245,opted_in,import,9,2,8,0,1,0
17246,opted_in,signup_form,0,0,0,1,0,0
17247,unknown,unknown,22,4,0,2,1,1
17248,opted_in,newsletter,0,0,0,0,0,0
17249,opted_out,signup_form,7,1,0,1,0,0
17250,opted_in,import,11,0,5,2,0,0
17251,opted_in,gated_content,13,1,2,2,0,0
17252,opted_in,newsletter,10,2,2,2,1,0
17253,opted_in,newsletter,2,2,1,0,0,0
17254,opted_in,gated_content,6,2,1,0,0,0
17255,opted_in,gated_content,13,1,3,2,0,0
17256,unknown,unknown,5,2,0,1,0,0
17257,unknown,unknown,6,2,0,1,0,0
17258,unknown,unknown,17,2,0,2,1,1
17259,opted_in,gated_content,15,4,7,1,1,0
17260,opted_in,newsletter,9,1,4,0,0,0
17261,opted_out,newsletter,13,1,0,0,0,0
17262,opted_in,gated_content,13,1,4,1,0,0
17263,opted_out,gated_content,4,0,0,0,0,1
17264,opted_in,import,0,0,0,0,0,0
17265,opted_in,newsletter,1,1,1,1,0,0
17266,opted_in,gated_content,10,1,4,1,1,0
17267,opted_in,gated_content,11,1,1,0,0,0
17268,opted_in,event,10,2,5,2,1,0
17269,opted_in,gated_content,14,1,1,1,0,0
17270,opted_in,signup_form,9,0,2,0,0,0
17271,opted_in,gated_content,9,2,2,0,1,1
17272,unknown,unknown,0,0,0,1,0,0
17273,opted_in,signup_form,4,3,0,0,1,0
17274,opted_in,event,1,0,2,2,0,0
17275,opted_in,gated_content,9,0,3,0,0,0
17276,opted_in,signup_form,16,2,3,1,0,0
17277,opted_out,import,5,2,0,0,0,0
17278,opted_in,newsletter,8,0,0,0,0,0
17279,opted_in,import,8,3,5,2,0,0
17280,opted_in,gated_content,6,1,3,2,0,0
17281,unknown,unknown,2,1,0,1,0,0
17282,opted_in,newsletter,3,2,1,0,0,0
17283,opted_in,newsletter,6,1,4,0,0,0
17284,opted_in,gated_content,3,0,3,1,0,0
17285,unknown,unknown,11,2,0,0,0,0
17286,opted_in,import,14,2,4,1,1,0
17287,opted_in,event,6,1,0,1,0,0
17288,opted_in,newsletter,12,0,4,0,1,0
17289,opted_in,event,10,2,1,2,0,0
17290,opted_in,event,8,0,1,0,0,0
17291,opted_in,event,9,1,1,0,0,0
17292,opted_in,gated_content,10,1,3,0,0,0
17293,opted_in,signup_form,7,3,4,2,1,0
17294,opted_in,event,11,3,3,1,1,0
17295,opted_in,import,13,3,5,2,1,0
17296,opted_in,signup_form,9,4,5,0,0,0
17297,unknown,unknown,3,2,0,1,0,0
17298,opted_out,newsletter,8,4,0,0,0,0
17299,opted_in,import,3,0,0,1,0,0
17300,opted_in,signup_form,8,1,0,0,0,0
17301,opted_in,event,10,3,6,1,0,0
17302,opted_in,import,2,0,3,0,0,0
17303,opted_out,newsletter,16,1,0,1,0,1
17304,opted_in,signup_form,11,2,4,1,0,0
17305,opted_in,gated_content,13,2,2,2,1,0
17306,opted_in,import,10,1,4,1,0,0
17307,opted_in,signup_form,8,0,0,2,0,1
17308,unknown,unknown,4,2,0,0,0,0
17309,opted_in,event,18,2,4,0,0,0
17310,opted_in,import,12,3,4,2,1,0
17311,opted_in,import,8,2,3,0,0,0
17312,opted_in,newsletter,14,3,2,1,0,0
17313,opted_in,newsletter,9,3,6,1,0,0
17314,opted_in,import,6,1,0,1,0,0
17315,unknown,unknown,3,2,0,1,0,0
17316,unknown,unknown,12,3,0,1,0,0
17317,opted_in,newsletter,2,0,2,0,0,0
17318,opted_out,import,7,0,0,0,0,0
17319,opted_in,newsletter,6,0,5,0,0,0
17320,opted_in,signup_form,5,1,2,0,0,0
17321,unknown,unknown,14,0,0,0,1,0
17322,opted_in,newsletter,5,2,4,0,0,0
17323,opted_in,newsletter,14,1,1,1,0,0
17324,unknown,unknown,8,1,0,2,0,0
17325,opted_in,event,8,2,4,1,1,0
17326,unknown,unknown,11,1,0,0,0,0
17327,opted_in,gated_content,16,2,7,1,1,0
17328,unknown,unknown,1,1,0,0,0,1
17329,opted_in,gated_content,6,0,4,1,0,0
17330,opted_in,import,9,2,4,0,1,0
17331,opted_in,import,2,0,2,0,0,0
17332,unknown,unknown,11,1,0,1,0,0
17333,unknown,unknown,7,0,0,0,0,0
17334,opted_in,event,3,0,4,0,0,0
17335,unknown,unknown,3,1,0,0,0,0
17336,unknown,unknown,16,2,0,1,1,0
17337,opted_in,event,0,0,0,0,0,0
17338,opted_in,event,5,3,0,1,0,0
17339,unknown,unknown,2,0,0,1,0,1
17340,opted_out,event,6,1,0,1,0,0
17341,opted_in,newsletter,15,3,1,1,0,0
17342,opted_in,newsletter,7,0,0,0,0,0
17343,opted_in,gated_content,9,1,2,2,0,0
17344,opted_in,event,2,1,0,1,0,0
17345,opted_in,newsletter,6,4,2,1,0,1
17346,opted_in,event,17,3,2,1,1,0
17347,unknown,unknown,5,2,0,0,0,0
17348,opted_in,newsletter,12,2,1,2,0,1
17349,opted_in,newsletter,6,3,4,2,0,1
17350,opted_in,gated_content,10,1,0,1,1,0
17351,opted_in,event,10,2,4,0,0,0
17352,opted_in,gated_content,9,3,4,1,0,0
17353,opted_in,newsletter,11,3,6,1,1,0
17354,opted_in,newsletter,14,2,0,0,0,0
17355,opted_in,signup_form,9,1,8,1,1,0
17356,opted_in,event,12,3,5,2,1,0
17357,unknown,unknown,6,0,0,0,0,1
17358,opted_in,import,6,2,6,0,0,1
17359,opted_in,signup_form,11,2,4,0,1,0
17360,opted_in,import,9,2,6,0,0,0
17361,opted_in,signup_form,7,2,0,1,1,1
17362,opted_in,gated_content,6,2,4,1,0,1
17363,opted_in,event,4,1,4,2,0,0
17364,opted_in,event,12,1,5,1,1,0
17365,opted_in,signup_form,6,0,1,0,0,0
17366,opted_in,gated_content,4,0,1,1,0,0
17367,opted_in,newsletter,3,0,3,0,0,0
17368,opted_in,newsletter,13,1,4,0,0,0
17369,opted_in,import,9,0,2,2,0,0
17370,unknown,unknown,9,1,0,0,1,0
17371,opted_in,gated_content,11,0,2,1,1,0
17372,opted_in,signup_form,5,0,0,1,0,0
17373,opted_in,signup_form,6,0,3,0,1,0
17374,opted_in,newsletter,3,3,5,0,0,0
17375,opted_in,newsletter,9,1,4,0,0,0
17376,opted_in,gated_content,10,3,4,1,0,0
17377,opted_in,event,6,1,4,1,0,0
17378,unknown,unknown,9,3,0,0,0,1
17379,opted_in,event,15,2,4,1,0,0
17380,unknown,unknown,8,2,0,1,0,0
17381,opted_out,import,6,0,0,2,0,0
17382,opted_in,newsletter,9,1,0,0,0,0
17383,opted_in,import,12,2,2,1,1,0
17384,opted_in,gated_content,10,0,2,0,1,0
17385,opted_in,newsletter,13,2,6,1,0,0
17386,opted_in,signup_form,5,0,2,0,0,0
17387,opted_out,gated_content,11,0,0,1,0,0
17388,unknown,unknown,4,1,0,1,0,0
17389,opted_in,signup_form,10,6,6,2,1,1
17390,opted_in,newsletter,8,0,2,0,0,0
17391,opted_in,event,2,1,4,0,0,0
17392,unknown,unknown,13,1,0,0,0,0
17393,opted_in,signup_form,6,0,7,0,0,0
17394,opted_in,newsletter,10,1,2,1,1,0
17395,unknown,unknown,11,2,0,1,0,1
17396,opted_in,signup_form,8,3,2,1,0,0
17397,opted_in,event,0,0,1,0,0,0
17398,opted_in,gated_content,4,2,5,0,0,0
17400,opted_in,signup_form,7,1,0,1,0,0
17401,unknown,unknown,6,1,0,0,0,0
17402,unknown,unknown,9,2,0,0,1,0
17403,opted_out,gated_content,8,3,0,3,1,0
17404,opted_out,signup_form,3,3,0,1,0,0
17405,opted_in,newsletter,5,1,2,0,0,0
17406,opted_in,newsletter,1,1,0,0,0,0
17407,opted_in,newsletter,5,1,5,0,0,1
17408,opted_in,newsletter,2,0,3,1,0,0
17409,opted_in,event,6,2,4,0,1,0
17410,opted_in,import,11,2,1,1,0,0
17411,opted_out,newsletter,9,1,0,1,0,0
17412,opted_in,event,6,0,0,0,0,0
17413,opted_in,gated_content,8,0,3,1,0,0
17414,opted_in,gated_content,0,0,0,1,0,0
17415,opted_out,import,7,1,0,0,1,0
17416,opted_in,newsletter,9,0,1,2,0,1
17417,opted_in,signup_form,8,0,4,1,1,0
17418,opted_in,event,7,3,4,1,0,1
17419,opted_out,event,9,0,0,1,1,0
17420,opted_in,import,16,1,2,1,0,1
17421,opted_out,gated_content,8,1,0,1,0,0
17422,opted_in,gated_content,4,2,0,0,1,0
17423,opted_out,signup_form,0,0,0,0,0,0
17425,opted_in,gated_content,6,0,3,0,0,0
17426,opted_out,event,1,1,0,0,0,0
17427,opted_in,event,5,1,0,0,0,0
17428,opted_in,event,1,0,0,1,0,0
17429,opted_in,signup_form,5,0,0,1,0,0
17430,opted_out,import,7,0,0,1,0,1
17431,opted_out,gated_content,7,1,0,0,1,0
17432,opted_in,import,15,2,6,2,1,0
17433,opted_in,event,5,3,4,2,0,0
17434,opted_in,signup_form,1,0,0,0,0,0
17435,unknown,unknown,9,1,0,1,0,0
17436,opted_in,signup_form,3,1,0,0,0,0
17437,opted_in,event,11,1,1,0,0,0
17438,opted_in,import,0,0,3,0,0,0
17439,opted_in,signup_form,10,1,3,2,0,0
17440,unknown,unknown,3,2,0,0,1,0
17441,opted_in,newsletter,0,0,3,0,0,0
17442,unknown,unknown,4,1,0,1,0,0
17443,opted_in,gated_content,11,1,2,0,0,0
17444,unknown,unknown,7,2,0,1,1,0
17446,opted_in,newsletter,8,3,2,1,0,1
17447,opted_in,newsletter,1,0,0,0,0,0
17448,opted_in,gated_content,17,4,6,2,0,0
17449,opted_in,event,13,2,4,0,0,0
17450,unknown,unknown,17,4,0,1,1,1
17451,opted_in,import,3,2,1,0,0,0
17453,opted_in,import,10,1,1,1,0,0
17454,unknown,unknown,3,1,0,0,0,0
17455,opted_in,event,13,3,5,1,1,0
17456,opted_out,newsletter,6,0,0,1,0,1
17457,opted_in,signup_form,4,3,2,0,0,0
17458,opted_in,signup_form,4,1,0,1,0,0
17459,opted_in,event,13,1,4,1,0,0
17460,opted_out,event,9,2,0,1,0,0
17461,unknown,unknown,3,1,0,1,0,0
17462,opted_in,gated_content,5,1,0,0,0,0
17463,opted_in,import,10,3,7,2,1,0
17464,opted_in,newsletter,5,1,4,1,0,0
17465,opted_in,import,17,2,5,2,1,0
17466,opted_in,newsletter,3,1,8,1,0,0
17467,opted_out,import,10,1,0,0,0,0
17468,opted_out,event,0,0,0,1,0,0
17469,unknown,unknown,7,1,0,0,1,0
17470,opted_in,newsletter,6,2,0,0,0,0
17471,opted_in,event,5,2,3,0,0,0
17472,opted_in,import,11,1,1,0,0,1
17473,unknown,unknown,4,1,0,0,0,0
17474,opted_in,gated_content,11,1,5,1,1,0
17475,opted_in,event,6,0,2,1,1,1
17476,opted_in,event,10,0,4,1,0,0
17477,opted_in,newsletter,9,0,2,0,0,0
17478,opted_in,event,8,3,7,0,0,0
17479,opted_in,gated_content,6,1,2,0,0,0
17480,opted_in,event,5,0,4,1,0,0
17481,opted_in,gated_content,14,0,6,0,0,0
17482,opted_in,gated_content,8,3,1,2,0,0
17483,opted_out,import,2,1,0,2,0,0
17484,opted_in,import,11,0,0,0,0,0
17486,opted_in,import,7,0,0,0,0,0
17487,opted_in,newsletter,7,3,3,0,0,0
17488,unknown,unknown,15,3,0,2,0,1
17489,opted_in,newsletter,11,4,3,1,0,0
17490,opted_in,signup_form,7,3,2,0,0,0
17491,opted_in,gated_content,10,2,6,1,1,1
17492,opted_in,event,15,2,7,0,1,0
17493,opted_in,gated_content,7,0,0,1,0,0
17494,unknown,unknown,10,3,0,1,0,1
17495,opted_in,event,6,0,0,0,0,0
17496,opted_out,newsletter,5,2,0,1,0,1
17497,opted_in,import,4,3,6,2,0,1
17498,opted_in,signup_form,5,0,0,0,0,0
17499,opted_in,gated_content,5,1,1,1,0,0
17500,opted_in,gated_content,11,1,5,2,1,0
17501,unknown,unknown,4,4,0,1,0,0
17502,opted_in,signup_form,5,1,0,2,0,0
17503,opted_in,event,8,2,5,2,0,0
17504,opted_in,signup_form,5,1,2,0,0,0
17505,opted_out,newsletter,10,1,0,0,0,1
17506,opted_in,event,5,1,1,3,0,0
17507,unknown,unknown,6,2,0,1,0,0
17508,opted_in,signup_form,10,2,4,1,1,0
17509,opted_in,signup_form,5,1,4,0,1,0
17510,unknown,unknown,15,4,0,1,0,0
17511,opted_in,signup_form,7,3,4,1,1,0
17512,unknown,unknown,5,1,0,0,0,0
17513,opted_in,event,8,1,4,0,0,0
17514,opted_in,gated_content,8,1,2,0,0,0
17515,unknown,unknown,5,0,0,0,0,0
17516,opted_out,signup_form,8,2,0,1,0,1
17517,opted_in,import,7,1,3,2,1,0
17518,opted_in,signup_form,13,2,2,2,1,0
17519,opted_in,event,12,1,1,1,0,0
17520,unknown,unknown,5,2,0,2,1,0
17521,opted_in,gated_content,1,1,2,1,0,0
17522,opted_in,signup_form,9,4,1,1,0,0
17523,opted_in,gated_content,7,2,4,0,0,0
17524,unknown,unknown,6,1,0,1,0,0
17525,opted_in,gated_content,6,1,5,0,0,0
17526,unknown,unknown,11,2,0,0,0,0
17527,opted_in,gated_content,7,1,5,1,0,0
17528,opted_in,gated_content,15,2,7,2,1,0
17529,opted_in,signup_form,11,0,4,0,0,0
17530,opted_out,import,13,1,0,2,0,0
17531,opted_in,newsletter,1,0,0,0,0,0
17532,opted_in,event,10,1,0,1,1,0
17533,opted_in,event,0,0,1,0,0,0
17534,opted_in,import,9,2,2,0,0,0
17535,unknown,unknown,6,1,0,1,1,1
17536,opted_in,newsletter,15,1,6,1,1,0
17537,unknown,unknown,2,1,0,0,0,0
17538,opted_in,event,3,3,2,2,0,0
17539,opted_in,newsletter,10,2,3,1,0,0
17540,opted_in,event,10,2,2,1,0,0
17541,opted_in,signup_form,8,0,0,0,0,0
17542,opted_in,newsletter,12,3,3,2,1,0
17543,opted_in,newsletter,8,2,4,1,0,0
17544,opted_in,import,6,2,5,1,0,0
17545,opted_out,event,9,1,0,0,0,1
17547,unknown,unknown,15,2,0,2,1,0
17548,opted_in,newsletter,9,1,2,0,1,0
17549,opted_in,newsletter,15,3,3,1,0,0
17550,unknown,unknown,8,1,0,0,0,0
17551,opted_in,newsletter,16,5,6,0,1,0
17552,opted_in,newsletter,6,2,3,2,0,0
17553,opted_out,gated_content,11,1,0,2,0,0
17554,opted_out,event,2,1,0,0,0,0
17555,opted_in,signup_form,9,2,1,0,0,0
17556,opted_in,newsletter,8,3,4,2,0,0
17557,opted_in,gated_content,0,0,0,0,0,0
17558,opted_out,newsletter,3,3,0,0,0,0
17559,unknown,unknown,6,2,0,1,0,0
17560,unknown,unknown,11,3,0,1,0,0
17561,opted_in,event,5,0,4,0,0,0
17562,opted_in,event,1,1,2,0,0,0
17563,opted_in,gated_content,5,0,0,0,0,0
17564,opted_in,import,17,3,9,2,0,1
17565,opted_in,signup_form,16,3,2,1,1,1
17566,opted_in,newsletter,11,2,4,2,1,0
17567,opted_in,gated_content,8,2,3,1,0,0
17568,unknown,unknown,0,0,0,0,0,0
17569,opted_out,newsletter,4,1,0,0,0,0
17570,opted_in,import,2,1,0,1,0,0
17571,opted_in,signup_form,12,2,6,0,0,0
17572,opted_in,event,7,2,3,0,1,0
17573,opted_in,signup_form,11,1,2,1,0,1
17574,opted_in,import,13,3,1,0,1,0
17575,unknown,unknown,12,2,0,0,1,0
17576,opted_out,signup_form,3,1,0,1,0,0
17577,opted_in,signup_form,3,2,0,0,1,0
17578,unknown,unknown,4,0,0,0,0,0
17579,opted_in,gated_content,12,1,8,0,0,0
17580,opted_in,import,7,0,2,1,0,0
17581,opted_in,newsletter,10,0,2,1,0,0
17582,opted_in,event,11,0,3,1,0,1
17583,opted_in,signup_form,7,1,3,1,0,0
17584,opted_in,import,12,2,2,1,1,0
17585,opted_in,signup_form,10,3,5,2,0,1
17586,opted_in,import,6,2,2,3,0,0
17587,opted_in,event,6,1,0,2,0,0
17588,opted_in,newsletter,13,3,0,0,0,0
17589,opted_in,import,10,0,7,2,0,0
17590,opted_in,signup_form,4,3,2,0,0,0
17591,opted_in,event,9,0,4,0,1,0
17592,unknown,unknown,15,3,0,1,1,0
17593,opted_in,event,0,0,1,0,0,0
17594,opted_in,signup_form,8,2,1,0,1,0
17595,unknown,unknown,6,1,0,1,0,0
17596,opted_in,import,14,0,1,1,0,0
17597,opted_in,import,6,1,0,2,1,0
17598,opted_in,event,9,3,6,2,0,0
17599,opted_in,gated_content,2,0,3,0,0,0
17600,unknown,unknown,7,2,0,1,0,0
17601,opted_in,newsletter,3,1,4,1,0,1
17602,opted_in,signup_form,7,0,2,2,0,0
17603,unknown,unknown,7,2,0,1,0,0
17604,opted_in,event,15,4,5,2,1,1
17605,opted_out,gated_content,6,0,0,0,0,0
17606,opted_in,newsletter,13,2,4,1,1,0
17607,unknown,unknown,5,0,0,2,0,0
17608,opted_in,newsletter,11,1,3,1,0,0
17609,opted_out,event,4,1,0,1,1,1
17610,opted_in,event,12,2,5,1,0,0
17611,opted_in,import,10,1,2,1,1,0
17612,opted_out,gated_content,5,1,0,1,0,0
17613,opted_in,signup_form,13,2,3,0,0,0
17614,opted_in,import,11,0,0,1,0,0
17615,opted_in,signup_form,15,2,6,3,1,1
17616,opted_in,newsletter,11,2,2,2,1,0
17617,unknown,unknown,7,0,0,1,0,0
17618,opted_in,newsletter,10,2,5,2,0,0
17619,opted_in,gated_content,14,2,10,2,0,0
17620,opted_out,event,15,1,0,0,1,0
17621,opted_in,newsletter,11,2,2,1,1,0
17622,opted_in,signup_form,5,1,2,1,0,0
17623,opted_in,signup_form,13,2,8,2,1,0
17624,unknown,unknown,3,0,0,1,0,0
17625,unknown,unknown,9,2,0,1,1,0
17626,opted_in,event,0,0,0,0,0,0
17627,unknown,unknown,2,1,0,1,0,0
17628,opted_in,event,8,1,2,0,0,0
17629,opted_in,import,7,0,3,1,0,0
17630,unknown,unknown,12,0,0,0,1,1
17631,unknown,unknown,6,2,0,0,1,0
17633,unknown,unknown,12,0,0,1,0,0
17634,opted_in,signup_form,16,4,3,0,1,0
17635,opted_in,event,15,3,2,1,0,0
17636,unknown,unknown,10,2,0,0,0,0
17637,opted_in,signup_form,5,3,3,2,0,1
17638,unknown,unknown,4,3,0,1,0,1
17639,opted_in,event,7,3,1,1,1,0
17640,opted_in,gated_content,11,0,6,0,0,0
17642,opted_in,event,3,0,3,0,0,1
17643,opted_in,newsletter,10,2,1,0,0,0
17644,opted_out,newsletter,7,2,0,2,0,0
17646,opted_in,gated_content,12,2,0,0,0,0
17647,opted_in,signup_form,12,0,1,1,1,0
17648,opted_in,import,9,0,5,0,0,0
17649,unknown,unknown,4,0,0,2,0,0
17650,opted_in,newsletter,8,2,1,2,0,0
17651,opted_in,event,7,2,2,1,0,1
17652,opted_in,import,9,1,0,0,0,0
17653,opted_in,event,9,1,6,1,1,0
17654,unknown,unknown,11,2,0,2,0,1
17655,unknown,unknown,8,1,0,0,0,0
17656,opted_in,gated_content,10,2,2,0,1,0
17657,unknown,unknown,1,1,0,0,0,1
17658,unknown,unknown,8,1,0,1,0,0
17659,opted_in,gated_content,4,1,3,0,0,0
17660,opted_in,gated_content,8,2,4,0,0,0
17662,opted_in,signup_form,4,1,3,0,0,0
17663,opted_in,event,1,0,3,0,0,0
17664,unknown,unknown,6,1,0,1,0,0
17665,opted_in,newsletter,11,1,0,2,0,0
17666,opted_in,gated_content,8,2,0,0,0,0
17667,opted_out,newsletter,26,2,0,1,1,0
17668,unknown,unknown,5,0,0,1,0,0
17669,opted_in,gated_content,3,0,2,0,0,0
17670,opted_out,newsletter,8,0,0,0,0,0
17671,opted_in,signup_form,10,3,4,1,0,1
17672,unknown,unknown,0,0,0,2,0,0
17673,opted_in,event,6,0,0,0,0,0
17674,opted_in,event,11,2,8,2,0,0
17675,opted_out,event,2,0,0,1,0,0
17676,opted_in,signup_form,16,1,5,0,1,0
17677,opted_in,newsletter,7,3,1,1,0,0
17678,opted_out,event,1,1,0,0,0,0
17679,opted_in,import,3,2,2,1,0,0
17680,opted_in,gated_content,14,3,4,1,1,0
17681,opted_in,gated_content,1,0,0,1,0,0
17682,unknown,unknown,6,1,0,2,0,0
17683,opted_in,newsletter,14,3,3,0,1,0
17684,opted_in,signup_form,8,2,2,1,0,0
17685,opted_in,gated_content,10,1,3,1,0,1
17686,opted_out,signup_form,6,0,0,0,0,0
17687,opted_out,import,8,1,0,1,0,0
17688,opted_out,signup_form,4,1,0,2,0,0
17689,opted_in,import,11,3,4,2,1,0
17690,unknown,unknown,4,1,0,0,0,0
17691,opted_in,import,11,4,4,2,1,0
17692,opted_in,event,9,2,0,0,1,0
17693,opted_in,import,9,0,1,1,1,0
17694,opted_in,gated_content,13,2,5,2,0,0
17695,opted_in,newsletter,0,0,1,0,0,0
17696,opted_in,newsletter,4,0,5,1,0,0
17697,unknown,unknown,1,1,0,0,0,0
17698,unknown,unknown,3,0,0,1,0,0
17699,opted_in,event,14,2,3,1,0,0
17700,unknown,unknown,0,0,0,0,0,0
17701,unknown,unknown,10,2,0,1,0,0
17702,opted_in,signup_form,18,3,4,2,0,1
17703,opted_out,gated_content,11,1,0,1,1,0
17704,opted_in,newsletter,9,1,1,1,0,0
17705,opted_in,newsletter,7,1,2,0,0,1
17706,opted_in,newsletter,4,0,0,1,0,0
17707,opted_in,newsletter,5,3,2,1,0,0
17708,opted_in,newsletter,3,2,1,1,0,0
17709,opted_in,signup_form,11,0,3,0,0,0
17710,unknown,unknown,9,3,0,1,0,0
17711,opted_in,gated_content,0,0,3,1,0,1
17712,opted_in,gated_content,0,0,0,0,0,0
17713,opted_in,newsletter,4,1,2,0,1,0
17714,unknown,unknown,4,0,0,1,0,0
17715,opted_in,newsletter,9,2,3,0,0,0
17716,opted_in,event,11,2,0,0,0,0
17717,opted_in,gated_content,15,3,5,1,0,0
17718,opted_in,newsletter,8,4,4,2,1,1
17719,opted_in,import,13,1,3,1,1,1
17720,unknown,unknown,6,1,0,2,0,1
17721,opted_in,signup_form,4,0,0,0,0,0
17722,opted_out,signup_form,8,0,0,1,0,0
17723,unknown,unknown,1,1,0,0,0,0
17724,opted_in,event,12,2,2,2,1,0
17725,opted_in,event,8,1,3,1,0,0
17726,opted_in,signup_form,11,2,7,1,1,0
17727,opted_in,gated_content,11,2,4,0,0,0
17728,unknown,unknown,0,0,0,0,0,0
17729,opted_in,newsletter,7,1,0,0,0,0
17730,opted_in,import,2,2,1,1,0,0
17731,opted_in,newsletter,12,4,4,1,0,0
17732,opted_in,import,8,1,2,1,1,0
17733,opted_out,gated_content,10,2,0,1,0,0
17734,unknown,unknown,9,3,0,1,1,0
17735,unknown,unknown,12,1,0,1,0,0
17736,opted_in,event,1,1,5,1,0,1
17737,opted_out,event,0,0,0,1,0,0
17738,opted_in,signup_form,10,0,0,2,0,0
17739,opted_in,signup_form,9,3,2,1,0,0
17740,unknown,unknown,6,2,0,0,0,0
17741,unknown,unknown,11,3,0,0,0,0
17742,opted_out,event,6,1,0,0,0,0
17743,opted_in,event,9,1,9,2,1,1
17744,unknown,unknown,0,0,0,0,0,0
17745,opted_out,signup_form,0,0,0,0,0,0
17746,opted_in,import,6,1,1,0,0,0
17747,unknown,unknown,5,1,0,0,0,0
17748,opted_in,newsletter,4,1,1,1,0,1
17749,unknown,unknown,7,2,0,0,0,0
17750,opted_in,signup_form,10,2,5,0,0,0
17751,opted_in,import,10,2,7,1,0,0
17752,opted_in,newsletter,1,1,0,0,0,0
17753,opted_in,newsletter,4,0,0,0,0,0
17754,opted_in,event,5,1,6,2,0,0
17756,opted_in,event,7,3,3,0,0,0
17757,opted_out,gated_content,6,2,0,0,0,0
17758,opted_out,import,10,0,0,1,0,0
17759,opted_in,import,8,1,0,0,0,0
17760,opted_out,gated_content,11,2,0,0,0,0
17761,opted_in,signup_form,10,0,2,0,0,0
17762,unknown,unknown,12,1,0,1,0,0
17763,opted_in,import,6,2,0,0,0,0
17764,opted_in,import,8,0,1,0,1,0
17765,opted_in,signup_form,11,1,6,0,0,1
17766,opted_in,newsletter,4,0,2,0,0,0
17767,opted_in,newsletter,9,1,1,2,0,1
17768,opted_in,event,16,3,10,1,0,0
17769,opted_in,newsletter,8,1,3,0,0,0
17770,opted_out,import,4,1,0,0,1,0
17771,opted_out,event,0,0,0,0,1,0
17772,opted_in,newsletter,10,1,2,1,0,0
17773,opted_in,newsletter,11,1,6,0,1,0
17774,opted_in,gated_content,3,2,5,2,0,1
17775,unknown,unknown,9,1,0,0,0,0
17776,opted_in,gated_content,3,0,4,1,0,0
17777,opted_in,gated_content,8,2,4,1,1,0
17778,opted_in,import,11,2,4,1,0,0
17779,opted_in,gated_content,3,1,4,0,1,0
17780,opted_in,newsletter,5,1,2,1,0,1
17781,opted_in,import,6,1,3,1,0,0
17782,opted_in,import,4,2,1,0,1,0
17783,unknown,unknown,4,0,0,1,0,0
17784,opted_out,import,0,0,0,1,0,0
17785,unknown,unknown,11,2,0,1,0,0
17786,opted_in,signup_form,13,0,0,1,0,0
17787,opted_in,newsletter,4,0,1,1,0,0
17788,opted_in,import,5,2,4,0,1,0
17789,opted_in,event,8,3,1,2,1,0
17790,unknown,unknown,10,0,0,2,1,0
17791,unknown,unknown,1,0,0,0,0,0
17792,opted_in,newsletter,7,2,2,1,0,0
17793,opted_in,gated_content,9,2,3,2,0,0
17794,opted_in,event,10,2,8,1,0,0
17795,unknown,unknown,14,3,0,2,0,0
17796,opted_in,newsletter,11,1,0,1,0,0
17797,unknown,unknown,3,1,0,1,0,0
17798,opted_in,event,11,3,1,0,0,0
17799,opted_in,event,7,3,4,1,0,0
17800,opted_in,signup_form,4,1,0,0,0,0
17801,opted_in,event,7,2,5,1,0,0
17802,unknown,unknown,8,0,0,0,0,0
17803,opted_in,import,11,2,4,0,0,0
17804,opted_in,signup_form,11,2,0,2,1,0
17805,unknown,unknown,11,2,0,0,0,0
17806,opted_in,newsletter,9,0,2,1,0,0
17807,opted_in,event,6,1,3,1,0,0
17808,opted_in,signup_form,8,0,3,2,0,0
17809,opted_in,newsletter,16,2,6,1,1,0
17810,opted_in,event,8,1,3,0,1,0
17811,opted_out,event,7,2,0,0,0,0
17812,opted_out,import,7,0,0,0,0,0
17813,opted_out,gated_content,7,1,0,2,0,0
17814,opted_in,gated_content,8,2,3,0,0,0
17815,opted_in,import,15,3,4,1,1,0
17816,opted_in,gated_content,12,0,1,1,1,0
17817,opted_in,import,5,3,3,1,1,0
17818,unknown,unknown,6,1,0,0,0,0
17819,opted_out,gated_content,11,2,0,1,1,0
17820,opted_in,newsletter,12,1,4,0,0,1
17821,opted_in,signup_form,7,1,1,1,0,0
17822,opted_in,gated_content,7,2,2,1,1,0
17823,unknown,unknown,4,1,0,0,0,0
17824,opted_in,event,8,2,6,0,0,0
17825,opted_in,newsletter,2,1,3,0,0,0
17826,opted_in,signup_form,0,0,1,0,0,0
17827,opted_in,signup_form,8,1,5,2,1,0
17828,unknown,unknown,4,2,0,0,0,0
17829,opted_in,import,6,1,5,0,0,0
17830,opted_in,gated_content,9,2,1,2,0,0
17831,opted_in,newsletter,10,1,3,0,0,1
17832,opted_in,newsletter,9,1,3,1,0,1
17833,opted_out,newsletter,7,0,0,0,1,0
17834,opted_in,import,7,0,6,1,0,1
17835,opted_in,gated_content,6,0,1,0,0,0
17836,unknown,unknown,4,0,0,0,0,0
17837,unknown,unknown,0,0,0,0,0,0
17838,unknown,unknown,8,0,0,1,0,0
17839,opted_in,import,7,1,3,2,0,0
17840,opted_in,newsletter,7,0,0,0,0,0
17841,opted_in,signup_form,8,1,5,2,0,0
17842,opted_in,signup_form,11,4,7,1,1,1
17843,opted_in,import,15,0,3,2,0,0
17844,opted_out,import,6,0,0,0,0,0
17845,opted_in,gated_content,4,0,2,1,0,1
17846,opted_in,event,3,0,2,0,0,0
17847,unknown,unknown,1,1,0,0,0,0
17848,opted_in,signup_form,10,2,7,0,1,1
17849,opted_in,event,6,3,3,2,1,1
17850,opted_in,import,4,1,1,1,0,0
17851,opted_in,signup_form,7,2,3,0,0,0
17852,opted_in,import,3,0,2,0,0,0
17853,unknown,unknown,5,1,0,2,0,0
17854,opted_in,signup_form,8,1,8,1,0,0
17855,opted_in,gated_content,8,0,3,0,0,0
17856,opted_in,gated_content,6,1,0,0,0,0
17857,opted_in,signup_form,8,0,0,1,0,0
17858,unknown,unknown,7,0,0,0,0,1
17859,opted_in,gated_content,12,1,1,2,0,0
17860,unknown,unknown,8,1,0,1,0,0
17861,opted_in,import,7,1,4,0,0,0
17862,opted_out,import,7,0,0,0,0,0
17863,opted_in,event,4,2,7,1,1,0
17864,opted_in,event,9,2,5,2,1,0
17865,opted_in,gated_content,7,1,2,0,0,0
17866,opted_in,gated_content,7,0,2,0,0,0
17867,opted_in,import,8,1,6,1,0,0
17868,opted_in,signup_form,7,1,3,0,0,0
17869,unknown,unknown,12,1,0,2,1,0
17870,unknown,unknown,2,0,0,0,0,0
17871,opted_in,event,10,2,5,1,1,0
17872,opted_in,newsletter,14,3,4,0,1,0
17873,unknown,unknown,10,1,0,1,0,0
17874,opted_in,signup_form,8,0,3,0,0,0
17875,opted_in,newsletter,2,0,0,0,0,0
17876,opted_in,gated_content,9,2,4,0,1,0
17877,opted_in,import,8,4,3,0,0,0
17878,unknown,unknown,8,1,0,0,1,0
17879,unknown,unknown,10,0,0,1,0,0
17880,unknown,unknown,17,2,0,1,1,0
17881,opted_in,import,6,1,3,0,0,0
17882,opted_in,newsletter,13,3,3,2,1,0
17883,opted_in,import,13,3,4,0,1,1
17884,unknown,unknown,10,1,0,0,0,0
17885,opted_in,event,5,0,1,1,0,0
17886,opted_in,signup_form,5,1,2,0,0,0
17887,opted_in,event,9,2,0,0,0,0
17888,opted_in,import,0,0,3,0,0,0
17889,unknown,unknown,9,0,0,1,0,0
17890,opted_in,gated_content,11,1,6,1,1,0
17891,opted_in,signup_form,12,1,2,1,0,0
17892,opted_out,newsletter,7,2,0,1,0,0
17893,unknown,unknown,9,1,0,1,1,0
17894,opted_in,gated_content,9,0,4,0,0,1
17895,unknown,unknown,10,1,0,0,1,0
17896,unknown,unknown,9,1,0,1,0,0
17897,opted_in,import,12,1,0,0,0,0
17898,unknown,unknown,11,0,0,1,1,1
17899,opted_in,event,8,2,0,1,0,0
17900,opted_in,gated_content,3,1,5,0,0,0
17901,opted_in,signup_form,2,0,1,0,0,0
17902,unknown,unknown,9,1,0,2,0,0
17903,unknown,unknown,0,0,0,0,0,0
17904,opted_in,gated_content,16,2,4,1,0,1
17905,opted_out,signup_form,8,4,0,1,0,0
17906,opted_out,import,10,1,0,0,0,0
17907,opted_out,signup_form,8,1,0,0,0,0
17908,opted_in,signup_form,10,4,5,0,0,0
17909,opted_out,signup_form,15,1,0,2,0,0
17910,opted_in,newsletter,13,1,3,1,0,1
17911,unknown,unknown,4,1,0,2,0,0
17912,opted_in,newsletter,9,0,2,1,1,0
17913,opted_in,signup_form,7,2,3,1,1,1
17914,opted_out,import,7,0,0,2,0,0
17915,opted_in,event,6,0,1,0,0,0
17916,opted_in,event,4,1,0,0,0,0
17917,opted_in,signup_form,11,1,4,1,0,0
17918,unknown,unknown,9,1,0,0,0,0
17919,opted_in,import,4,0,2,1,0,0
17920,opted_in,gated_content,15,1,5,3,1,0
17921,opted_in,newsletter,7,0,1,0,0,0
17922,unknown,unknown,12,3,0,0,0,0
17923,opted_in,signup_form,1,0,1,0,0,0
17924,unknown,unknown,10,3,0,2,1,0
17925,opted_in,newsletter,6,3,2,0,0,0
17926,opted_in,signup_form,8,1,2,2,0,1
17927,opted_in,gated_content,10,1,4,1,0,0
17928,opted_out,newsletter,5,2,0,0,0,0
17929,opted_in,signup_form,14,5,8,2,1,0
17930,opted_in,import,5,0,0,1,0,0
17931,opted_in,signup_form,17,2,4,1,0,0
17932,unknown,unknown,18,2,0,1,0,0
17933,opted_in,signup_form,10,3,4,0,0,0
17934,opted_in,newsletter,18,3,2,2,1,1
17935,opted_in,signup_form,7,1,0,0,0,0
17936,opted_in,gated_content,9,3,2,1,0,0
17937,unknown,unknown,8,0,0,0,0,0
17938,opted_in,newsletter,15,6,6,1,0,0
17939,opted_in,import,11,1,3,0,0,1
17940,opted_in,newsletter,12,2,8,1,1,0
17941,opted_in,event,4,0,0,1,1,0
17942,opted_in,signup_form,3,0,3,0,0,0
17944,opted_in,event,3,3,6,0,0,0
17945,unknown,unknown,5,1,0,1,0,0
17946,opted_in,import,3,0,3,1,0,0
17947,opted_in,signup_form,10,0,0,2,0,0
17948,opted_in,gated_content,4,1,1,0,0,0
17949,opted_in,newsletter,12,1,4,1,0,0
17950,unknown,unknown,6,0,0,1,0,0
17951,unknown,unknown,3,0,0,0,0,0
17952,opted_in,gated_content,12,0,0,1,0,0
17953,opted_in,event,4,0,3,0,0,1
17954,opted_in,signup_form,2,0,0,0,0,0
17955,opted_in,import,8,1,3,0,1,0
17956,opted_in,import,4,0,1,1,0,0
17957,opted_in,gated_content,8,1,4,1,0,0
17958,opted_in,gated_content,3,0,0,0,0,0
17959,opted_in,gated_content,5,1,3,0,0,0
17960,opted_in,newsletter,7,1,5,0,1,0
17961,opted_out,gated_content,12,0,0,0,0,0
17962,opted_in,import,11,3,4,1,1,0
17963,opted_in,event,6,2,5,2,1,0
17964,opted_in,signup_form,18,2,5,0,1,1
17965,opted_in,import,4,2,1,0,0,0
17966,unknown,unknown,14,2,0,1,0,0
17967,opted_in,newsletter,4,0,0,0,0,0
17968,opted_in,signup_form,12,3,9,1,1,0
17969,opted_out,event,6,0,0,2,0,0
17970,unknown,unknown,4,0,0,1,0,1
17971,opted_in,newsletter,9,2,3,1,0,0
17972,opted_in,event,7,1,2,2,1,1
17973,opted_in,gated_content,9,0,3,1,0,0
17974,opted_out,event,7,0,0,0,0,0
17975,opted_in,newsletter,7,2,6,0,1,0
17976,opted_in,gated_content,12,2,3,2,1,0
17977,opted_in,signup_form,6,0,4,0,0,0
17978,opted_in,newsletter,0,0,0,2,0,0
17979,opted_in,gated_content,12,0,1,1,0,0
17980,opted_in,import,9,0,5,1,0,0
17981,opted_in,gated_content,14,1,1,1,0,0
17982,opted_in,newsletter,3,0,1,1,0,0
17983,unknown,unknown,11,3,0,2,1,1
17984,unknown,unknown,5,1,0,0,0,0
17985,opted_in,event,5,3,1,0,0,0
17986,unknown,unknown,5,1,0,1,0,0
17987,unknown,unknown,5,3,0,1,0,0
17988,unknown,unknown,13,2,0,0,1,0
17989,unknown,unknown,11,4,0,1,1,0
17990,opted_in,newsletter,5,1,2,1,0,1
17991,opted_in,gated_content,6,2,3,0,0,0
17992,unknown,unknown,2,0,0,1,0,0
17993,opted_in,event,12,1,8,0,1,0
17994,opted_in,event,0,0,2,1,0,0
17995,opted_in,event,13,2,5,0,1,1
17996,opted_in,gated_content,16,5,5,0,1,0
17997,unknown,unknown,5,0,0,1,0,0
17998,opted_in,event,11,2,1,1,1,0
17999,unknown,unknown,9,0,0,2,0,0
18000,opted_in,gated_content,10,2,5,2,0,0
18001,opted_in,import,12,2,2,0,1,0
18002,opted_in,gated_content,2,2,0,0,0,0
18003,opted_in,newsletter,7,0,1,0,0,1
18004,opted_in,newsletter,7,0,4,0,0,0
18005,opted_in,signup_form,5,2,3,1,1,0
18006,opted_out,gated_content,7,0,0,0,0,1
18007,opted_in,gated_content,9,1,2,0,1,0
18008,opted_in,event,8,2,1,1,1,0
18009,opted_in,newsletter,9,0,4,1,1,0
18010,unknown,unknown,10,1,0,1,1,0
18011,opted_in,newsletter,8,2,7,1,0,0
18012,opted_in,signup_form,2,2,2,0,0,0
18013,unknown,unknown,11,3,0,0,1,0
18014,opted_in,newsletter,7,0,3,0,0,0
18015,opted_in,signup_form,10,0,4,1,0,0
18016,opted_in,newsletter,8,4,2,0,0,0
18017,opted_in,signup_form,10,1,2,1,0,0
18018,opted_in,event,5,1,0,1,0,0
18019,opted_in,newsletter,3,0,4,0,0,1
18020,opted_in,event,11,0,0,1,0,0
18021,unknown,unknown,18,3,0,3,1,0
18022,opted_in,newsletter,15,0,0,2,0,0
18024,opted_in,event,12,2,3,0,1,0
18025,opted_in,event,8,0,0,1,1,1
18026,opted_in,gated_content,8,1,3,2,0,1
18027,opted_in,gated_content,10,1,2,1,0,0
18028,opted_out,signup_form,7,0,0,0,0,0
18029,opted_in,gated_content,13,2,5,1,0,0
18030,opted_in,gated_content,11,3,2,0,1,1
18031,opted_in,gated_content,1,1,0,0,0,0
18032,opted_in,event,0,0,0,0,0,0
18033,opted_in,gated_content,5,2,6,0,0,0
18034,unknown,unknown,7,3,0,1,1,0
18035,unknown,unknown,15,2,0,0,1,0
18036,opted_in,import,8,1,0,2,0,1
18037,opted_in,event,9,3,2,1,0,0
18038,opted_in,signup_form,16,2,3,0,1,0
18039,opted_in,signup_form,9,3,6,0,1,0
18040,opted_in,event,15,1,3,0,0,1
18041,opted_out,gated_content,14,1,0,1,0,0
18042,opted_in,newsletter,4,0,4,0,0,0
18043,opted_in,import,3,2,1,0,0,0
18044,opted_in,signup_form,9,1,3,2,1,0
18045,opted_in,import,8,0,1,1,0,0
18046,opted_in,newsletter,11,2,5,0,0,0
18047,unknown,unknown,7,1,0,0,1,0
18048,opted_in,newsletter,11,2,0,0,0,1
18049,unknown,unknown,12,1,0,1,1,0
18050,opted_in,newsletter,10,3,7,1,1,0
18051,opted_in,signup_form,12,3,3,1,1,0
18052,opted_in,import,11,2,4,1,0,0
18053,unknown,unknown,14,2,0,1,1,0
18054,opted_in,import,4,1,3,0,1,0
18055,opted_in,import,5,2,1,1,0,0
18056,opted_in,signup_form,5,2,2,1,0,0
18057,opted_in,newsletter,6,1,0,0,0,0
18058,opted_in,signup_form,5,2,4,1,0,1
18059,opted_in,gated_content,5,1,1,1,0,0
18060,opted_in,signup_form,17,4,8,0,1,0
18061,opted_in,event,14,3,7,1,1,0
18062,unknown,unknown,3,0,0,0,0,0
18063,opted_in,import,12,1,3,0,0,0
18064,unknown,unknown,7,0,0,1,0,0
18065,opted_out,gated_content,5,1,0,0,1,0
18066,opted_in,newsletter,10,1,3,0,1,0
18067,opted_in,newsletter,7,2,2,0,0,0
18068,opted_in,newsletter,6,0,3,1,0,0
18069,opted_in,event,7,1,4,1,0,0
18070,opted_out,signup_form,11,3,0,1,0,0
18071,opted_in,signup_form,6,1,3,0,0,1
18072,opted_in,gated_content,5,0,1,0,0,0
18073,opted_in,event,10,2,0,0,0,0
18074,opted_in,import,9,1,2,1,0,1
18075,opted_in,event,13,2,2,0,0,0
18076,opted_in,gated_content,7,3,3,0,0,0
18077,opted_in,newsletter,10,0,0,0,1,0
18078,opted_in,signup_form,11,2,6,0,0,0
18079,opted_in,event,19,2,3,0,0,1
18080,opted_in,signup_form,9,3,2,0,0,1
18081,opted_in,signup_form,7,0,1,0,0,1
18082,opted_in,gated_content,7,2,1,0,1,0
18083,opted_in,newsletter,5,2,3,0,0,0
18084,opted_in,newsletter,10,3,0,2,0,0
18085,opted_in,event,10,3,10,0,0,0
18086,opted_in,gated_content,1,1,1,0,0,0
18087,opted_out,newsletter,11,1,0,0,1,0
18088,opted_in,event,10,0,0,0,1,0
18089,opted_in,import,10,2,2,0,1,0
18090,opted_in,newsletter,9,0,2,1,0,1
18091,opted_in,newsletter,7,1,4,1,0,0
18092,opted_in,gated_content,6,0,2,1,1,0
18093,unknown,unknown,11,1,0,1,0,0
18094,opted_in,signup_form,8,1,1,0,0,1
18095,opted_in,import,7,4,4,2,0,0
18096,opted_in,signup_form,9,2,4,1,0,0
18097,opted_in,newsletter,1,0,0,1,0,0
18098,opted_in,gated_content,12,1,3,1,1,0
18099,opted_in,newsletter,3,0,3,1,0,0
18100,opted_in,event,15,3,5,1,0,1
18101,unknown,unknown,10,1,0,0,0,0
18102,opted_in,gated_content,11,2,1,1,0,1
18103,opted_in,gated_content,8,2,3,2,0,0
18104,opted_in,event,11,2,4,2,1,1
18105,opted_out,gated_content,3,2,0,0,0,0
18106,opted_in,import,8,2,2,0,0,0
18107,opted_in,signup_form,13,5,2,1,1,0
18108,opted_in,import,6,0,0,1,0,0
18109,opted_in,newsletter,2,1,4,0,0,0
18110,unknown,unknown,6,1,0,0,0,0
18111,unknown,unknown,10,1,0,0,0,0
18112,opted_in,signup_form,9,2,0,0,0,0
18113,opted_in,import,13,4,5,2,1,0
18114,opted_in,newsletter,11,1,5,1,0,0
18115,unknown,unknown,9,0,0,2,1,0
18116,unknown,unknown,11,1,0,0,0,0
18117,unknown,unknown,5,1,0,0,0,0
18118,opted_in,import,9,2,6,1,0,0
18119,opted_in,event,7,2,1,0,0,1
18120,unknown,unknown,8,2,0,0,0,1
18121,opted_in,newsletter,7,2,1,0,0,0
18122,opted_in,signup_form,12,3,5,2,1,0
18123,unknown,unknown,6,1,0,1,0,0
18124,opted_in,newsletter,12,1,3,1,1,0
18125,unknown,unknown,6,2,0,0,0,0
18126,opted_in,gated_content,4,0,2,0,0,0
18127,opted_out,signup_form,9,2,0,1,0,0
18128,opted_in,newsletter,6,0,3,0,0,0
18129,opted_in,gated_content,9,3,1,1,0,0
18130,opted_in,signup_form,11,3,6,2,1,1
18131,unknown,unknown,14,4,0,1,1,0
18132,opted_in,import,13,3,4,1,0,0
18133,unknown,unknown,5,1,0,0,1,0
18134,opted_in,gated_content,4,1,0,1,0,0
18135,opted_in,event,5,3,0,0,0,1
18136,unknown,unknown,11,2,0,1,0,0
18137,opted_in,newsletter,6,0,0,0,0,0
18138,opted_in,event,0,0,0,1,0,0
18139,opted_in,signup_form,6,0,1,0,0,0
18140,opted_in,event,12,0,1,1,1,1
18141,opted_in,signup_form,0,0,1,0,0,0
18142,unknown,unknown,11,1,0,0,0,0
18143,opted_in,event,4,0,2,0,0,0
18144,opted_in,newsletter,14,2,5,0,1,1
18145,opted_in,event,10,4,7,1,1,0
18146,unknown,unknown,13,3,0,1,0,0
18147,opted_in,import,6,0,2,0,0,0
18148,opted_in,gated_content,15,2,0,2,0,0
18149,opted_in,event,6,1,3,0,0,0
18150,unknown,unknown,7,2,0,0,0,1
18151,opted_in,signup_form,4,1,3,0,0,0
18152,opted_in,gated_content,11,1,8,2,1,0
18153,opted_out,gated_content,6,0,0,0,0,1
18154,opted_in,event,3,0,2,2,0,0
18155,unknown,unknown,10,1,0,1,1,0
18156,opted_in,signup_form,5,3,3,1,1,0
18157,opted_in,gated_content,7,2,2,0,0,0
18158,opted_in,event,5,1,2,1,1,0
18159,opted_in,event,10,1,6,1,0,0
18160,unknown,unknown,2,0,0,0,0,0
18161,opted_in,signup_form,12,3,3,1,0,0
18162,unknown,unknown,10,1,0,0,0,0
18163,opted_in,signup_form,9,1,0,2,1,0
18164,unknown,unknown,8,0,0,1,1,0
18165,unknown,unknown,8,0,0,1,0,0
18166,opted_out,gated_content,9,3,0,0,0,0
18167,opted_in,gated_content,5,2,0,0,0,0
18168,opted_in,newsletter,19,5,5,1,0,0
18169,opted_in,import,22,3,4,2,0,0
18170,opted_in,newsletter,9,2,6,1,1,0
18171,opted_in,gated_content,3,2,2,0,0,0
18172,opted_in,import,3,2,1,1,0,0
18173,unknown,unknown,9,0,0,0,0,0
18174,opted_out,newsletter,0,0,0,0,0,0
18175,unknown,unknown,11,3,0,1,1,1
18176,opted_in,gated_content,8,1,1,1,0,0
18177,opted_in,signup_form,8,0,2,0,0,0
18178,opted_in,gated_content,10,0,2,0,0,0
18179,opted_in,newsletter,3,1,4,0,0,0
18180,opted_in,import,3,0,0,0,0,0
18181,opted_in,gated_content,6,2,0,1,0,0
18182,opted_in,import,2,2,2,2,0,0
18183,unknown,unknown,5,0,0,0,1,0
18184,opted_in,import,3,1,5,1,0,0
18185,unknown,unknown,17,4,0,0,0,1
18186,opted_in,import,3,2,0,0,0,0
18187,opted_out,event,6,0,0,0,0,0
18188,opted_in,gated_content,6,0,2,0,0,0
18189,unknown,unknown,12,1,0,2,1,0
18190,opted_out,newsletter,13,2,0,0,0,0
18191,opted_out,event,4,2,0,0,0,0
18192,opted_in,gated_content,9,0,1,1,0,0
18193,opted_out,import,5,2,0,0,0,0
18194,opted_in,gated_content,5,2,5,1,0,0
18195,opted_in,gated_content,10,1,1,1,0,1
18196,opted_in,newsletter,11,3,4,2,1,1
18197,opted_in,import,7,1,2,0,0,0
18198,opted_in,signup_form,5,1,1,1,0,0
18199,opted_out,signup_form,8,3,0,0,0,0
18200,unknown,unknown,6,2,0,1,0,0
18201,opted_in,newsletter,4,0,6,0,0,0
18202,opted_in,event,11,2,5,2,0,0
18203,opted_in,newsletter,10,2,7,2,1,1
18204,unknown,unknown,6,1,0,2,0,0
18205,opted_in,gated_content,5,0,6,1,0,1
18206,opted_in,event,8,0,4,1,1,1
18207,unknown,unknown,3,1,0,1,0,0
18208,opted_in,event,8,1,1,1,0,0
18209,opted_in,gated_content,9,3,7,0,0,0
18210,opted_in,gated_content,7,0,6,1,0,0
18211,opted_in,event,13,0,1,1,0,0
18212,opted_in,gated_content,15,0,0,0,0,0
18213,opted_in,event,5,0,3,2,0,1
18214,opted_in,gated_content,11,3,2,2,1,0
18215,opted_in,import,6,2,2,1,0,0
18216,opted_in,newsletter,2,1,3,0,0,0
18217,opted_in,event,10,0,1,1,0,1
18218,opted_in,gated_content,5,3,1,1,1,0
18219,unknown,unknown,1,1,0,1,0,0
18220,opted_in,gated_content,10,3,5,1,0,0
18221,opted_out,signup_form,10,2,0,2,0,0
18222,unknown,unknown,9,1,0,0,1,0
18223,opted_in,newsletter,14,1,6,2,0,0
18224,opted_in,event,14,2,1,1,1,1
18225,unknown,unknown,6,0,0,1,0,0
18226,unknown,unknown,15,2,0,2,0,0
18227,opted_out,gated_content,3,2,0,0,1,0
18228,opted_in,signup_form,3,0,5,1,0,0
18229,unknown,unknown,11,1,0,0,0,0
18230,opted_in,event,11,1,2,3,0,0
18231,opted_in,gated_content,13,3,5,1,0,1
18232,unknown,unknown,9,3,0,1,1,0
18233,opted_out,signup_form,5,1,0,0,0,0
18234,opted_in,newsletter,6,1,7,0,0,0
18235,opted_out,signup_form,16,3,0,0,0,1
18236,unknown,unknown,15,3,0,2,0,0
18237,opted_in,import,15,2,5,0,0,0
18238,unknown,unknown,12,2,0,1,0,0
18239,opted_in,signup_form,2,0,0,0,0,0
18240,unknown,unknown,6,1,0,1,0,0
18241,unknown,unknown,6,1,0,2,0,0
18242,opted_in,newsletter,14,2,7,2,1,1
18243,opted_in,newsletter,15,2,1,1,1,0
18244,opted_in,newsletter,15,3,4,1,1,0
18245,opted_in,signup_form,16,4,5,2,1,1
18246,unknown,unknown,14,2,0,1,1,0
18247,opted_in,import,4,1,0,1,0,0
18248,opted_in,signup_form,17,3,5,0,1,0
18249,opted_in,signup_form,9,2,2,0,0,0
18250,unknown,unknown,0,0,0,1,0,0
18251,opted_in,import,2,1,0,0,0,0
18252,opted_in,signup_form,5,2,4,2,0,0
18253,opted_in,event,16,1,2,2,0,0
18254,opted_out,signup_form,8,0,0,1,0,0
18255,opted_in,event,10,2,2,0,0,0
18256,opted_in,gated_content,15,2,3,0,0,0
18257,unknown,unknown,8,0,0,1,0,1
18258,opted_in,gated_content,12,1,0,0,1,0
18259,unknown,unknown,9,4,0,1,1,0
18260,opted_in,event,10,0,3,1,0,0
18261,opted_in,gated_content,10,1,5,2,0,0
18262,opted_in,newsletter,13,1,0,1,1,0
18263,opted_in,signup_form,5,2,0,2,0,0
18264,unknown,unknown,0,0,0,0,0,0
18265,opted_in,signup_form,5,1,1,1,0,0
18266,unknown,unknown,0,0,0,1,0,0
18267,opted_in,signup_form,3,0,0,0,0,0
18268,unknown,unknown,5,1,0,0,0,0
18269,opted_in,gated_content,14,1,6,1,1,0
18270,opted_in,signup_form,5,2,4,0,0,1
18271,unknown,unknown,4,2,0,1,0,0
18272,opted_in,gated_content,1,1,3,2,0,0
18273,opted_out,newsletter,14,3,0,1,0,0
18274,opted_in,import,5,1,4,1,1,0
18275,opted_in,newsletter,6,2,3,0,1,0
18276,opted_in,signup_form,2,0,1,0,0,0
18277,opted_in,import,10,2,0,1,0,0
18278,opted_in,signup_form,15,1,1,1,1,0
18279,opted_in,signup_form,11,2,5,2,0,0
18280,unknown,unknown,14,5,0,0,1,0
18281,unknown,unknown,8,2,0,1,0,0
18282,opted_in,event,9,3,8,0,0,1
18283,opted_in,gated_content,4,1,5,1,1,1
18284,opted_in,event,15,3,8,0,1,0
18285,unknown,unknown,8,2,0,0,0,0
18286,unknown,unknown,10,0,0,1,0,0
18287,opted_in,signup_form,7,2,4,0,0,0
