contact_id,acquisition_channel,signup_date,has_purchase,days_since_last_activity,consent_status,consent_source,page_views,key_page_views,email_clicks,form_submits,demo_request,webinar_signup
C00001,Email,2026-03-27,1,40,opted_in,event,15,2,4,1,1,0
C00002,Email,2026-03-12,1,57,opted_in,signup_form,17,2,5,1,1,0
C00003,Email,2026-02-17,1,52,opted_in,event,13,3,1,1,0,0
C00004,Email,2026-04-11,1,41,opted_in,newsletter,9,3,3,2,0,0
C00005,Email,2026-03-11,1,84,opted_in,import,16,3,4,0,0,0
C00006,Email,2026-02-15,1,33,opted_in,gated_content,7,3,0,1,0,0
C00007,Email,2026-01-02,1,151,opted_in,import,9,0,3,1,0,0
C00008,Email,2025-12-20,1,127,opted_in,event,12,2,0,0,1,1
C00009,Email,2026-05-25,1,20,opted_in,signup_form,13,2,4,2,1,0
C00010,Email,2026-03-21,1,54,opted_in,signup_form,10,2,4,0,0,0
C00011,Email,2026-03-06,1,38,opted_in,signup_form,7,0,3,0,0,0
C00012,Email,2026-04-21,1,57,opted_in,gated_content,13,3,6,2,1,0
C00013,Email,2026-05-08,1,40,opted_in,gated_content,24,4,5,2,1,0
C00014,Email,2026-01-08,1,152,opted_in,event,15,2,8,2,1,0
C00015,Email,2025-12-14,1,70,opted_in,newsletter,11,4,9,2,1,0
C00016,Email,2026-04-26,1,54,opted_in,newsletter,14,2,4,2,0,0
C00017,Email,2026-01-13,1,139,opted_in,signup_form,14,1,8,1,0,0
C00018,Email,2026-03-11,1,51,opted_out,newsletter,12,1,0,2,0,0
C00019,Email,2026-02-24,1,119,opted_in,gated_content,12,3,4,1,1,0
C00020,Email,2026-05-09,1,32,opted_in,newsletter,13,3,6,1,1,1
C00021,Email,2026-05-02,1,43,opted_in,gated_content,11,1,4,2,0,1
C00022,Email,2026-03-27,1,36,opted_in,import,12,1,7,3,0,0
C00023,Email,2026-01-21,1,51,opted_in,import,10,0,3,1,1,0
C00024,Email,2026-05-11,1,23,opted_in,gated_content,3,3,2,1,0,0
C00025,Email,2026-02-28,1,102,opted_in,event,7,2,2,0,1,0
C00026,Email,2026-01-22,1,114,opted_in,gated_content,11,4,2,0,1,0
C00027,Email,2025-12-04,1,186,opted_in,newsletter,16,4,6,2,1,0
C00028,Email,2026-05-02,1,35,opted_in,import,7,2,5,2,0,0
C00029,Email,2026-01-21,1,145,opted_in,newsletter,6,2,5,0,0,0
C00030,Email,2026-04-08,1,69,opted_in,event,10,5,1,1,0,0
C00031,Email,2026-01-21,1,103,opted_in,gated_content,9,1,7,1,0,0
C00032,Email,2025-12-06,1,74,opted_in,import,10,2,1,1,1,0
C00033,Email,2026-05-26,1,8,opted_in,gated_content,13,1,6,2,0,0
C00034,Email,2026-02-23,1,99,opted_in,gated_content,15,2,5,2,1,1
C00035,Email,2026-03-07,1,5,opted_in,import,10,2,6,0,0,0
C00036,Email,2026-01-21,1,95,opted_in,newsletter,10,3,6,2,0,0
C00037,Email,2026-05-24,1,19,opted_in,gated_content,15,5,2,2,0,0
C00038,Email,2026-04-02,1,47,opted_in,gated_content,9,1,2,1,0,0
C00039,Email,2026-05-17,1,23,opted_in,signup_form,9,3,1,1,0,0
C00040,Email,2026-05-23,1,24,opted_in,newsletter,11,2,9,1,0,0
C00041,Email,2026-01-10,1,121,opted_in,event,13,2,5,1,1,0
C00042,Email,2026-02-08,1,119,opted_in,event,6,2,5,1,0,1
C00043,Email,2026-04-20,1,48,opted_in,import,12,3,4,0,0,1
C00044,Email,2026-05-10,1,31,opted_in,event,15,5,6,2,1,0
C00045,Email,2025-12-21,1,169,opted_in,event,12,1,0,2,0,0
C00046,Email,2026-04-15,1,59,opted_in,event,17,2,5,1,0,0
C00047,Email,2026-05-12,1,34,opted_in,signup_form,15,1,8,1,1,0
C00048,Email,2026-05-24,1,15,opted_in,gated_content,15,2,7,2,0,1
C00049,Email,2025-12-02,1,196,opted_in,newsletter,9,4,5,2,0,0
C00050,Email,2026-03-17,1,35,opted_in,import,13,3,3,2,1,0
C00051,Email,2026-04-09,1,71,opted_in,newsletter,14,1,5,2,1,0
C00052,Email,2026-01-21,1,133,opted_in,event,3,1,0,0,0,1
C00053,Email,2026-05-25,1,15,opted_in,import,18,4,5,2,1,0
C00054,Email,2026-01-20,1,98,opted_in,event,12,1,6,0,0,0
C00055,Email,2026-04-13,1,28,opted_in,signup_form,18,3,3,2,1,1
C00056,Email,2026-01-27,1,96,opted_in,newsletter,10,2,6,2,1,0
C00057,Email,2025-12-02,1,187,opted_in,event,5,1,2,0,0,0
C00058,Email,2026-04-28,1,20,opted_in,gated_content,12,2,2,0,1,1
C00059,Email,2026-02-07,1,32,opted_in,newsletter,8,2,2,0,1,0
C00060,Email,2026-02-14,1,59,opted_in,gated_content,15,1,4,2,0,0
C00061,Email,2026-05-06,1,37,opted_in,import,13,3,8,1,1,0
C00062,Email,2026-01-05,1,155,opted_in,signup_form,19,2,7,0,0,0
C00063,Email,2026-04-23,1,11,opted_in,signup_form,8,2,5,1,0,0
C00064,Email,2025-12-25,1,117,opted_in,newsletter,11,3,5,2,1,0
C00065,Email,2026-01-04,1,54,opted_in,gated_content,10,2,5,1,0,1
C00066,Email,2025-12-11,1,144,opted_in,import,14,3,7,0,0,1
C00067,Email,2025-12-16,1,183,opted_in,signup_form,2,0,3,1,0,0
C00068,Email,2026-02-21,1,35,opted_in,newsletter,9,3,5,1,0,0
C00069,Email,2025-12-17,1,83,opted_in,import,18,3,2,2,1,0
C00070,Email,2026-01-04,1,160,opted_in,event,10,0,8,1,0,1
C00071,Email,2026-05-24,1,19,opted_in,event,5,2,0,0,0,1
C00072,Email,2026-02-02,1,127,opted_in,import,15,2,4,0,1,0
C00073,Email,2026-03-11,1,42,opted_in,newsletter,13,2,1,1,1,0
C00074,Email,2025-12-24,1,171,opted_in,event,8,3,6,2,1,0
C00075,Email,2026-04-12,1,43,opted_in,gated_content,8,3,6,1,1,0
C00076,Email,2026-03-04,1,97,opted_in,event,11,2,1,1,0,0
C00077,Email,2026-05-08,1,36,opted_in,event,12,0,3,0,0,0
C00078,Email,2026-02-01,1,96,opted_in,newsletter,17,3,5,1,1,0
C00079,Email,2026-03-13,1,49,opted_in,event,13,2,5,2,0,1
C00080,Email,2026-01-22,1,88,opted_in,gated_content,12,1,7,1,0,1
C00081,Email,2026-02-22,1,98,opted_in,import,5,3,0,0,1,0
C00082,Email,2026-03-20,1,62,opted_in,newsletter,20,5,8,2,1,0
C00083,Email,2025-12-13,1,112,opted_in,signup_form,14,2,5,3,1,0
C00084,Email,2026-03-07,1,105,opted_in,signup_form,14,3,5,1,0,0
C00085,Email,2026-01-04,1,147,opted_in,newsletter,10,2,4,3,0,1
C00086,Email,2026-05-17,1,23,opted_in,event,10,2,5,1,0,0
C00087,Email,2026-03-06,1,109,opted_in,signup_form,13,3,3,1,1,0
C00088,Email,2026-01-28,1,123,opted_in,newsletter,9,3,6,1,0,1
C00089,Email,2026-04-17,1,14,opted_in,import,18,2,5,2,0,0
C00090,Email,2026-05-13,1,1,opted_in,newsletter,9,3,6,1,0,0
C00091,Email,2026-03-15,1,79,opted_in,newsletter,17,0,4,1,1,0
C00092,Email,2026-02-07,1,50,opted_in,import,10,2,5,1,1,0
C00093,Email,2026-04-10,1,4,opted_in,newsletter,14,5,0,0,0,0
C00094,Email,2026-02-06,1,52,opted_in,signup_form,11,2,4,1,1,0
C00095,Email,2026-05-27,1,20,opted_out,import,9,1,0,0,0,0
C00096,Email,2025-12-11,1,171,opted_in,import,14,4,5,2,1,0
C00097,Email,2026-03-26,1,48,opted_in,event,10,2,1,1,1,0
C00098,Email,2026-01-27,1,55,opted_in,newsletter,6,1,2,0,1,0
C00099,Email,2025-12-02,1,187,opted_in,import,10,2,4,1,0,0
C00100,Email,2026-01-26,1,138,opted_in,newsletter,13,3,4,1,0,0
C00101,Email,2026-05-28,1,15,opted_in,import,12,1,4,1,1,1
C00102,Email,2026-03-16,1,79,opted_in,signup_form,7,3,3,1,1,1
C00103,Email,2026-05-25,1,13,opted_in,newsletter,14,3,1,2,0,0
C00104,Email,2026-05-26,1,5,opted_in,gated_content,5,1,3,0,0,1
C00105,Email,2026-01-13,1,150,opted_in,newsletter,16,2,4,0,1,1
C00106,Email,2026-05-14,1,29,opted_in,newsletter,10,2,2,0,0,0
C00107,Email,2026-01-06,1,147,opted_in,newsletter,15,3,7,0,1,0
C00108,Email,2026-01-18,1,99,opted_in,gated_content,13,2,3,0,1,1
C00109,Email,2026-02-22,1,106,opted_in,newsletter,11,2,4,0,0,0
C00110,Email,2026-02-12,1,110,opted_out,event,20,3,0,3,1,0
C00111,Email,2026-03-16,1,76,opted_in,event,10,5,5,2,0,0
C00112,Email,2025-12-09,1,183,opted_in,event,13,3,4,0,0,0
C00113,Email,2026-04-18,1,21,opted_in,signup_form,20,4,6,3,1,1
C00114,Email,2026-02-03,1,96,opted_in,signup_form,14,3,3,1,1,1
C00115,Email,2026-02-26,1,70,opted_in,import,3,3,3,0,1,0
C00116,Email,2026-02-17,1,45,opted_in,signup_form,4,2,4,0,0,0
C00117,Email,2026-01-12,1,106,opted_in,newsletter,14,2,3,1,1,0
C00118,Email,2026-02-10,1,72,opted_in,event,14,1,1,2,1,0
C00119,Email,2025-12-06,1,176,opted_in,newsletter,9,3,7,3,1,0
C00120,Email,2026-05-14,1,26,opted_in,import,7,3,4,1,1,0
C00121,Email,2026-05-12,1,45,opted_in,newsletter,12,2,1,2,0,0
C00122,Email,2026-02-07,1,44,opted_in,signup_form,14,2,7,1,1,0
C00123,Email,2026-04-11,1,72,opted_in,newsletter,10,4,3,2,0,0
C00124,Email,2026-03-20,1,39,opted_in,import,13,3,3,3,1,0
C00125,Email,2025-12-08,1,154,opted_in,gated_content,9,1,2,0,0,0
C00126,Email,2026-03-17,1,75,opted_in,import,9,2,1,1,0,0
C00127,Email,2025-12-22,1,160,opted_in,newsletter,9,3,6,0,1,0
C00128,Email,2026-04-21,1,48,opted_in,gated_content,21,2,6,2,0,1
C00129,Email,2026-01-20,1,140,opted_in,signup_form,9,2,1,2,0,0
C00130,Email,2026-01-16,1,107,opted_in,signup_form,15,3,3,0,1,0
C00131,Email,2025-12-27,1,156,opted_in,event,9,2,1,0,0,0
C00132,Email,2026-04-16,1,13,opted_in,import,8,1,3,1,0,0
C00133,Email,2026-01-17,1,21,opted_in,signup_form,13,3,4,0,1,1
C00134,Email,2026-01-15,1,120,opted_in,import,15,4,3,2,1,0
C00135,Email,2026-05-17,1,31,opted_in,signup_form,11,3,3,1,1,0
C00136,Email,2026-02-20,1,57,opted_in,gated_content,19,4,3,1,0,1
C00137,Email,2026-05-20,1,29,opted_in,gated_content,9,1,6,0,1,0
C00138,Email,2026-03-26,1,16,opted_out,import,7,3,0,0,0,0
C00139,Email,2026-03-27,1,78,opted_in,gated_content,10,0,0,0,0,0
C00140,Email,2026-02-28,1,27,opted_in,newsletter,10,1,6,1,1,0
C00141,Email,2026-02-16,1,19,opted_in,signup_form,11,2,1,2,1,0
C00142,Email,2026-05-16,1,15,opted_in,event,19,3,3,1,1,0
C00143,Email,2026-02-11,1,119,opted_in,import,16,1,4,1,1,1
C00144,Email,2026-04-04,1,25,opted_in,gated_content,12,1,0,1,0,0
C00145,Email,2026-01-08,1,157,opted_in,newsletter,18,1,2,2,0,1
C00146,Email,2025-12-11,1,109,opted_in,gated_content,17,2,9,1,0,0
C00147,Email,2026-03-20,1,72,opted_in,gated_content,11,2,6,0,0,0
C00148,Email,2026-01-23,1,130,opted_in,gated_content,17,3,5,3,0,0
C00149,Email,2026-02-11,1,38,opted_in,event,19,1,7,0,1,0
C00150,Email,2026-04-23,1,27,opted_in,signup_form,17,2,2,1,1,0
C00151,Organic Search,2026-02-03,1,119,opted_in,import,16,4,3,3,0,0
C00152,Organic Search,2026-01-12,1,116,opted_in,gated_content,9,3,4,0,1,0
C00153,Organic Search,2026-02-04,1,79,opted_in,signup_form,9,4,0,0,1,1
C00154,Organic Search,2026-01-13,1,145,opted_out,newsletter,12,2,0,1,0,0
C00155,Organic Search,2026-04-03,1,58,opted_in,event,6,1,1,1,0,0
C00156,Organic Search,2026-03-03,1,96,opted_in,event,11,0,6,0,1,0
C00157,Organic Search,2026-05-07,1,30,opted_in,import,13,6,5,1,1,0
C00158,Organic Search,2026-02-22,1,55,opted_in,gated_content,7,2,8,0,0,0
C00159,Organic Search,2026-02-01,1,74,opted_in,signup_form,6,1,3,0,1,0
C00160,Organic Search,2026-05-23,1,17,opted_in,import,19,3,5,3,1,0
C00161,Organic Search,2026-05-15,1,27,unknown,unknown,10,3,0,0,1,0
C00162,Organic Search,2026-04-12,1,60,opted_in,event,15,1,2,1,1,0
C00163,Organic Search,2026-03-14,1,34,opted_in,gated_content,11,0,1,0,0,0
C00164,Organic Search,2026-05-02,1,17,opted_in,newsletter,13,3,4,0,1,0
C00165,Organic Search,2025-12-17,1,181,opted_in,event,12,3,0,1,0,0
C00166,Organic Search,2025-12-17,1,171,opted_in,signup_form,14,2,5,1,1,0
C00167,Organic Search,2025-12-01,1,174,opted_in,import,14,1,5,1,0,0
C00168,Organic Search,2026-05-16,1,23,opted_in,event,11,1,4,2,1,0
C00169,Organic Search,2026-01-15,1,160,opted_in,import,23,3,3,2,1,0
C00170,Organic Search,2026-01-07,1,144,opted_in,event,8,2,4,2,0,0
C00171,Organic Search,2026-01-14,1,35,opted_in,event,12,2,6,2,0,1
C00172,Organic Search,2026-05-04,1,27,opted_in,signup_form,7,4,2,0,1,0
C00173,Organic Search,2026-04-25,1,54,opted_in,signup_form,15,4,4,1,0,1
C00174,Organic Search,2026-05-18,1,24,opted_in,gated_content,8,2,5,1,0,0
C00175,Organic Search,2026-01-25,1,133,opted_in,import,7,3,5,2,1,0
C00176,Organic Search,2026-03-05,1,88,opted_in,signup_form,5,2,6,0,1,0
C00177,Organic Search,2025-12-19,1,117,opted_in,gated_content,11,3,6,1,1,0
C00178,Organic Search,2026-02-13,1,77,opted_in,gated_content,11,1,5,0,1,0
C00179,Organic Search,2026-05-15,1,26,opted_in,newsletter,10,2,5,2,0,0
C00180,Organic Search,2026-01-21,1,117,opted_out,import,10,2,0,1,1,1
C00181,Organic Search,2026-01-11,1,119,opted_in,signup_form,10,3,3,2,0,1
C00182,Organic Search,2026-03-24,1,40,opted_in,event,13,2,6,1,1,0
C00183,Organic Search,2026-02-16,1,85,opted_in,event,11,2,2,1,0,0
C00184,Organic Search,2026-05-09,1,22,opted_in,import,6,0,4,0,0,0
C00185,Organic Search,2025-12-11,1,83,opted_in,newsletter,12,3,6,2,0,0
C00186,Organic Search,2026-02-21,1,101,opted_in,event,11,2,4,1,0,1
C00187,Organic Search,2026-04-06,1,67,opted_in,event,11,2,3,1,0,1
C00188,Organic Search,2026-01-11,1,111,opted_in,newsletter,11,5,2,2,0,1
C00189,Organic Search,2026-01-28,1,129,opted_in,gated_content,11,2,0,2,1,0
C00190,Organic Search,2025-12-26,1,171,opted_in,gated_content,11,2,4,1,0,0
C00191,Organic Search,2026-05-15,1,10,opted_in,event,13,1,5,0,1,0
C00192,Organic Search,2026-05-05,1,31,opted_in,newsletter,4,1,1,0,0,0
C00193,Organic Search,2025-12-13,1,150,opted_in,newsletter,18,2,4,2,1,0
C00194,Organic Search,2026-05-06,1,25,opted_in,gated_content,14,3,3,1,0,1
C00195,Organic Search,2025-12-10,1,184,opted_in,newsletter,9,3,6,0,1,0
C00196,Organic Search,2026-02-19,1,101,opted_in,gated_content,8,2,2,0,1,0
C00197,Organic Search,2026-04-23,1,50,opted_in,gated_content,11,2,5,1,0,0
C00198,Organic Search,2025-12-22,1,164,opted_in,signup_form,10,4,6,0,0,0
C00199,Organic Search,2026-04-21,1,12,opted_in,newsletter,13,4,4,2,0,0
C00200,Organic Search,2025-12-28,1,138,opted_in,gated_content,14,4,6,1,1,0
C00201,Organic Search,2026-01-09,1,142,opted_in,newsletter,7,1,5,1,0,0
C00202,Organic Search,2026-01-15,1,139,opted_in,import,17,0,5,0,1,1
C00203,Organic Search,2026-04-28,1,35,opted_in,import,8,2,3,2,0,0
C00204,Organic Search,2026-04-21,1,42,opted_in,import,13,3,1,1,1,0
C00205,Organic Search,2026-03-15,1,87,opted_in,signup_form,16,0,6,0,0,0
C00206,Organic Search,2026-03-05,1,41,opted_in,signup_form,8,3,3,1,0,0
C00207,Organic Search,2026-03-14,1,18,opted_in,import,6,3,5,2,1,0
C00208,Organic Search,2026-04-03,1,35,opted_in,gated_content,13,4,4,3,1,0
C00209,Organic Search,2026-04-20,1,48,opted_in,event,16,4,5,2,1,0
C00210,Organic Search,2026-05-24,1,26,opted_in,gated_content,9,1,4,0,1,0
C00211,Organic Search,2026-01-13,1,44,opted_in,newsletter,12,2,1,0,0,0
C00212,Organic Search,2026-04-07,1,32,opted_in,import,18,3,0,1,1,0
C00213,Organic Search,2026-01-21,1,100,opted_in,signup_form,15,4,4,3,0,1
C00214,Organic Search,2026-02-15,1,111,opted_in,newsletter,8,2,6,0,1,0
C00215,Organic Search,2026-02-07,1,118,opted_out,import,13,4,0,0,1,1
C00216,Organic Search,2026-03-14,1,82,opted_in,import,3,3,3,1,0,0
C00217,Organic Search,2025-12-09,1,186,opted_in,newsletter,15,2,5,2,1,0
C00218,Organic Search,2026-02-13,1,70,opted_in,newsletter,10,1,7,2,0,0
C00219,Organic Search,2026-01-13,1,152,opted_in,signup_form,13,2,6,1,0,0
C00220,Organic Search,2026-02-12,1,103,opted_in,gated_content,7,0,5,2,1,0
C00221,Organic Search,2026-04-22,1,5,opted_in,signup_form,10,2,3,2,0,0
C00222,Organic Search,2026-03-11,1,83,opted_in,newsletter,9,3,5,2,0,0
C00223,Organic Search,2026-02-09,1,115,opted_in,import,6,3,1,1,0,0
C00224,Organic Search,2026-04-16,1,53,opted_in,import,14,2,5,1,0,0
C00225,Organic Search,2025-12-14,1,179,opted_in,import,10,1,0,2,0,1
C00226,Organic Search,2026-05-06,1,41,opted_in,newsletter,15,3,2,1,0,0
C00227,Organic Search,2026-05-05,1,35,opted_in,import,9,1,7,1,0,1
C00228,Organic Search,2026-01-01,1,163,opted_in,signup_form,14,2,4,1,1,0
C00229,Organic Search,2026-02-13,1,41,unknown,unknown,7,2,0,0,0,0
C00230,Organic Search,2026-01-19,1,137,opted_in,gated_content,8,1,0,0,0,0
C00231,Organic Search,2026-05-28,1,14,opted_in,signup_form,1,0,6,1,1,0
C00232,Organic Search,2026-02-12,1,108,unknown,unknown,5,1,0,0,0,1
C00233,Organic Search,2026-04-04,1,35,opted_in,newsletter,17,3,3,2,0,1
C00234,Organic Search,2025-12-01,1,189,opted_out,event,6,2,0,0,1,0
C00235,Organic Search,2026-04-22,1,8,unknown,unknown,15,2,0,2,1,1
C00236,Organic Search,2026-05-14,1,33,opted_in,gated_content,19,4,6,0,1,0
C00237,Organic Search,2026-02-11,1,116,opted_in,event,8,1,5,2,1,1
C00238,Organic Search,2026-01-22,1,133,opted_in,gated_content,9,1,5,3,0,1
C00239,Organic Search,2026-03-28,1,21,opted_in,newsletter,17,3,6,1,0,1
C00240,Organic Search,2026-04-07,1,67,opted_in,gated_content,10,2,3,0,1,0
C00241,Organic Search,2025-12-17,1,148,opted_in,import,10,3,4,0,0,0
C00242,Organic Search,2026-05-15,1,28,opted_in,gated_content,6,1,2,2,0,0
C00243,Organic Search,2026-04-03,1,57,opted_in,import,5,1,4,1,0,0
C00244,Organic Search,2026-04-15,1,66,opted_in,event,9,3,0,1,0,0
C00245,Organic Search,2025-12-07,1,190,opted_in,import,4,1,4,0,0,0
C00246,Organic Search,2026-02-04,1,127,opted_in,signup_form,15,4,5,1,0,0
C00247,Organic Search,2025-12-13,1,133,opted_in,signup_form,4,0,4,0,0,0
C00248,Organic Search,2026-02-17,1,7,opted_in,signup_form,16,1,4,1,1,0
C00249,Organic Search,2026-02-11,1,128,opted_in,signup_form,14,2,0,1,1,1
C00250,Organic Search,2026-01-17,1,72,opted_in,newsletter,11,2,6,1,1,0
C00251,Organic Search,2025-12-12,1,178,opted_in,signup_form,15,4,5,2,1,0
C00252,Organic Search,2026-04-08,1,72,unknown,unknown,6,0,0,2,0,0
C00253,Organic Search,2026-03-25,1,74,opted_in,event,16,2,3,3,1,0
C00254,Organic Search,2026-02-11,1,116,opted_in,import,12,3,2,1,0,0
C00255,Organic Search,2025-12-01,1,155,opted_in,import,16,2,10,2,1,1
C00256,Organic Search,2026-04-23,1,38,opted_in,newsletter,12,3,4,1,0,0
C00257,Organic Search,2025-12-06,1,186,opted_in,signup_form,10,1,4,1,1,0
C00258,Organic Search,2026-01-22,1,136,opted_in,import,11,2,4,1,0,0
C00259,Organic Search,2026-03-08,1,57,opted_in,signup_form,6,2,4,1,0,0
C00260,Organic Search,2026-02-05,1,110,opted_in,import,12,1,2,0,1,1
C00261,Organic Search,2026-05-21,1,10,opted_in,newsletter,13,2,9,3,1,0
C00262,Organic Search,2026-04-22,1,46,opted_out,import,17,2,0,1,1,0
C00263,Organic Search,2025-12-27,1,164,opted_in,gated_content,10,3,6,1,1,0
C00264,Organic Search,2026-02-25,1,48,opted_in,import,14,3,4,1,1,0
C00265,Organic Search,2025-12-24,1,162,opted_in,signup_form,3,1,2,0,0,0
C00266,Organic Search,2026-03-04,1,62,opted_in,event,13,2,5,1,0,0
C00267,Organic Search,2026-05-01,1,36,opted_in,signup_form,8,5,4,1,1,0
C00268,Organic Search,2025-12-14,1,99,opted_in,gated_content,8,1,2,0,0,0
C00269,Organic Search,2026-05-18,1,25,opted_in,import,14,3,1,3,1,1
C00270,Organic Search,2026-01-26,1,39,opted_in,gated_content,12,2,3,0,0,0
C00271,Organic Search,2026-04-01,1,71,opted_in,event,10,1,6,1,0,0
C00272,Organic Search,2025-12-25,1,171,opted_in,gated_content,12,2,3,3,1,0
C00273,Organic Search,2026-02-05,1,82,opted_in,event,7,2,4,1,0,0
C00274,Organic Search,2026-04-02,1,68,opted_out,import,12,4,0,2,1,0
C00275,Organic Search,2026-02-10,1,72,opted_in,gated_content,8,1,1,0,1,1
C00276,Organic Search,2026-03-28,1,8,opted_in,signup_form,16,4,7,1,1,0
C00277,Organic Search,2026-01-02,1,122,opted_in,newsletter,9,2,4,1,1,0
C00278,Organic Search,2026-04-02,1,46,opted_in,event,8,2,6,2,0,0
C00279,Organic Search,2025-12-01,1,151,opted_in,event,13,3,2,1,0,0
C00280,Organic Search,2025-12-03,1,144,opted_in,event,7,4,5,0,1,0
C00281,Organic Search,2026-03-13,1,85,opted_in,event,10,2,4,1,1,0
C00282,Organic Search,2025-12-03,1,190,unknown,unknown,12,3,0,0,1,0
C00283,Organic Search,2026-05-25,1,23,opted_in,event,13,2,5,2,1,0
C00284,Organic Search,2026-03-14,1,29,opted_in,import,4,1,3,1,1,0
C00285,Organic Search,2025-12-18,1,84,opted_in,signup_form,12,1,5,1,1,0
C00286,Organic Search,2026-05-28,1,14,opted_in,newsletter,9,2,1,1,0,0
C00287,Organic Search,2026-01-06,1,103,opted_in,newsletter,14,3,6,2,1,0
C00288,Organic Search,2025-12-10,1,182,opted_in,gated_content,6,2,5,0,0,0
C00289,Organic Search,2026-03-05,1,96,opted_in,event,13,3,6,2,0,0
C00290,Organic Search,2026-03-12,1,54,opted_in,event,14,3,8,1,1,0
C00291,Organic Search,2026-05-01,1,30,opted_in,signup_form,12,3,2,2,0,0
C00292,Organic Search,2026-04-13,1,67,opted_in,import,8,4,2,1,0,1
C00293,Organic Search,2026-05-03,1,38,opted_in,import,15,2,5,2,1,1
C00294,Organic Search,2026-03-13,1,47,opted_in,event,13,3,8,0,1,0
C00295,Organic Search,2026-03-17,1,83,opted_in,gated_content,8,2,5,0,0,0
C00296,Organic Search,2026-01-08,1,13,opted_in,newsletter,20,3,7,1,1,0
C00297,Organic Search,2026-03-27,1,68,opted_in,gated_content,10,3,6,0,1,0
C00298,Organic Search,2025-12-06,1,188,opted_in,import,8,0,4,2,1,0
C00299,Organic Search,2026-05-03,1,35,opted_in,newsletter,14,2,6,0,1,0
C00300,Organic Search,2025-12-09,1,173,opted_in,event,16,3,4,1,0,0
C00301,Organic Search,2026-03-02,1,65,opted_in,newsletter,15,2,2,1,0,0
C00302,Organic Search,2026-02-17,1,86,opted_out,signup_form,13,3,0,1,1,0
C00303,Organic Search,2025-12-13,1,94,opted_in,newsletter,10,1,3,1,0,1
C00304,Organic Search,2026-05-10,1,30,opted_in,gated_content,11,3,3,1,1,0
C00305,Organic Search,2026-03-03,1,19,opted_in,signup_form,12,4,6,0,1,0
C00306,Organic Search,2026-04-26,1,47,opted_in,event,15,3,2,1,1,0
C00307,Organic Search,2026-03-18,1,47,opted_in,gated_content,7,3,9,1,0,0
C00308,Organic Search,2026-03-20,1,40,opted_in,event,13,4,4,1,0,0
C00309,Organic Search,2026-04-05,1,32,opted_in,newsletter,16,3,4,1,1,0
C00310,Organic Search,2026-02-05,1,20,opted_out,event,14,3,0,2,0,0
C00311,Organic Search,2025-12-10,1,191,opted_in,gated_content,14,1,5,1,1,0
C00312,Organic Search,2026-04-19,1,63,opted_in,event,8,2,4,0,1,0
C00313,Organic Search,2026-02-26,1,61,opted_in,newsletter,6,1,3,1,0,0
C00314,Organic Search,2026-01-16,1,18,opted_in,newsletter,10,1,3,1,0,0
C00315,Organic Search,2025-12-10,1,119,opted_in,gated_content,12,2,5,0,1,0
C00316,Organic Search,2026-03-11,1,16,opted_in,signup_form,7,3,2,0,1,0
C00317,Organic Search,2026-04-13,1,61,opted_in,newsletter,15,4,3,1,1,0
C00318,Organic Search,2026-02-09,1,124,opted_in,gated_content,9,3,4,2,0,0
C00319,Organic Search,2026-02-21,1,116,opted_in,newsletter,11,2,3,0,0,0
C00320,Organic Search,2025-12-19,1,75,opted_in,gated_content,14,5,4,1,1,0
C00321,Paid Search,2026-01-11,1,120,opted_in,event,16,4,5,2,1,1
C00322,Paid Search,2026-04-01,1,11,opted_in,event,6,1,1,1,0,0
C00323,Paid Search,2026-01-24,1,99,opted_in,event,7,2,4,1,0,0
C00324,Paid Search,2026-04-27,1,42,opted_out,gated_content,14,1,0,1,1,0
C00325,Paid Search,2026-02-01,1,93,opted_out,gated_content,8,2,0,1,0,0
C00326,Paid Search,2026-01-06,1,153,opted_in,gated_content,9,2,5,1,0,0
C00327,Paid Search,2026-04-08,1,34,opted_out,import,16,3,0,0,1,1
C00328,Paid Search,2026-02-25,1,55,opted_in,signup_form,6,2,1,2,1,1
C00329,Paid Search,2026-05-26,1,17,opted_in,import,12,1,1,0,0,0
C00330,Paid Search,2026-05-18,1,27,opted_in,event,9,2,2,2,1,0
C00331,Paid Search,2026-02-25,1,107,opted_in,newsletter,12,2,5,1,0,0
C00332,Paid Search,2026-04-21,1,29,opted_in,signup_form,14,4,5,1,1,0
C00333,Paid Search,2026-05-20,1,17,opted_out,gated_content,8,1,0,0,0,1
C00334,Paid Search,2025-12-06,1,152,opted_in,gated_content,3,2,1,2,0,0
C00335,Paid Search,2026-01-18,1,149,opted_out,gated_content,10,2,0,2,0,0
C00336,Paid Search,2026-05-22,1,17,unknown,unknown,16,3,0,2,1,0
C00337,Paid Search,2026-02-21,1,71,opted_in,event,10,2,4,1,0,0
C00338,Paid Search,2026-04-28,1,20,opted_in,signup_form,14,2,3,2,0,1
C00339,Paid Search,2026-02-12,1,108,opted_in,event,9,3,4,3,1,0
C00340,Paid Search,2026-05-26,1,5,opted_in,gated_content,11,2,1,0,0,0
C00341,Paid Search,2025-12-26,1,164,opted_in,event,11,0,3,0,0,0
C00342,Paid Search,2025-12-16,1,173,opted_in,signup_form,11,0,6,0,0,0
C00343,Paid Search,2025-12-02,1,183,opted_in,signup_form,8,1,2,1,1,0
C00344,Paid Search,2026-03-22,1,79,opted_in,import,16,1,3,0,0,0
C00345,Paid Search,2026-03-15,1,45,opted_in,import,7,3,4,1,0,0
C00346,Paid Search,2026-02-11,1,118,opted_in,newsletter,8,0,0,1,0,0
C00347,Paid Search,2026-02-19,1,116,opted_in,event,16,2,3,2,1,0
C00348,Paid Search,2026-05-22,1,16,opted_in,import,15,2,6,0,1,0
C00349,Paid Search,2026-02-28,1,97,unknown,unknown,11,2,0,0,0,0
C00350,Paid Search,2026-03-23,1,45,opted_in,signup_form,11,2,5,0,1,0
C00351,Paid Search,2026-04-04,1,64,opted_in,event,11,3,9,1,1,0
C00352,Paid Search,2026-02-21,1,112,opted_in,import,8,0,1,1,1,0
C00353,Paid Search,2026-03-02,1,40,opted_in,signup_form,12,3,5,2,0,0
C00354,Paid Search,2026-02-24,1,108,opted_in,signup_form,16,2,3,1,0,0
C00355,Paid Search,2026-01-27,1,118,unknown,unknown,10,3,0,2,1,1
C00356,Paid Search,2026-04-03,1,59,opted_in,signup_form,13,3,5,1,1,0
C00357,Paid Search,2026-02-08,1,125,opted_in,newsletter,12,3,6,1,0,0
C00358,Paid Search,2025-12-19,1,177,opted_in,import,7,1,2,2,0,0
C00359,Paid Search,2025-12-02,1,188,opted_in,import,9,5,0,0,1,0
C00360,Paid Search,2025-12-22,1,112,opted_in,gated_content,7,0,2,1,0,0
C00361,Paid Search,2025-12-03,1,139,opted_in,import,16,3,5,0,1,0
C00362,Paid Search,2026-02-23,1,90,opted_in,newsletter,10,2,3,1,1,0
C00363,Paid Search,2026-04-04,1,60,opted_out,newsletter,6,2,0,1,0,0
C00364,Paid Search,2026-05-28,1,16,opted_in,gated_content,9,3,4,2,1,1
C00365,Paid Search,2026-01-07,1,110,opted_in,signup_form,4,3,2,1,0,0
C00366,Paid Search,2026-02-07,1,73,opted_in,signup_form,2,1,1,0,1,0
C00367,Paid Search,2026-04-03,1,19,opted_in,event,4,2,5,1,0,0
C00368,Paid Search,2026-04-11,1,18,opted_in,newsletter,17,5,8,1,1,0
C00369,Paid Search,2026-02-15,1,115,opted_in,gated_content,16,2,0,1,0,0
C00370,Paid Search,2026-03-18,1,88,opted_out,event,8,1,0,1,1,0
C00371,Paid Search,2026-01-15,1,138,unknown,unknown,9,3,0,2,1,1
C00372,Paid Search,2026-03-27,1,27,opted_in,import,13,2,5,2,1,0
C00373,Paid Search,2026-05-12,1,21,opted_in,newsletter,9,2,4,1,1,1
C00374,Paid Search,2026-05-11,1,29,opted_in,event,6,2,4,0,0,0
C00375,Paid Search,2025-12-09,1,188,opted_in,newsletter,13,3,3,2,0,0
C00376,Paid Search,2026-05-09,1,33,opted_in,newsletter,20,3,4,1,1,0
C00377,Paid Search,2026-03-25,1,44,opted_in,gated_content,9,3,5,3,0,0
C00378,Paid Search,2026-04-27,1,34,opted_in,newsletter,4,4,2,0,0,0
C00379,Paid Search,2026-02-14,1,106,opted_in,newsletter,18,4,3,3,0,0
C00380,Paid Search,2026-03-26,1,76,opted_in,import,12,2,6,0,1,0
C00381,Paid Search,2026-02-25,1,95,opted_in,newsletter,9,2,6,0,0,0
C00382,Paid Search,2026-03-23,1,69,opted_in,newsletter,10,2,3,0,0,0
C00383,Paid Search,2026-02-05,1,115,opted_out,import,9,1,0,1,1,1
C00384,Paid Search,2026-02-10,1,135,unknown,unknown,14,0,0,1,0,0
C00385,Paid Search,2025-12-20,1,112,opted_in,newsletter,15,1,4,0,0,1
C00386,Paid Search,2026-03-04,1,88,opted_in,newsletter,10,1,0,0,1,0
C00387,Paid Search,2026-01-15,1,139,opted_in,import,10,3,3,1,1,0
C00388,Paid Search,2026-02-14,1,113,opted_in,gated_content,6,0,5,1,0,0
C00389,Paid Search,2026-01-25,1,57,unknown,unknown,7,2,0,1,0,0
C00390,Paid Search,2025-12-08,1,174,opted_out,import,9,2,0,1,1,0
C00391,Paid Search,2026-01-09,1,75,opted_in,gated_content,15,3,4,1,1,1
C00392,Paid Search,2026-05-08,1,25,opted_in,gated_content,8,3,0,1,1,0
C00393,Paid Search,2026-02-13,1,73,opted_in,import,10,3,0,0,1,0
C00394,Paid Search,2026-02-10,1,90,opted_in,signup_form,12,1,5,3,1,0
C00395,Paid Search,2025-12-24,1,172,opted_in,gated_content,13,2,0,2,0,0
C00396,Paid Search,2025-12-17,1,148,opted_in,import,15,4,3,2,1,0
C00397,Paid Search,2026-04-04,1,69,opted_out,event,10,2,0,2,0,0
C00398,Paid Search,2025-12-27,1,162,unknown,unknown,11,2,0,1,0,0
C00399,Paid Search,2026-01-11,1,158,opted_in,event,8,0,3,3,1,0
C00400,Paid Search,2026-05-22,1,20,opted_in,newsletter,16,3,3,1,1,1
C00401,Paid Search,2026-04-02,1,59,opted_in,signup_form,14,4,3,1,1,0
C00402,Paid Search,2026-05-24,1,29,opted_in,gated_content,11,3,5,2,1,0
C00403,Paid Search,2026-03-22,1,22,opted_in,import,11,2,3,0,1,0
C00404,Paid Search,2026-03-12,1,95,opted_in,signup_form,12,1,1,0,1,0
C00405,Paid Search,2026-01-04,1,106,opted_in,newsletter,10,3,5,2,1,0
C00406,Paid Search,2026-04-23,1,50,opted_in,import,11,1,2,0,0,0
C00407,Paid Search,2026-02-05,1,124,opted_in,import,12,4,0,0,1,1
C00408,Paid Search,2025-12-23,1,177,opted_in,event,2,0,0,1,0,0
C00409,Paid Search,2026-03-06,1,26,opted_in,event,16,1,3,1,1,0
C00410,Paid Search,2026-03-26,1,79,opted_in,event,19,3,1,1,0,0
C00411,Paid Search,2025-12-28,1,113,opted_in,import,13,3,3,1,0,0
C00412,Paid Search,2026-02-15,1,119,opted_in,gated_content,15,3,7,2,1,0
C00413,Paid Search,2025-12-25,1,144,unknown,unknown,15,2,0,1,0,0
C00414,Paid Search,2026-03-22,1,36,opted_in,import,10,2,3,2,1,0
C00415,Paid Search,2026-05-23,1,20,opted_in,signup_form,13,1,0,0,0,0
C00416,Paid Search,2025-12-15,1,134,opted_in,newsletter,15,2,7,0,1,1
C00417,Paid Search,2026-02-11,1,109,opted_in,newsletter,11,1,3,0,1,0
C00418,Paid Search,2026-04-27,1,42,opted_in,newsletter,9,1,5,1,0,0
C00419,Paid Search,2026-01-16,1,99,opted_in,event,13,1,7,1,0,1
C00420,Paid Search,2026-03-02,1,101,opted_in,gated_content,7,2,4,1,1,0
C00421,Paid Search,2026-02-24,1,102,opted_in,event,12,1,2,0,0,1
C00422,Paid Search,2026-04-03,1,18,opted_in,newsletter,16,2,6,2,0,0
C00423,Paid Search,2026-03-05,1,14,opted_out,event,11,3,0,1,0,1
C00424,Paid Search,2026-02-06,1,74,opted_in,gated_content,7,2,4,2,0,0
C00425,Paid Search,2026-03-11,1,91,unknown,unknown,15,0,0,1,1,0
C00426,Paid Search,2026-01-08,1,119,opted_in,event,15,3,4,1,0,0
C00427,Paid Search,2026-01-04,1,148,opted_in,import,13,3,5,2,0,0
C00428,Paid Search,2025-12-12,1,144,opted_in,newsletter,10,1,5,2,0,0
C00429,Paid Search,2026-05-24,1,9,unknown,unknown,13,1,0,2,0,0
C00430,Paid Search,2026-02-22,1,104,opted_in,signup_form,8,2,0,1,0,1
C00431,Paid Search,2025-12-08,1,162,opted_in,signup_form,9,1,8,1,1,0
C00432,Paid Search,2025-12-14,1,180,opted_in,event,14,3,2,1,1,0
C00433,Paid Search,2026-04-18,1,55,opted_in,event,9,1,7,2,0,0
C00434,Paid Search,2026-03-27,1,73,opted_in,gated_content,8,2,4,1,0,0
C00435,Paid Search,2026-04-11,1,17,opted_in,import,5,2,2,1,0,0
C00436,Paid Search,2026-01-07,1,129,opted_in,signup_form,9,4,3,3,0,0
C00437,Paid Search,2026-01-26,1,46,opted_in,newsletter,17,2,9,2,0,1
C00438,Paid Search,2026-03-03,1,89,opted_in,newsletter,15,2,3,2,0,0
C00439,Paid Search,2026-03-05,1,94,opted_in,newsletter,11,1,3,0,0,0
C00440,Paid Search,2026-04-16,1,50,opted_in,event,6,1,5,0,0,0
C00441,Paid Search,2025-12-19,1,181,opted_in,signup_form,14,3,5,1,1,0
C00442,Paid Search,2026-03-06,1,98,opted_in,newsletter,7,2,0,1,0,0
C00443,Paid Search,2026-05-03,1,42,unknown,unknown,11,2,0,1,1,0
C00444,Paid Search,2026-03-17,1,79,opted_in,import,5,0,0,0,1,0
C00445,Paid Search,2026-02-13,1,38,opted_in,signup_form,8,3,4,1,0,0
C00446,Paid Search,2026-01-27,1,115,opted_in,import,16,3,2,1,1,1
C00447,Paid Search,2025-12-26,1,163,opted_in,event,10,3,8,1,1,0
C00448,Paid Search,2026-03-23,1,84,opted_in,event,4,4,7,3,1,0
C00449,Paid Search,2026-01-19,1,147,opted_in,event,10,2,4,2,0,0
C00450,Paid Search,2025-12-07,1,183,opted_in,newsletter,10,2,1,1,0,0
C00451,Paid Search,2026-01-07,1,154,opted_in,gated_content,6,3,0,1,0,0
C00452,Paid Search,2026-01-10,1,114,opted_in,import,6,0,5,0,0,0
C00453,Paid Search,2026-02-18,1,96,unknown,unknown,9,5,0,1,1,0
C00454,Paid Search,2026-03-17,1,80,unknown,unknown,9,0,0,2,1,0
C00455,Paid Search,2026-05-19,1,30,opted_in,import,13,3,4,2,1,0
C00456,Paid Search,2026-04-21,1,50,opted_in,event,9,5,6,0,1,0
C00457,Paid Search,2026-02-10,1,60,opted_in,import,9,1,0,3,0,0
C00458,Paid Search,2026-04-15,1,10,unknown,unknown,12,1,0,1,0,1
C00459,Paid Search,2026-01-05,1,127,opted_in,newsletter,18,3,3,1,0,0
C00460,Paid Search,2026-04-08,1,53,unknown,unknown,16,3,0,2,0,1
C00461,Paid Search,2026-03-13,1,51,opted_in,newsletter,7,3,2,0,0,0
C00462,Paid Search,2026-04-23,1,19,opted_in,event,9,4,7,0,0,0
C00463,Paid Search,2025-12-22,1,123,opted_in,signup_form,6,1,3,1,0,0
C00464,Paid Search,2026-01-28,1,124,opted_in,event,13,3,3,1,0,1
C00465,Paid Search,2026-01-28,1,128,unknown,unknown,9,5,0,0,0,0
C00466,Paid Search,2026-01-03,1,155,opted_in,import,10,0,5,1,0,0
C00467,Paid Search,2026-05-23,1,10,opted_out,gated_content,17,1,0,1,0,0
C00468,Paid Search,2026-04-20,1,45,opted_out,gated_content,12,1,0,1,0,0
C00469,Paid Search,2026-02-24,1,68,opted_in,import,6,3,5,1,0,0
C00470,Paid Search,2026-05-15,1,35,opted_in,newsletter,10,2,3,1,0,0
C00471,Paid Search,2025-12-08,1,163,opted_in,import,8,2,2,0,0,0
C00472,Paid Search,2026-03-02,1,83,opted_in,event,19,1,2,1,0,0
C00473,Paid Search,2026-02-22,1,68,opted_in,import,3,2,5,1,1,0
C00474,Paid Search,2026-02-20,1,91,opted_in,event,6,2,2,1,1,0
C00475,Paid Search,2026-04-28,1,51,opted_in,signup_form,15,3,3,1,1,0
C00476,Paid Search,2025-12-14,1,154,opted_out,import,8,2,0,0,1,0
C00477,Paid Search,2026-04-18,1,14,opted_in,import,12,1,2,1,0,0
C00478,Paid Search,2026-02-25,1,103,opted_in,signup_form,13,2,10,2,1,0
C00479,Paid Search,2026-03-09,1,19,opted_in,gated_content,13,2,2,2,1,1
C00480,Paid Search,2026-04-11,1,61,opted_in,import,15,3,3,2,1,0
C00481,Paid Search,2026-05-27,1,4,opted_in,gated_content,11,1,5,2,0,0
C00482,Paid Search,2026-04-25,1,39,opted_in,import,16,2,5,1,0,1
C00483,Paid Search,2025-12-13,1,129,opted_in,newsletter,16,4,4,1,0,0
C00484,Paid Search,2026-02-27,1,97,unknown,unknown,13,4,0,0,0,0
C00485,Paid Search,2026-02-11,1,116,opted_in,event,7,2,5,0,0,0
C00486,Paid Search,2026-01-21,1,102,opted_in,newsletter,8,2,1,1,0,0
C00487,Paid Search,2026-02-17,1,79,opted_out,event,12,2,0,0,0,0
C00488,Paid Search,2025-12-22,1,34,opted_out,newsletter,7,2,0,2,1,0
C00489,Paid Search,2026-01-03,1,129,opted_in,newsletter,15,2,5,1,1,1
C00490,Paid Search,2025-12-07,1,144,opted_in,newsletter,4,2,1,2,0,0
C00491,Paid Search,2026-01-24,1,132,opted_in,newsletter,13,3,3,1,0,1
C00492,Paid Search,2025-12-25,1,145,opted_in,import,15,3,7,2,0,0
C00493,Paid Search,2026-01-15,1,143,opted_in,newsletter,15,3,5,2,0,0
C00494,Paid Search,2025-12-18,1,82,opted_in,newsletter,11,0,0,1,0,0
C00495,Paid Search,2025-12-07,1,187,unknown,unknown,12,2,0,0,0,0
C00496,Paid Search,2026-03-05,1,98,opted_in,newsletter,8,3,2,2,1,0
C00497,Paid Search,2026-02-26,1,104,opted_in,import,12,3,4,1,0,1
C00498,Paid Search,2026-05-02,1,35,opted_in,import,14,5,8,2,1,0
C00499,Paid Search,2026-05-10,1,33,opted_in,import,13,2,3,1,0,1
C00500,Paid Search,2025-12-11,1,142,unknown,unknown,6,1,0,2,0,0
C00501,Paid Search,2026-03-24,1,82,opted_in,gated_content,7,1,7,1,0,0
C00502,Paid Search,2026-02-03,1,123,opted_in,gated_content,12,1,0,0,0,0
C00503,Paid Search,2026-02-16,1,105,opted_in,import,5,1,3,0,0,0
C00504,Paid Search,2026-02-13,1,81,opted_in,event,7,0,6,1,1,0
C00505,Paid Search,2026-04-18,1,52,opted_in,newsletter,17,3,7,2,1,1
C00506,Paid Search,2026-01-20,1,138,opted_in,event,13,1,6,2,1,0
C00507,Paid Search,2026-04-05,1,70,unknown,unknown,7,1,0,0,0,0
C00508,Paid Search,2026-02-06,1,76,opted_in,signup_form,8,4,2,2,1,1
C00509,Paid Search,2026-04-27,1,48,opted_in,event,12,1,3,2,0,1
C00510,Paid Search,2026-01-02,1,153,opted_in,newsletter,5,3,2,2,1,0
C00511,Paid Search,2026-01-07,1,151,opted_in,signup_form,9,2,3,2,0,0
C00512,Paid Search,2026-04-01,1,27,opted_in,signup_form,7,2,4,1,1,0
C00513,Paid Search,2026-02-13,1,78,opted_in,signup_form,12,1,2,1,0,1
C00514,Paid Search,2026-01-19,1,106,opted_in,gated_content,14,2,6,0,0,1
C00515,Paid Search,2026-04-17,1,59,opted_in,gated_content,11,3,2,2,0,1
C00516,Paid Search,2026-01-07,1,109,opted_out,newsletter,9,3,0,1,1,0
C00517,Paid Search,2025-12-10,1,122,unknown,unknown,10,1,0,1,0,0
C00518,Paid Search,2026-01-24,1,141,unknown,unknown,3,3,0,1,0,1
C00519,Paid Search,2026-03-28,1,64,unknown,unknown,0,0,0,1,0,0
C00520,Paid Search,2026-04-16,1,38,opted_in,event,13,3,6,0,1,0
C00521,Paid Search,2026-04-09,1,68,unknown,unknown,8,0,0,1,0,0
C00522,Paid Search,2026-02-13,1,122,unknown,unknown,14,1,0,0,0,0
C00523,Paid Search,2026-03-10,1,52,opted_out,signup_form,14,3,0,0,1,0
C00524,Paid Search,2026-01-01,1,57,opted_in,import,11,2,3,1,0,0
C00525,Paid Search,2026-03-11,1,94,opted_in,newsletter,10,1,2,0,1,0
C00526,Paid Search,2026-04-06,1,56,unknown,unknown,10,5,0,1,0,0
C00527,Paid Search,2026-04-01,1,60,opted_in,event,15,3,4,1,1,0
C00528,Paid Search,2026-02-03,1,117,opted_in,newsletter,16,4,7,1,0,1
C00529,Paid Search,2026-01-04,1,136,opted_in,newsletter,6,3,2,2,0,0
C00530,Paid Search,2026-05-25,1,12,opted_in,import,9,2,7,1,0,0
C00531,Direct,2026-05-07,1,24,opted_in,import,10,0,7,1,0,0
C00532,Direct,2026-05-06,1,25,opted_in,event,6,2,0,1,0,0
C00533,Direct,2026-02-06,1,47,opted_in,import,15,2,3,0,0,0
C00534,Direct,2026-01-25,1,126,opted_in,gated_content,16,3,4,0,1,0
C00535,Direct,2026-01-26,1,136,opted_in,signup_form,9,5,4,1,1,0
C00536,Direct,2026-04-15,1,49,opted_out,event,14,4,0,3,1,0
C00537,Direct,2026-03-26,1,80,opted_in,import,1,1,2,1,0,0
C00538,Direct,2026-04-04,1,57,opted_in,gated_content,17,2,6,1,1,1
C00539,Direct,2026-05-18,1,28,opted_in,signup_form,10,2,3,1,1,1
C00540,Direct,2026-01-12,1,92,opted_in,import,15,1,1,0,0,0
C00541,Direct,2026-02-04,1,123,opted_in,gated_content,16,1,1,0,0,0
C00542,Direct,2025-12-12,1,175,opted_in,event,9,3,9,1,1,0
C00543,Direct,2026-05-22,1,21,opted_in,import,8,1,3,2,0,0
C00544,Direct,2026-02-15,1,111,opted_out,newsletter,7,2,0,1,0,0
C00545,Direct,2026-02-18,1,108,opted_out,event,11,2,0,0,0,1
C00546,Direct,2026-01-27,1,113,opted_in,event,10,2,3,0,0,0
C00547,Direct,2026-05-22,1,4,opted_in,newsletter,10,3,6,2,1,0
C00548,Direct,2026-03-21,1,74,opted_in,gated_content,12,3,9,0,1,0
C00549,Direct,2026-05-25,1,6,opted_in,signup_form,12,2,2,1,0,0
C00550,Direct,2026-01-09,1,64,opted_in,signup_form,12,1,7,1,0,0
C00551,Direct,2026-02-11,1,115,unknown,unknown,4,3,0,0,1,1
C00552,Direct,2025-12-16,1,177,unknown,unknown,10,1,0,2,1,0
C00553,Direct,2026-01-01,1,163,unknown,unknown,5,1,0,3,0,0
C00554,Direct,2026-01-09,1,160,opted_in,event,14,1,2,1,1,0
C00555,Direct,2026-02-02,1,138,opted_in,import,9,2,6,1,0,0
C00556,Direct,2025-12-12,1,170,opted_out,import,12,3,0,1,1,1
C00557,Direct,2026-01-13,1,53,opted_in,signup_form,15,1,3,0,0,0
C00558,Direct,2026-01-10,1,115,opted_in,gated_content,11,1,5,1,0,0
C00559,Direct,2026-03-05,1,49,opted_in,signup_form,16,3,7,1,1,0
C00560,Direct,2026-05-25,1,20,opted_out,import,10,2,0,0,0,0
C00561,Direct,2026-02-21,1,77,opted_in,import,8,3,2,0,0,0
C00562,Direct,2026-05-07,1,25,opted_in,signup_form,10,1,2,0,1,0
C00563,Direct,2026-01-21,1,135,opted_in,newsletter,14,4,8,1,1,0
C00564,Direct,2025-12-04,1,191,opted_out,signup_form,13,3,0,2,1,0
C00565,Direct,2025-12-10,1,154,opted_in,newsletter,14,3,5,1,1,0
C00566,Direct,2026-04-10,1,36,opted_in,import,10,3,4,1,1,0
C00567,Direct,2026-05-26,1,8,opted_in,signup_form,13,3,6,0,0,1
C00568,Direct,2026-02-25,1,101,opted_out,newsletter,8,2,0,0,0,0
C00569,Direct,2026-04-28,1,42,opted_in,gated_content,13,1,5,0,0,0
C00570,Direct,2026-04-09,1,57,opted_in,newsletter,13,3,2,1,1,0
C00571,Direct,2026-05-15,1,26,opted_in,event,20,1,4,2,0,0
C00572,Direct,2026-03-03,1,60,unknown,unknown,14,2,0,1,0,0
C00573,Direct,2026-03-25,1,39,opted_in,import,15,3,4,0,1,0
C00574,Direct,2026-01-17,1,97,unknown,unknown,4,1,0,0,0,0
C00575,Direct,2026-03-06,1,88,opted_in,event,4,2,4,1,0,0
C00576,Direct,2026-01-11,1,137,opted_in,event,10,2,6,2,0,0
C00577,Direct,2026-03-02,1,99,opted_in,newsletter,15,3,5,2,1,0
C00578,Direct,2025-12-17,1,169,opted_in,event,12,0,3,1,0,0
C00579,Direct,2026-02-27,1,103,opted_in,newsletter,14,3,2,2,0,0
C00580,Direct,2026-01-22,1,129,opted_out,signup_form,13,3,0,2,0,1
C00581,Direct,2026-05-02,1,25,opted_in,event,11,2,4,0,0,1
C00582,Direct,2026-02-10,1,89,opted_in,event,15,4,2,0,0,0
C00583,Direct,2026-03-26,1,45,opted_in,signup_form,16,2,4,1,0,0
C00584,Direct,2026-04-24,1,37,opted_in,newsletter,10,2,3,1,0,0
C00585,Direct,2026-05-09,1,31,opted_in,signup_form,12,2,5,2,1,0
C00586,Direct,2026-01-10,1,160,opted_in,gated_content,9,3,6,1,0,0
C00587,Direct,2026-04-24,1,48,opted_in,import,7,3,0,0,0,1
C00588,Direct,2026-03-28,1,79,opted_in,newsletter,9,2,3,1,0,0
C00589,Direct,2026-03-12,1,53,opted_in,newsletter,8,0,3,1,0,1
C00590,Direct,2026-02-06,1,72,opted_in,signup_form,11,2,6,1,0,0
C00591,Direct,2026-03-09,1,88,opted_in,event,8,4,4,2,0,0
C00592,Direct,2026-04-08,1,27,opted_in,import,5,2,3,0,0,0
C00593,Direct,2026-01-08,1,146,opted_in,gated_content,14,1,3,0,1,0
C00594,Direct,2026-04-08,1,62,opted_in,import,15,4,5,1,0,0
C00595,Direct,2026-04-20,1,44,opted_in,event,9,1,5,1,1,0
C00596,Direct,2026-03-21,1,35,opted_in,gated_content,8,3,1,0,0,0
C00597,Direct,2026-05-24,1,18,opted_in,signup_form,2,2,2,0,0,0
C00598,Direct,2026-01-17,1,56,opted_in,gated_content,14,2,5,2,1,0
C00599,Direct,2026-04-22,1,29,opted_in,signup_form,15,2,1,2,0,0
C00600,Direct,2026-05-18,1,25,unknown,unknown,13,4,0,3,1,0
C00601,Direct,2026-03-23,1,71,unknown,unknown,11,1,0,0,1,0
C00602,Direct,2026-01-17,1,142,opted_in,newsletter,10,1,4,1,1,0
C00603,Direct,2026-01-02,1,158,opted_in,newsletter,5,3,3,1,0,0
C00604,Direct,2026-02-01,1,72,opted_in,event,17,5,1,1,1,0
C00605,Direct,2026-05-15,1,27,opted_in,newsletter,7,2,4,1,1,0
C00606,Direct,2026-03-19,1,73,opted_out,event,14,4,0,1,1,0
C00607,Direct,2025-12-15,1,142,opted_out,newsletter,16,3,0,0,1,1
C00608,Direct,2025-12-16,1,126,opted_out,event,14,1,0,2,1,0
C00609,Direct,2026-05-06,1,36,opted_in,gated_content,11,3,5,1,1,1
C00610,Direct,2026-03-05,1,90,opted_in,import,14,1,5,1,1,1
C00611,Direct,2026-01-18,1,135,opted_in,import,17,2,0,1,0,1
C00612,Direct,2026-04-21,1,52,opted_in,event,15,3,5,2,0,0
C00613,Direct,2026-01-03,1,116,opted_out,event,6,2,0,1,0,1
C00614,Direct,2026-05-12,1,20,opted_in,newsletter,10,2,2,0,1,1
C00615,Direct,2025-12-07,1,179,opted_in,event,11,2,2,0,1,0
C00616,Direct,2026-03-27,1,28,opted_in,import,9,3,1,1,0,0
C00617,Direct,2026-01-21,1,137,opted_in,signup_form,5,1,1,1,0,0
C00618,Direct,2025-12-05,1,191,opted_out,event,12,2,0,1,0,0
C00619,Direct,2026-01-17,1,105,unknown,unknown,14,2,0,0,1,0
C00620,Direct,2026-03-18,1,56,opted_in,gated_content,17,3,2,1,0,1
C00621,Paid Social,2026-03-20,1,80,unknown,unknown,3,3,0,1,0,0
C00622,Paid Social,2026-01-09,1,144,opted_out,import,13,1,0,0,0,0
C00623,Paid Social,2026-03-08,1,90,opted_in,event,10,2,4,0,0,1
C00624,Paid Social,2026-05-14,1,33,opted_in,event,9,4,1,1,0,0
C00625,Paid Social,2026-03-15,1,92,opted_out,import,8,1,0,2,0,0
C00626,Paid Social,2026-02-02,1,135,opted_in,event,10,2,4,2,1,0
C00627,Paid Social,2026-01-12,1,150,opted_in,event,12,3,3,1,0,1
C00628,Paid Social,2026-03-01,1,91,opted_in,event,17,3,7,1,1,1
C00629,Paid Social,2026-05-18,1,26,opted_in,newsletter,18,4,6,2,1,0
C00630,Paid Social,2026-05-04,1,31,unknown,unknown,7,2,0,1,1,0
C00631,Paid Social,2026-05-07,1,40,unknown,unknown,14,4,0,0,1,0
C00632,Paid Social,2025-12-16,1,181,opted_in,newsletter,14,3,4,2,1,0
C00633,Paid Social,2026-04-13,1,9,opted_in,import,1,1,3,2,0,0
C00634,Paid Social,2026-03-23,1,80,opted_in,newsletter,12,1,5,1,0,0
C00635,Paid Social,2026-01-11,1,151,opted_in,gated_content,14,1,6,1,0,0
C00636,Paid Social,2026-04-15,1,56,unknown,unknown,6,0,0,1,0,0
C00637,Paid Social,2025-12-11,1,185,opted_in,gated_content,4,0,0,1,0,0
C00638,Paid Social,2026-02-23,1,97,unknown,unknown,9,2,0,1,0,0
C00639,Paid Social,2025-12-17,1,156,opted_in,newsletter,11,1,2,0,0,0
C00640,Paid Social,2026-02-19,1,75,opted_in,newsletter,10,1,2,0,0,0
C00641,Paid Social,2025-12-13,1,153,unknown,unknown,4,0,0,0,0,0
C00642,Paid Social,2026-02-21,1,112,opted_in,import,9,4,4,1,0,0
C00643,Paid Social,2026-05-18,1,26,unknown,unknown,10,3,0,0,1,0
C00644,Paid Social,2025-12-07,1,186,opted_in,newsletter,8,3,0,0,0,0
C00645,Paid Social,2026-02-13,1,108,opted_in,signup_form,11,3,5,0,0,0
C00646,Paid Social,2026-02-17,1,121,opted_in,gated_content,8,3,0,2,0,0
C00647,Paid Social,2026-01-28,1,123,opted_out,newsletter,4,1,0,0,0,0
C00648,Paid Social,2026-02-20,1,106,unknown,unknown,9,1,0,2,0,0
C00649,Paid Social,2025-12-01,1,160,opted_in,gated_content,7,2,0,1,0,0
C00650,Paid Social,2025-12-18,1,89,opted_in,gated_content,11,2,4,0,0,1
C00651,Paid Social,2026-05-19,1,16,opted_out,import,7,3,0,1,0,0
C00652,Paid Social,2025-12-26,1,108,opted_in,event,8,0,5,1,1,0
C00653,Paid Social,2026-01-22,1,138,opted_in,newsletter,6,1,0,0,0,0
C00654,Paid Social,2026-01-24,1,130,opted_in,import,5,2,2,0,0,0
C00655,Paid Social,2026-03-22,1,77,opted_out,import,5,1,0,0,0,0
C00656,Paid Social,2026-03-07,1,72,opted_in,gated_content,11,2,3,1,0,0
C00657,Paid Social,2026-05-22,1,15,opted_in,event,0,0,1,0,0,0
C00658,Paid Social,2026-02-22,1,111,unknown,unknown,11,2,0,1,0,0
C00659,Paid Social,2026-03-15,1,90,opted_in,gated_content,4,2,2,0,0,0
C00660,Paid Social,2026-04-19,1,42,opted_in,signup_form,10,0,3,1,0,0
C00661,Paid Social,2026-03-10,1,82,opted_in,newsletter,10,2,4,1,0,0
C00662,Paid Social,2026-03-20,1,75,opted_in,newsletter,10,2,5,2,1,0
C00663,Paid Social,2026-05-02,1,29,opted_in,gated_content,12,3,4,0,0,0
C00664,Paid Social,2026-05-02,1,32,opted_in,import,3,1,2,0,1,0
C00665,Paid Social,2026-02-23,1,103,opted_in,import,11,2,5,1,1,0
C00666,Paid Social,2026-01-26,1,141,opted_in,import,11,2,3,0,0,0
C00667,Paid Social,2026-02-11,1,116,opted_in,import,7,1,0,1,0,0
C00668,Paid Social,2026-04-15,1,13,opted_out,newsletter,14,1,0,1,0,1
C00669,Paid Social,2026-02-15,1,119,opted_in,import,7,2,3,1,0,0
C00670,Paid Social,2026-05-04,1,33,unknown,unknown,11,2,0,1,0,0
C00671,Paid Social,2025-12-15,1,181,opted_in,newsletter,8,4,6,1,0,1
C00672,Paid Social,2026-03-27,1,54,opted_in,signup_form,7,1,4,0,0,0
C00673,Paid Social,2026-01-21,1,110,opted_in,import,4,0,4,1,0,0
C00674,Paid Social,2026-03-27,1,23,unknown,unknown,5,0,0,0,0,0
C00675,Paid Social,2026-01-12,1,142,opted_in,gated_content,2,1,2,0,0,0
C00676,Paid Social,2026-02-09,1,126,opted_in,event,10,2,3,0,0,1
C00677,Paid Social,2025-12-20,1,169,unknown,unknown,9,3,0,3,0,0
C00678,Paid Social,2025-12-20,1,140,opted_out,signup_form,11,3,0,1,1,0
C00679,Paid Social,2026-01-27,1,132,opted_in,gated_content,4,2,5,0,0,1
C00680,Paid Social,2025-12-01,1,189,opted_out,gated_content,11,1,0,0,0,0
C00681,Paid Social,2026-04-11,1,15,opted_in,newsletter,10,3,9,2,1,0
C00682,Paid Social,2026-04-24,1,40,opted_in,signup_form,6,1,4,0,0,0
C00683,Paid Social,2025-12-14,1,160,opted_in,newsletter,8,4,2,1,0,0
C00684,Paid Social,2026-02-10,1,115,opted_in,signup_form,7,1,2,0,1,0
C00685,Paid Social,2026-02-01,1,133,opted_in,signup_form,8,3,4,1,1,0
C00686,Paid Social,2025-12-12,1,146,opted_in,newsletter,6,1,5,0,1,0
C00687,Paid Social,2026-05-12,1,22,opted_in,newsletter,15,0,2,0,0,1
C00688,Paid Social,2026-05-05,1,42,unknown,unknown,10,1,0,1,0,0
C00689,Paid Social,2026-04-07,1,21,opted_in,gated_content,13,3,6,0,1,0
C00690,Paid Social,2026-02-17,1,41,opted_in,newsletter,3,1,0,0,0,0
C00691,Paid Social,2026-03-09,1,88,opted_out,gated_content,13,3,0,1,1,1
C00692,Paid Social,2026-02-19,1,117,unknown,unknown,4,1,0,0,1,0
C00693,Paid Social,2026-02-16,1,121,opted_in,event,1,1,2,0,0,0
C00694,Paid Social,2026-04-13,1,42,opted_out,newsletter,5,2,0,1,0,1
C00695,Paid Social,2026-01-15,1,142,opted_in,event,9,2,3,1,1,0
C00696,Paid Social,2026-03-08,1,85,opted_out,gated_content,10,2,0,0,0,0
C00697,Paid Social,2025-12-07,1,183,opted_in,import,8,2,5,0,1,0
C00698,Paid Social,2026-03-23,1,82,unknown,unknown,8,3,0,1,0,0
C00699,Paid Social,2026-03-08,1,85,unknown,unknown,10,2,0,0,0,0
C00700,Paid Social,2026-05-27,1,7,opted_out,event,6,0,0,1,1,0
C00701,Paid Social,2026-05-21,1,22,opted_in,event,12,4,6,1,1,0
C00702,Paid Social,2026-04-07,1,69,opted_in,signup_form,9,2,5,2,0,0
C00703,Paid Social,2026-04-14,1,56,unknown,unknown,8,2,0,1,0,0
C00704,Paid Social,2026-05-03,1,43,opted_in,gated_content,6,1,3,0,1,0
C00705,Paid Social,2026-03-06,1,61,opted_out,import,6,1,0,1,1,0
C00706,Paid Social,2026-04-26,1,46,unknown,unknown,7,2,0,0,0,0
C00707,Paid Social,2026-02-03,1,117,unknown,unknown,4,1,0,1,0,0
C00708,Paid Social,2026-01-10,1,152,opted_in,import,7,1,0,0,0,1
C00709,Paid Social,2026-01-09,1,149,opted_in,newsletter,9,3,0,3,1,0
C00710,Paid Social,2025-12-14,1,185,unknown,unknown,6,2,0,1,0,0
C00711,Paid Social,2026-05-01,1,30,opted_in,event,10,3,0,1,1,1
C00712,Paid Social,2026-02-01,1,123,opted_in,import,8,3,5,1,0,0
C00713,Paid Social,2026-05-10,1,21,opted_in,signup_form,8,0,0,0,1,0
C00714,Paid Social,2026-02-13,1,122,opted_in,newsletter,8,0,2,0,1,0
C00715,Paid Social,2026-05-20,1,11,opted_out,signup_form,14,1,0,1,0,0
C00716,Paid Social,2026-01-22,1,153,opted_in,newsletter,7,2,5,0,1,1
C00717,Paid Social,2026-01-18,1,72,unknown,unknown,10,2,0,0,0,0
C00718,Paid Social,2026-01-01,1,156,unknown,unknown,9,1,0,1,0,0
C00719,Paid Social,2026-01-27,1,126,opted_in,import,4,2,1,0,0,0
C00720,Paid Social,2025-12-24,1,166,opted_in,import,12,2,1,1,1,0
C00721,Paid Social,2026-04-22,1,17,opted_in,event,6,0,2,1,0,0
C00722,Paid Social,2026-03-27,1,47,opted_in,newsletter,5,0,3,2,0,0
C00723,Paid Social,2026-01-16,1,95,opted_out,newsletter,9,1,0,1,0,0
C00724,Paid Social,2026-01-19,1,147,opted_in,newsletter,14,1,9,0,0,0
C00725,Paid Social,2025-12-21,1,161,unknown,unknown,9,2,0,1,0,0
C00726,Paid Social,2026-01-25,1,119,opted_out,newsletter,5,1,0,0,0,0
C00727,Paid Social,2026-05-28,1,7,opted_in,newsletter,6,2,5,1,0,0
C00728,Paid Social,2026-04-21,1,49,unknown,unknown,3,1,0,0,0,0
C00729,Paid Social,2026-05-11,1,23,opted_out,event,10,2,0,0,0,0
C00730,Paid Social,2026-02-06,1,127,opted_in,signup_form,6,1,0,1,0,0
C00731,Paid Social,2026-05-15,1,26,opted_in,newsletter,8,1,6,2,0,0
C00732,Paid Social,2026-01-15,1,143,opted_in,gated_content,8,1,2,0,0,0
C00733,Paid Social,2026-02-22,1,69,unknown,unknown,7,1,0,1,1,0
C00734,Paid Social,2026-05-06,1,35,opted_in,signup_form,5,1,3,0,0,0
C00735,Paid Social,2026-01-24,1,130,unknown,unknown,7,2,0,2,0,0
C00736,Paid Social,2026-01-03,1,148,unknown,unknown,15,2,0,1,1,1
C00737,Paid Social,2026-01-27,1,88,unknown,unknown,10,0,0,1,1,0
C00738,Paid Social,2026-01-28,1,138,opted_in,event,12,4,5,1,1,0
C00739,Paid Social,2026-03-21,1,71,opted_out,signup_form,15,1,0,2,0,0
C00740,Paid Social,2026-01-10,1,155,unknown,unknown,11,2,0,1,0,0
C00741,Paid Social,2026-04-11,1,57,opted_in,gated_content,1,1,4,0,1,0
C00742,Paid Social,2026-04-20,1,41,opted_in,event,1,1,5,1,0,0
C00743,Paid Social,2026-02-13,1,76,opted_out,gated_content,6,1,0,1,0,0
C00744,Paid Social,2026-04-24,1,17,unknown,unknown,7,2,0,1,0,0
C00745,Paid Social,2026-02-27,1,98,opted_in,newsletter,8,0,6,1,1,1
C00746,Paid Social,2026-02-04,1,121,opted_in,newsletter,11,2,5,2,1,1
C00747,Paid Social,2026-03-03,1,101,opted_in,import,10,3,5,1,1,0
C00748,Paid Social,2025-12-16,1,143,opted_in,gated_content,4,0,4,2,0,0
C00749,Paid Social,2026-04-15,1,20,opted_in,signup_form,13,2,5,0,0,0
C00750,Paid Social,2026-05-17,1,14,opted_in,import,6,0,0,0,0,0
C00751,Paid Social,2026-04-22,1,59,opted_in,signup_form,9,1,1,0,0,0
C00752,Paid Social,2026-05-01,1,40,opted_in,gated_content,6,0,0,0,0,0
C00753,Paid Social,2025-12-11,1,179,opted_in,gated_content,15,3,3,0,1,0
C00754,Paid Social,2026-02-08,1,120,opted_in,gated_content,8,1,3,2,0,0
C00755,Paid Social,2026-04-09,1,61,opted_in,event,10,3,3,2,0,0
C00756,Paid Social,2025-12-27,1,163,unknown,unknown,11,2,0,3,1,0
C00757,Paid Social,2026-05-25,1,6,opted_in,import,9,2,1,1,0,0
C00758,Paid Social,2026-05-13,1,25,opted_in,event,9,1,1,3,0,0
C00759,Paid Social,2025-12-10,1,187,opted_in,newsletter,18,3,2,1,1,1
C00760,Paid Social,2026-02-27,1,83,opted_out,signup_form,9,3,0,2,0,0
C00761,Paid Social,2026-05-16,1,40,opted_in,signup_form,12,3,4,0,1,0
C00762,Paid Social,2026-04-06,1,59,opted_in,gated_content,13,3,5,2,0,0
C00763,Paid Social,2025-12-19,1,183,opted_in,event,9,3,7,1,0,0
C00764,Paid Social,2026-01-16,1,141,unknown,unknown,12,3,0,2,0,0
C00765,Paid Social,2026-05-13,1,24,opted_out,event,7,3,0,1,0,0
C00766,Paid Social,2026-04-19,1,20,opted_out,event,8,0,0,0,1,0
C00767,Paid Social,2026-03-21,1,79,opted_in,event,9,2,4,1,1,1
C00768,Paid Social,2026-02-11,1,127,opted_in,signup_form,2,2,1,0,0,0
C00769,Paid Social,2026-02-27,1,108,opted_in,gated_content,11,2,4,0,1,0
C00770,Paid Social,2026-04-20,1,54,opted_out,signup_form,12,4,0,1,1,1
C00771,Paid Social,2026-03-12,1,85,opted_out,gated_content,6,1,0,1,0,0
C00772,Paid Social,2025-12-14,1,168,unknown,unknown,5,3,0,2,1,0
C00773,Paid Social,2026-03-15,1,86,opted_in,signup_form,10,2,3,2,0,0
C00774,Paid Social,2026-04-16,1,62,opted_in,import,16,2,5,1,1,0
C00775,Paid Social,2026-02-25,1,108,opted_in,event,7,1,2,1,1,1
C00776,Paid Social,2026-04-14,1,51,opted_out,event,13,2,0,1,0,0
C00777,Paid Social,2026-04-25,1,47,opted_out,gated_content,14,3,0,0,0,0
C00778,Paid Social,2026-03-07,1,78,opted_out,event,14,2,0,1,0,1
C00779,Paid Social,2025-12-28,1,159,opted_in,newsletter,3,0,2,1,0,0
C00780,Paid Social,2026-04-18,1,51,opted_in,gated_content,13,0,0,0,0,1
C00781,Paid Social,2026-02-27,1,108,unknown,unknown,14,3,0,0,0,0
C00782,Paid Social,2026-01-08,1,88,opted_out,import,9,2,0,1,0,0
C00783,Paid Social,2026-03-04,1,103,opted_out,event,9,2,0,0,0,0
C00784,Paid Social,2025-12-02,1,189,opted_out,newsletter,10,3,0,2,0,0
C00785,Paid Social,2026-03-04,1,110,opted_in,import,9,1,0,2,1,0
C00786,Paid Social,2026-03-09,1,92,opted_in,event,4,0,0,2,0,0
C00787,Paid Social,2026-01-11,1,112,opted_in,gated_content,8,1,0,1,0,0
C00788,Paid Social,2026-03-10,1,65,opted_in,signup_form,11,1,2,1,1,0
C00789,Paid Social,2026-01-28,1,104,opted_in,event,18,2,2,0,0,0
C00790,Paid Social,2026-04-07,1,73,opted_in,import,5,1,0,1,0,0
C00791,Paid Social,2026-02-19,1,114,opted_in,signup_form,11,4,7,1,1,0
C00792,Paid Social,2026-05-16,1,23,opted_out,event,8,2,0,1,0,0
C00793,Paid Social,2026-02-12,1,96,opted_out,event,8,3,0,2,0,0
C00794,Paid Social,2026-02-11,1,73,opted_in,import,5,1,4,2,1,0
C00795,Paid Social,2026-01-16,1,150,opted_in,gated_content,7,2,1,2,1,1
C00796,Paid Social,2026-03-10,1,88,opted_in,newsletter,4,0,1,1,0,0
C00797,Paid Social,2026-03-18,1,79,opted_in,signup_form,9,1,4,1,0,0
C00798,Paid Social,2026-05-07,1,35,opted_in,signup_form,11,4,3,1,1,0
C00799,Paid Social,2026-05-03,1,41,opted_in,newsletter,3,2,6,1,0,0
C00800,Paid Social,2026-04-17,1,47,opted_in,import,7,0,2,1,0,0
C00801,Display,2026-01-17,1,112,opted_in,signup_form,0,0,4,0,0,0
C00802,Display,2026-02-16,1,111,opted_out,signup_form,14,1,0,0,0,0
C00803,Display,2026-03-09,1,98,opted_in,import,8,1,3,1,0,0
C00804,Display,2026-02-16,1,104,opted_in,event,5,0,0,1,1,1
C00805,Display,2025-12-07,1,181,unknown,unknown,8,0,0,1,0,0
C00806,Display,2026-01-11,1,142,unknown,unknown,7,2,0,2,0,0
C00807,Display,2026-04-12,1,29,unknown,unknown,2,1,0,0,0,0
C00808,Display,2026-04-09,1,52,opted_in,newsletter,10,4,4,0,1,1
C00809,Display,2026-05-25,1,10,opted_in,signup_form,12,0,3,0,0,0
C00810,Display,2026-03-02,1,90,opted_in,signup_form,1,1,0,2,0,0
C00811,Display,2026-02-19,1,117,opted_out,signup_form,6,1,0,1,0,0
C00812,Display,2026-03-10,1,96,opted_in,event,6,1,0,1,0,0
C00813,Display,2026-05-16,1,15,unknown,unknown,12,2,0,0,0,0
C00814,Display,2026-05-24,1,13,opted_in,newsletter,4,2,3,0,0,0
C00815,Display,2026-05-17,1,19,opted_in,signup_form,10,2,4,2,0,0
C00816,Display,2026-02-06,1,116,opted_in,event,15,5,4,2,0,0
C00817,Display,2026-03-21,1,78,opted_in,event,15,2,3,1,1,0
C00818,Display,2026-05-18,1,13,opted_in,newsletter,8,3,3,0,0,1
C00819,Display,2025-12-24,1,164,opted_out,gated_content,9,0,0,0,0,0
C00820,Display,2025-12-28,1,171,opted_in,signup_form,10,2,2,0,0,0
C00821,Display,2026-02-26,1,107,opted_in,import,15,2,4,0,0,0
C00822,Display,2026-02-09,1,81,opted_in,event,4,0,0,1,0,0
C00823,Display,2026-01-26,1,138,opted_out,event,12,2,0,1,0,0
C00824,Display,2025-12-12,1,183,opted_out,import,6,3,0,1,1,0
C00825,Display,2026-03-15,1,94,opted_out,gated_content,5,2,0,1,0,0
C00826,Display,2026-03-03,1,96,opted_in,import,3,1,2,0,0,1
C00827,Display,2026-01-10,1,93,opted_out,newsletter,4,2,0,0,0,0
C00828,Display,2026-03-09,1,85,opted_in,event,1,1,0,2,0,0
C00829,Display,2026-03-26,1,66,opted_in,import,13,2,0,2,0,0
C00830,Display,2026-05-23,1,16,opted_in,signup_form,9,3,0,0,0,0
C00831,Display,2025-12-14,1,177,opted_in,import,9,2,2,1,0,1
C00832,Display,2025-12-11,1,184,opted_in,signup_form,6,1,2,0,0,0
C00833,Display,2025-12-19,1,137,opted_in,gated_content,2,1,3,3,0,0
C00834,Display,2025-12-12,1,132,opted_in,signup_form,10,0,0,1,1,1
C00835,Display,2026-02-13,1,109,unknown,unknown,10,0,0,1,1,0
C00836,Display,2026-05-07,1,24,opted_out,import,5,1,0,2,0,0
C00837,Display,2026-04-22,1,48,unknown,unknown,12,4,0,1,0,0
C00838,Display,2026-04-14,1,55,unknown,unknown,3,1,0,0,0,0
C00839,Display,2026-04-11,1,33,opted_in,event,5,1,3,1,1,0
C00840,Display,2026-02-03,1,117,opted_in,event,15,3,9,3,1,1
C00841,Display,2026-03-18,1,33,opted_in,import,13,1,2,0,1,0
C00842,Display,2025-12-14,1,177,opted_in,gated_content,11,1,6,1,0,0
C00843,Display,2026-05-13,1,26,opted_out,event,15,1,0,0,1,1
C00844,Display,2026-04-27,1,20,opted_in,import,10,0,1,0,1,0
C00845,Display,2026-04-01,1,72,opted_in,gated_content,9,3,2,0,0,0
C00846,Display,2026-02-15,1,109,opted_out,import,5,2,0,0,1,0
C00847,Display,2026-03-21,1,36,opted_in,event,13,3,5,2,1,0
C00848,Display,2026-05-05,1,38,opted_in,signup_form,10,2,2,0,0,0
C00849,Display,2025-12-24,1,175,unknown,unknown,11,2,0,0,1,0
C00850,Display,2026-02-13,1,117,unknown,unknown,12,2,0,0,1,1
C00851,Display,2026-04-13,1,65,opted_out,gated_content,11,0,0,2,0,0
C00852,Display,2025-12-07,1,175,unknown,unknown,11,0,0,0,0,0
C00853,Display,2026-05-09,1,32,opted_in,gated_content,7,1,5,1,0,0
C00854,Display,2026-04-02,1,63,opted_in,event,4,3,0,0,0,0
C00855,Display,2026-03-20,1,81,opted_out,signup_form,11,2,0,1,0,0
C00856,Display,2026-01-17,1,137,opted_in,signup_form,8,1,0,1,0,0
C00857,Display,2026-03-12,1,82,opted_in,gated_content,8,4,3,2,1,0
C00858,Display,2026-02-26,1,95,opted_in,import,10,3,3,1,0,0
C00859,Display,2026-05-12,1,20,opted_in,event,6,1,0,1,0,0
C00860,Display,2026-02-18,1,119,opted_in,event,9,2,4,1,0,0
C00861,Display,2026-01-06,1,87,opted_in,import,9,3,4,1,1,0
C00862,Display,2026-03-25,1,84,unknown,unknown,10,1,0,3,0,1
C00863,Display,2026-01-09,1,157,opted_in,gated_content,4,1,3,0,0,0
C00864,Display,2026-03-06,1,56,opted_in,newsletter,8,2,1,1,0,0
C00865,Display,2025-12-14,1,120,unknown,unknown,3,2,0,0,0,0
C00866,Display,2026-02-05,1,122,opted_in,newsletter,8,2,3,0,0,1
C00867,Display,2026-01-12,1,154,opted_in,import,4,1,0,1,0,0
C00868,Display,2026-02-01,1,102,unknown,unknown,16,3,0,1,0,0
C00869,Display,2026-01-26,1,84,opted_out,import,9,3,0,1,1,0
C00870,Display,2026-01-12,1,145,unknown,unknown,12,3,0,2,0,0
C00871,Display,2026-01-07,1,146,opted_out,signup_form,11,1,0,1,1,0
C00872,Display,2025-12-25,1,167,unknown,unknown,11,0,0,0,0,0
C00873,Display,2025-12-08,1,195,opted_in,event,5,1,0,1,0,0
C00874,Display,2026-05-14,1,26,unknown,unknown,9,2,0,0,1,0
C00875,Display,2026-03-10,1,61,opted_in,import,12,2,3,1,0,0
C00876,Display,2026-03-04,1,70,opted_out,event,7,5,0,1,1,0
C00877,Display,2025-12-23,1,161,opted_out,signup_form,5,0,0,0,0,0
C00878,Display,2026-01-09,1,154,unknown,unknown,8,0,0,0,0,1
C00879,Display,2026-04-23,1,49,unknown,unknown,9,4,0,1,0,0
C00880,Display,2025-12-04,1,193,unknown,unknown,5,2,0,0,0,0
C00881,Display,2026-02-25,1,108,opted_in,import,10,1,7,1,0,0
C00882,Display,2026-03-01,1,102,opted_out,import,14,2,0,1,1,0
C00883,Display,2025-12-17,1,179,opted_out,event,9,1,0,0,0,0
C00884,Display,2026-01-27,1,130,opted_in,import,13,3,4,1,0,0
C00885,Display,2026-03-07,1,88,opted_in,signup_form,9,2,6,0,0,1
C00886,Display,2026-01-07,1,131,opted_in,signup_form,13,1,6,0,1,0
C00887,Display,2026-03-02,1,107,opted_out,import,9,2,0,1,0,0
C00888,Display,2026-02-19,1,109,opted_out,event,8,3,0,1,0,1
C00889,Display,2025-12-28,1,120,opted_in,event,13,0,0,0,0,0
C00890,Display,2025-12-20,1,168,opted_out,event,11,2,0,0,0,0
C00891,Display,2026-01-26,1,127,opted_out,gated_content,7,1,0,0,0,0
C00892,Display,2026-03-03,1,39,opted_out,import,7,0,0,1,0,0
C00893,Display,2026-01-14,1,95,opted_in,import,5,2,8,0,0,0
C00894,Display,2026-03-03,1,96,opted_in,newsletter,10,3,2,2,0,1
C00895,Display,2026-01-21,1,143,opted_out,newsletter,6,2,0,1,0,0
C00896,Display,2026-05-15,1,17,unknown,unknown,4,2,0,1,0,0
C00897,Display,2026-03-14,1,89,opted_out,event,14,2,0,1,1,0
C00898,Display,2026-01-13,1,142,opted_in,event,15,3,3,1,0,0
C00899,Display,2026-04-03,1,69,opted_out,event,3,2,0,0,1,0
C00900,Display,2025-12-02,1,193,opted_in,import,4,2,2,0,0,0
C00901,Display,2025-12-07,1,127,opted_in,import,2,2,3,1,0,1
C00902,Display,2026-04-21,1,43,opted_out,newsletter,14,3,0,2,1,1
C00903,Display,2025-12-15,1,140,opted_out,signup_form,7,1,0,0,0,0
C00904,Display,2026-04-11,1,50,opted_in,signup_form,12,4,3,0,0,0
C00905,Display,2025-12-11,1,183,opted_in,gated_content,6,2,0,0,0,1
C00906,Display,2026-05-12,1,20,opted_out,event,6,0,0,0,0,0
C00907,Display,2026-02-14,1,109,opted_in,signup_form,9,2,1,1,0,0
C00908,Display,2026-01-22,1,139,opted_in,event,11,4,6,1,1,0
C00909,Display,2026-02-16,1,106,unknown,unknown,9,2,0,2,0,1
C00910,Display,2026-04-09,1,59,unknown,unknown,9,1,0,1,0,1
C00911,Display,2026-04-11,1,59,opted_in,signup_form,10,2,4,0,0,0
C00912,Display,2026-03-16,1,87,opted_in,signup_form,3,1,3,0,0,0
C00913,Display,2025-12-25,1,165,opted_out,signup_form,6,1,0,0,0,0
C00914,Display,2025-12-27,1,160,unknown,unknown,11,1,0,1,0,0
C00915,Display,2026-04-27,1,7,unknown,unknown,6,3,0,1,0,1
C00916,Display,2026-04-26,1,39,opted_out,gated_content,11,3,0,0,1,0
C00917,Display,2026-05-07,1,38,opted_in,import,5,3,2,0,0,0
C00918,Display,2026-02-18,1,121,unknown,unknown,8,0,0,0,0,1
C00919,Display,2026-01-20,1,145,opted_in,newsletter,1,0,0,0,0,0
C00920,Display,2026-01-13,1,138,opted_in,newsletter,8,4,2,2,0,0
C00921,Display,2026-02-14,1,107,opted_in,event,6,3,2,2,1,1
C00922,Display,2026-04-20,1,21,unknown,unknown,12,1,0,2,0,0
C00923,Display,2026-04-06,1,45,opted_in,newsletter,8,3,0,2,0,1
C00924,Display,2026-02-05,1,127,opted_out,signup_form,7,2,0,1,0,0
C00925,Display,2026-02-05,1,118,opted_in,event,7,2,4,0,0,0
C00926,Display,2026-02-23,1,99,opted_out,signup_form,9,1,0,0,0,0
C00927,Display,2026-04-28,1,38,opted_out,gated_content,6,1,0,1,0,0
C00928,Display,2026-01-10,1,145,opted_out,gated_content,5,1,0,0,0,0
C00929,Display,2025-12-04,1,185,opted_in,gated_content,10,0,2,0,0,0
C00930,Display,2026-04-06,1,64,opted_in,signup_form,12,4,5,1,1,0
L00001,Email,2026-03-05,0,61,opted_in,gated_content,13,3,3,2,0,1
L00002,Email,2026-05-09,0,87,opted_in,import,5,1,2,1,0,0
L00003,Email,2026-04-20,0,95,opted_in,newsletter,17,4,5,1,1,0
L00004,Email,2026-05-23,0,33,opted_in,event,10,2,6,0,0,0
L00005,Email,2026-04-16,0,44,opted_in,newsletter,8,5,0,1,0,1
L00006,Email,2026-05-01,0,99,opted_in,signup_form,9,0,0,0,0,0
L00007,Email,2026-04-27,0,69,opted_in,signup_form,4,2,6,0,0,1
L00008,Email,2025-12-22,0,30,opted_in,event,15,1,3,2,0,1
L00009,Email,2026-03-12,0,99,opted_in,event,9,1,3,2,0,0
L00010,Email,2026-03-03,0,140,opted_in,signup_form,4,2,1,2,1,0
L00011,Email,2026-01-11,0,77,opted_in,gated_content,12,1,6,0,0,1
L00012,Email,2026-03-24,0,44,opted_in,import,12,2,3,1,1,1
L00013,Email,2026-03-15,0,59,opted_in,event,11,2,3,2,1,1
L00014,Email,2025-12-03,0,86,opted_in,import,5,1,3,1,0,0
L00015,Email,2026-01-20,0,86,opted_in,event,4,1,8,0,0,0
L00016,Email,2025-12-15,0,59,opted_in,newsletter,5,1,2,0,1,0
L00017,Email,2026-03-28,0,99,opted_in,import,10,1,5,1,0,0
L00018,Email,2026-04-04,0,50,opted_in,gated_content,13,1,2,2,0,0
L00019,Email,2026-01-27,0,64,opted_out,event,12,3,0,0,1,0
L00020,Email,2026-04-28,0,71,opted_in,newsletter,14,3,1,1,0,0
L00021,Email,2026-02-12,0,6,opted_in,gated_content,12,3,2,0,1,0
L00022,Email,2026-03-06,0,34,opted_in,gated_content,13,2,0,0,0,0
L00023,Email,2026-01-15,0,141,opted_in,import,10,1,4,1,0,0
L00024,Email,2026-02-25,0,112,opted_in,event,7,0,0,1,0,0
L00025,Email,2026-04-11,0,79,opted_in,signup_form,8,2,3,1,1,0
L00026,Email,2026-04-10,0,102,opted_in,signup_form,7,1,5,0,0,1
L00027,Email,2026-02-14,0,18,opted_in,import,17,3,5,0,0,0
L00028,Email,2025-12-03,0,76,opted_in,event,4,0,2,0,0,0
L00029,Email,2026-02-20,0,14,opted_in,import,10,2,4,0,1,0
L00030,Email,2026-01-15,0,44,opted_in,gated_content,11,2,4,2,1,0
L00031,Email,2025-12-26,0,66,opted_in,event,14,2,6,1,0,0
L00032,Email,2026-03-18,0,55,opted_in,event,11,3,4,0,0,0
L00033,Email,2026-04-10,0,70,opted_in,event,10,3,6,1,1,0
L00034,Email,2026-03-12,0,39,opted_in,gated_content,12,2,5,2,1,0
L00035,Email,2025-12-01,0,34,opted_in,gated_content,19,3,5,0,1,0
L00036,Email,2025-12-11,0,48,opted_in,gated_content,12,0,2,0,0,0
L00037,Email,2026-04-10,0,64,opted_in,event,12,2,5,1,0,0
L00038,Email,2026-01-02,0,44,opted_in,newsletter,9,1,6,0,0,0
L00039,Email,2026-02-08,0,178,opted_in,gated_content,6,2,4,0,0,0
L00040,Email,2026-05-10,0,23,opted_in,gated_content,11,3,4,0,0,0
L00041,Email,2026-02-11,0,76,opted_out,import,10,1,0,0,0,0
L00042,Email,2025-12-04,0,123,opted_in,newsletter,10,0,0,1,0,0
L00043,Email,2026-05-01,0,88,opted_in,gated_content,12,1,5,1,0,0
L00044,Email,2026-01-04,0,39,opted_in,gated_content,16,1,1,0,0,0
L00045,Email,2026-02-23,0,76,opted_in,signup_form,12,1,5,1,1,0
L00046,Email,2026-03-22,0,69,opted_in,gated_content,6,2,2,1,0,0
L00047,Email,2026-01-20,0,118,opted_in,gated_content,4,1,1,1,0,0
L00048,Email,2026-03-11,0,72,opted_in,gated_content,9,2,0,0,0,0
L00049,Email,2026-01-05,0,73,opted_in,gated_content,5,1,4,2,0,0
L00050,Email,2026-02-23,0,73,opted_in,event,9,2,2,1,0,0
L00051,Email,2026-03-17,0,66,opted_in,import,6,2,2,1,0,0
L00052,Email,2026-03-16,0,60,opted_in,import,6,1,0,1,0,0
L00053,Email,2025-12-17,0,42,opted_in,gated_content,7,3,1,0,1,0
L00054,Email,2026-03-02,0,43,opted_in,import,8,3,0,1,0,1
L00055,Email,2026-05-16,0,40,opted_in,signup_form,12,3,6,2,1,0
L00056,Email,2026-05-08,0,62,opted_in,signup_form,12,0,4,0,0,0
L00057,Email,2026-03-05,0,57,opted_in,gated_content,5,2,5,1,0,1
L00058,Email,2026-04-28,0,43,opted_in,signup_form,12,3,2,0,0,0
L00059,Email,2026-04-25,0,68,opted_in,event,7,1,6,0,1,0
L00060,Email,2026-04-11,0,50,unknown,unknown,7,0,0,1,0,0
L00061,Email,2025-12-19,0,88,opted_in,newsletter,8,2,3,2,0,0
L00062,Email,2026-02-22,0,72,opted_in,signup_form,9,3,2,0,0,0
L00063,Email,2026-02-27,0,101,opted_in,import,8,1,1,0,0,0
L00064,Email,2026-04-17,0,45,opted_in,event,8,3,5,2,0,1
L00065,Email,2026-02-24,0,111,opted_in,event,8,1,3,0,0,0
L00066,Email,2026-01-16,0,14,unknown,unknown,11,2,0,1,0,0
L00067,Email,2026-04-14,0,119,opted_in,newsletter,0,0,0,2,0,0
L00068,Email,2026-03-03,0,93,opted_in,import,6,0,0,1,0,0
L00069,Email,2026-03-27,0,93,opted_in,gated_content,8,3,4,0,0,0
L00070,Email,2025-12-10,0,53,opted_in,import,8,3,5,3,0,1
L00071,Email,2026-01-10,0,118,opted_in,event,11,2,4,0,0,1
L00072,Email,2025-12-11,0,47,opted_in,signup_form,9,4,2,3,0,0
L00073,Email,2026-01-26,0,90,opted_in,event,6,3,5,2,1,0
L00074,Email,2026-03-14,0,30,opted_in,gated_content,15,1,4,2,1,1
L00075,Email,2026-05-27,0,70,unknown,unknown,4,1,0,2,0,0
L00076,Email,2025-12-15,0,61,opted_in,newsletter,8,4,5,1,0,1
L00077,Email,2025-12-27,0,24,opted_in,newsletter,18,4,5,1,1,0
L00078,Email,2025-12-21,0,2,opted_in,gated_content,12,2,3,2,1,0
L00079,Email,2025-12-25,0,47,opted_in,gated_content,11,0,3,1,0,1
L00080,Email,2026-01-26,0,92,opted_in,newsletter,10,1,3,0,0,1
L00081,Email,2026-05-05,0,77,opted_in,import,12,2,3,1,0,0
L00082,Email,2026-02-28,0,91,opted_in,event,10,1,4,0,1,0
L00083,Email,2026-04-22,0,94,opted_in,event,12,0,6,0,0,0
L00084,Email,2026-05-09,0,57,unknown,unknown,8,0,0,1,0,0
L00085,Email,2026-01-24,0,49,opted_in,signup_form,9,3,3,0,0,0
L00086,Email,2026-02-22,0,86,opted_in,gated_content,6,0,2,0,0,0
L00087,Email,2026-01-28,0,74,opted_in,signup_form,10,3,4,1,0,0
L00088,Email,2026-04-09,0,77,opted_in,event,10,2,2,1,0,0
L00089,Email,2026-03-18,0,120,opted_in,import,8,2,1,0,0,0
L00090,Email,2025-12-25,0,96,opted_in,newsletter,8,0,1,2,0,0
L00091,Email,2025-12-15,0,86,opted_in,event,7,2,4,0,0,1
L00092,Email,2026-03-15,0,51,opted_in,newsletter,9,2,1,3,0,0
L00093,Email,2026-03-13,0,93,opted_in,signup_form,10,2,6,1,0,0
L00094,Email,2026-02-04,0,53,opted_in,gated_content,0,0,0,0,0,0
L00095,Email,2025-12-24,0,95,opted_in,event,10,3,0,2,0,1
L00096,Email,2026-02-12,0,131,opted_in,signup_form,8,0,2,0,0,0
L00097,Email,2026-02-12,0,37,opted_in,signup_form,8,2,3,2,0,0
L00098,Email,2026-03-06,0,130,opted_in,import,13,2,3,1,0,1
L00099,Email,2026-02-28,0,72,opted_in,event,10,1,4,1,1,0
L00100,Email,2025-12-15,0,62,opted_in,event,10,2,5,1,0,0
L00101,Email,2026-01-24,0,109,opted_in,import,10,0,0,2,0,0
L00102,Email,2026-03-18,0,113,opted_in,event,3,1,0,0,0,0
L00103,Email,2025-12-05,0,91,opted_in,newsletter,2,2,1,1,1,0
L00104,Email,2026-01-18,0,111,opted_in,import,7,1,2,0,0,1
L00105,Email,2026-02-23,0,38,opted_in,signup_form,16,2,7,2,1,1
L00106,Email,2026-03-01,0,177,opted_in,gated_content,1,1,1,0,0,0
L00107,Email,2026-01-18,0,73,opted_in,newsletter,4,2,0,1,1,1
L00108,Email,2025-12-01,0,29,opted_out,event,11,2,0,2,0,0
L00109,Email,2025-12-07,0,107,opted_in,import,6,1,5,1,0,0
L00110,Email,2026-05-16,0,65,opted_in,event,12,1,8,1,0,0
L00111,Email,2026-03-21,0,21,unknown,unknown,17,3,0,2,1,0
L00112,Email,2026-03-25,0,58,opted_in,event,8,1,5,0,1,0
L00113,Email,2026-01-04,0,107,opted_in,gated_content,7,0,2,0,0,0
L00114,Email,2026-01-13,0,126,opted_in,import,0,0,0,1,0,0
L00115,Email,2026-01-26,0,48,opted_in,newsletter,13,0,5,0,0,1
L00116,Email,2026-02-07,0,26,opted_in,event,15,4,7,1,0,0
L00117,Email,2026-03-15,0,67,opted_in,signup_form,11,3,3,1,0,0
L00118,Email,2026-04-09,0,67,opted_in,signup_form,3,1,2,2,0,0
L00119,Email,2026-04-21,0,61,opted_in,event,8,1,2,1,0,0
L00120,Email,2026-02-16,0,22,opted_in,import,14,4,4,1,0,0
L00121,Email,2026-04-18,0,89,opted_in,event,9,1,5,1,1,0
L00122,Email,2026-04-04,0,131,opted_in,gated_content,5,0,1,1,0,0
L00123,Email,2025-12-21,0,65,opted_in,event,6,0,2,1,0,1
L00124,Email,2026-03-08,0,63,opted_in,newsletter,9,2,4,0,0,0
L00125,Email,2026-04-09,0,100,opted_in,gated_content,5,1,3,1,0,0
L00126,Email,2026-03-08,0,11,opted_in,gated_content,9,1,2,2,0,0
L00127,Email,2026-04-16,0,42,opted_in,newsletter,1,1,4,1,1,0
L00128,Email,2026-01-24,0,0,opted_in,import,12,4,4,0,0,0
L00129,Email,2026-05-27,0,56,unknown,unknown,12,2,0,1,0,0
L00130,Email,2025-12-26,0,44,opted_in,import,13,4,3,2,0,0
L00131,Email,2025-12-05,0,81,opted_in,newsletter,4,1,0,0,1,0
L00132,Email,2026-05-15,0,100,opted_in,newsletter,12,1,4,2,0,0
L00133,Email,2026-03-12,0,118,opted_in,newsletter,7,1,0,0,0,0
L00134,Email,2026-05-21,0,107,opted_in,import,5,0,1,0,0,0
L00135,Email,2025-12-07,0,139,opted_in,gated_content,4,2,0,1,0,0
L00136,Email,2026-02-16,0,86,opted_in,signup_form,7,0,0,2,0,0
L00137,Email,2026-04-21,0,112,opted_out,event,9,1,0,0,0,0
L00138,Email,2026-02-04,0,123,opted_in,import,7,0,4,1,0,0
L00139,Email,2026-05-22,0,78,opted_in,newsletter,2,0,2,0,0,0
L00140,Email,2026-01-08,0,163,opted_out,signup_form,8,0,0,0,0,0
L00141,Email,2025-12-16,0,101,opted_in,newsletter,11,2,1,2,0,1
L00142,Email,2026-03-23,0,94,opted_in,gated_content,5,2,4,0,0,0
L00143,Email,2025-12-12,0,67,opted_in,signup_form,7,0,4,1,1,0
L00144,Email,2026-03-02,0,100,opted_in,newsletter,0,0,2,1,0,0
L00145,Email,2026-04-11,0,74,opted_in,signup_form,12,2,7,1,0,0
L00146,Email,2026-02-18,0,122,opted_in,gated_content,5,0,2,1,0,0
L00147,Email,2026-05-04,0,78,opted_in,signup_form,13,2,6,1,1,0
L00148,Email,2026-03-21,0,129,opted_in,newsletter,9,1,0,2,0,0
L00149,Email,2026-01-23,0,64,opted_in,event,15,3,4,0,0,0
L00150,Email,2026-02-28,0,67,opted_in,import,10,3,6,2,1,0
L00151,Email,2026-02-03,0,76,opted_in,event,2,2,1,1,0,0
L00152,Email,2025-12-25,0,96,opted_in,gated_content,8,0,0,0,0,0
L00153,Email,2026-05-17,0,27,opted_in,event,8,0,3,1,1,0
L00154,Email,2026-04-10,0,50,opted_in,signup_form,13,1,5,0,0,1
L00155,Email,2025-12-08,0,38,opted_in,import,16,2,3,1,1,0
L00156,Email,2026-03-04,0,115,opted_in,signup_form,8,1,6,1,0,0
L00157,Email,2026-02-25,0,66,opted_in,gated_content,2,2,4,1,0,0
L00158,Email,2026-05-27,0,113,opted_in,signup_form,2,1,0,1,0,0
L00159,Email,2026-02-05,0,50,unknown,unknown,9,2,0,1,0,0
L00160,Email,2025-12-14,0,87,opted_in,gated_content,7,0,5,0,0,0
L00161,Email,2026-03-07,0,73,opted_in,event,9,0,4,0,0,1
L00162,Email,2026-01-27,0,63,opted_in,gated_content,1,1,1,0,0,0
L00163,Email,2026-02-11,0,58,opted_in,event,10,0,5,0,0,0
L00164,Email,2026-04-03,0,50,opted_in,event,10,2,0,1,0,0
L00165,Email,2026-02-08,0,132,opted_in,gated_content,4,2,0,2,1,0
L00166,Email,2026-05-15,0,72,opted_in,event,11,1,5,1,0,0
L00167,Email,2026-03-20,0,130,opted_in,gated_content,2,0,2,0,0,0
L00168,Email,2026-03-24,0,109,opted_out,import,0,0,0,1,0,0
L00169,Email,2026-01-17,0,75,opted_in,newsletter,7,2,1,0,1,1
L00170,Email,2026-03-19,0,143,opted_in,gated_content,9,0,0,1,0,0
L00171,Email,2026-05-16,0,33,opted_in,event,12,1,4,1,0,0
L00172,Email,2026-05-23,0,67,opted_in,import,13,0,4,1,1,0
L00173,Email,2026-02-16,0,131,opted_in,import,8,3,0,2,1,0
L00174,Email,2025-12-25,0,95,opted_in,gated_content,12,2,6,1,1,0
L00175,Email,2026-02-17,0,98,opted_in,gated_content,7,2,4,1,1,0
L00176,Email,2026-02-18,0,105,opted_in,newsletter,9,3,1,1,0,1
L00177,Email,2026-04-19,0,70,opted_out,newsletter,11,1,0,0,0,0
L00178,Email,2026-01-11,0,0,opted_in,event,15,3,4,2,0,1
L00179,Email,2026-04-25,0,85,opted_in,event,7,2,1,2,0,0
L00180,Email,2026-05-23,0,21,opted_in,gated_content,9,2,3,1,1,0
L00181,Email,2026-02-13,0,20,opted_in,signup_form,10,4,6,1,0,0
L00182,Email,2026-03-10,0,103,opted_in,event,9,2,4,1,1,0
L00183,Email,2026-02-08,0,111,opted_in,gated_content,7,1,3,1,0,0
L00184,Email,2026-04-07,0,90,opted_in,event,6,1,3,0,0,0
L00185,Email,2026-05-15,0,34,opted_in,newsletter,16,1,4,0,0,0
L00186,Email,2025-12-09,0,73,opted_in,signup_form,12,3,6,0,0,0
L00187,Email,2026-01-28,0,79,opted_in,import,10,3,1,0,0,1
L00188,Email,2025-12-20,0,62,opted_in,newsletter,4,0,0,0,0,0
L00189,Email,2026-04-28,0,45,opted_in,event,15,4,4,0,1,0
L00190,Email,2026-05-24,0,45,opted_in,signup_form,9,1,3,0,1,0
L00191,Email,2026-01-17,0,105,opted_in,gated_content,0,0,1,0,0,0
L00192,Email,2026-05-06,0,19,opted_in,import,12,0,8,1,1,0
L00193,Email,2026-03-16,0,57,opted_in,import,1,0,0,0,0,0
L00194,Email,2025-12-06,0,58,opted_in,newsletter,10,2,2,1,1,0
L00195,Email,2026-01-16,0,9,opted_in,import,9,1,7,1,1,0
L00196,Email,2026-02-06,0,91,opted_in,event,6,1,1,0,0,0
L00197,Email,2026-03-08,0,89,opted_in,signup_form,7,1,4,1,1,0
L00198,Email,2026-02-20,0,53,opted_in,event,13,3,2,2,0,0
L00199,Email,2026-01-09,0,50,opted_in,gated_content,5,1,2,0,0,0
L00200,Email,2026-01-28,0,111,opted_in,signup_form,3,2,0,0,0,0
L00201,Email,2026-03-18,0,87,unknown,unknown,2,2,0,2,0,0
L00202,Email,2026-02-19,0,88,opted_in,import,5,0,3,1,0,0
L00203,Email,2026-01-24,0,83,opted_in,signup_form,7,2,0,2,0,0
L00204,Email,2025-12-11,0,75,opted_in,event,12,2,3,0,1,1
L00205,Email,2026-02-13,0,75,opted_in,event,10,3,5,2,0,0
L00206,Email,2026-03-15,0,64,opted_in,gated_content,11,3,0,1,0,0
L00207,Email,2025-12-24,0,51,opted_in,newsletter,9,0,1,0,0,0
L00208,Email,2026-05-27,0,111,opted_in,event,6,1,2,2,0,0
L00209,Email,2026-01-22,0,89,opted_in,newsletter,9,3,1,1,0,0
L00210,Email,2026-03-04,0,0,opted_in,signup_form,14,2,4,1,1,1
L00211,Email,2026-02-07,0,16,opted_in,import,10,3,4,1,0,1
L00212,Email,2025-12-13,0,39,opted_in,event,11,4,0,1,0,1
L00213,Email,2026-05-06,0,48,opted_in,gated_content,17,0,5,2,1,1
L00214,Email,2026-01-17,0,96,opted_in,event,2,0,2,0,0,0
L00215,Email,2026-05-18,0,73,opted_in,signup_form,9,1,4,1,0,0
L00216,Email,2026-04-27,0,61,opted_in,gated_content,11,2,2,0,1,0
L00217,Email,2026-01-02,0,30,opted_in,import,4,4,0,1,1,1
L00218,Email,2026-05-05,0,62,opted_in,event,11,1,0,2,0,1
L00219,Email,2026-03-08,0,126,opted_in,event,4,0,3,2,0,0
L00220,Email,2026-04-01,0,11,opted_in,event,14,3,6,2,0,1
L00221,Email,2026-02-08,0,117,opted_in,signup_form,4,1,3,2,0,0
L00222,Email,2026-01-27,0,133,opted_in,signup_form,6,0,0,0,0,0
L00223,Email,2026-04-25,0,75,unknown,unknown,12,1,0,0,1,0
L00224,Email,2026-04-11,0,110,opted_in,import,5,2,0,0,0,0
L00225,Email,2026-02-12,0,40,opted_in,gated_content,11,2,5,1,0,0
L00226,Email,2026-02-01,0,78,opted_in,newsletter,3,0,2,1,0,0
L00227,Email,2026-01-06,0,78,opted_in,gated_content,10,1,3,0,0,0
L00228,Email,2025-12-07,0,29,opted_in,event,13,4,8,1,1,0
L00229,Email,2026-03-27,0,45,opted_out,signup_form,12,3,0,1,1,0
L00230,Email,2026-01-10,0,59,opted_in,gated_content,12,3,4,1,0,0
L00231,Email,2026-04-28,0,4,opted_in,newsletter,14,4,6,2,1,0
L00232,Email,2026-03-04,0,83,opted_in,newsletter,11,1,4,1,0,0
L00233,Email,2026-01-09,0,51,opted_in,newsletter,6,1,4,0,0,0
L00234,Email,2026-02-18,0,84,opted_out,signup_form,6,0,0,0,0,0
L00235,Email,2026-02-13,0,67,opted_in,newsletter,2,1,1,0,0,1
L00236,Email,2026-02-26,0,56,opted_in,event,7,0,1,1,0,0
L00237,Email,2026-03-27,0,95,opted_in,gated_content,5,1,1,1,0,0
L00238,Email,2026-04-06,0,93,opted_in,gated_content,3,2,2,0,0,0
L00239,Email,2026-04-05,0,93,opted_in,event,10,2,0,1,0,0
L00240,Email,2026-03-13,0,50,opted_in,newsletter,7,1,4,0,1,0
L00241,Email,2026-03-28,0,106,opted_in,gated_content,6,1,3,1,1,0
L00242,Email,2026-05-24,0,65,opted_in,event,9,3,3,0,0,0
L00243,Email,2026-05-18,0,33,opted_in,gated_content,11,3,4,1,1,0
L00244,Email,2026-05-17,0,117,opted_in,import,4,0,5,0,0,0
L00245,Email,2026-05-08,0,103,opted_in,signup_form,11,2,1,2,0,0
L00246,Email,2026-01-14,0,59,opted_in,newsletter,15,0,5,1,0,0
L00247,Email,2026-05-10,0,105,opted_in,signup_form,4,0,0,0,0,0
L00248,Email,2026-03-17,0,151,opted_in,event,3,1,1,0,0,0
L00249,Email,2026-05-12,0,61,opted_in,import,6,2,4,0,0,0
L00250,Email,2026-03-06,0,80,opted_in,newsletter,9,1,6,1,0,0
L00251,Email,2026-01-27,0,67,opted_in,gated_content,14,1,1,1,1,0
L00252,Email,2026-01-21,0,80,opted_in,gated_content,1,0,0,1,0,0
L00253,Email,2026-01-09,0,52,opted_in,newsletter,16,3,3,0,1,0
L00254,Email,2026-04-26,0,34,opted_in,gated_content,5,3,3,0,0,0
L00255,Email,2025-12-01,0,38,opted_in,import,11,4,3,1,1,0
L00256,Email,2026-03-18,0,102,opted_in,gated_content,2,1,1,0,0,0
L00257,Email,2026-02-25,0,112,opted_in,event,0,0,2,0,0,0
L00258,Email,2025-12-24,0,91,opted_in,import,9,2,2,0,0,1
L00259,Email,2026-05-04,0,44,opted_in,gated_content,13,3,2,0,1,1
L00260,Email,2026-05-27,0,36,opted_in,signup_form,7,2,6,2,1,0
L00261,Email,2026-01-06,0,85,opted_in,gated_content,4,2,1,0,0,0
L00262,Email,2026-04-17,0,66,opted_in,newsletter,3,2,0,0,0,0
L00263,Email,2026-03-18,0,39,opted_in,import,12,2,3,1,1,0
L00264,Email,2026-05-02,0,63,opted_in,newsletter,12,2,5,0,0,0
L00265,Email,2026-05-19,0,103,opted_in,gated_content,4,0,1,0,0,0
L00266,Email,2026-03-26,0,113,unknown,unknown,9,3,0,0,1,0
L00267,Email,2026-04-13,0,80,opted_in,event,14,2,2,2,1,0
L00268,Email,2026-01-04,0,53,opted_in,signup_form,3,3,0,0,1,0
L00269,Email,2025-12-22,0,101,opted_in,import,11,0,1,1,0,0
L00270,Email,2026-03-14,0,39,opted_in,import,7,4,0,1,0,0
L00271,Email,2025-12-01,0,98,opted_in,gated_content,8,1,0,0,0,0
L00272,Email,2026-01-16,0,88,opted_in,newsletter,6,0,9,1,0,1
L00273,Email,2026-03-03,0,11,opted_in,gated_content,12,0,7,0,0,0
L00274,Email,2026-02-08,0,55,opted_in,signup_form,9,3,3,1,0,0
L00275,Email,2025-12-03,0,71,opted_in,gated_content,4,1,3,0,0,0
L00276,Email,2026-04-25,0,49,opted_in,event,6,1,1,0,0,0
L00277,Email,2026-01-04,0,76,opted_in,event,4,1,0,0,0,0
L00278,Email,2026-02-07,0,81,opted_in,gated_content,14,1,1,1,0,0
L00279,Email,2025-12-20,0,52,opted_in,import,6,1,5,2,0,0
L00280,Email,2026-05-17,0,69,opted_in,event,3,1,4,0,0,0
L00281,Organic Search,2026-05-01,0,67,unknown,unknown,13,3,0,0,0,0
L00282,Organic Search,2026-01-03,0,108,opted_in,newsletter,7,2,4,0,0,0
L00283,Organic Search,2025-12-01,0,71,opted_in,newsletter,10,2,0,0,0,0
L00284,Organic Search,2026-01-23,0,52,opted_out,gated_content,16,2,0,2,0,0
L00285,Organic Search,2026-02-08,0,92,opted_in,gated_content,2,1,2,1,0,1
L00286,Organic Search,2026-04-18,0,67,opted_out,signup_form,5,2,0,1,0,0
L00287,Organic Search,2026-02-01,0,61,opted_in,gated_content,5,2,0,0,1,0
L00288,Organic Search,2026-04-07,0,79,opted_in,gated_content,6,2,0,0,0,0
L00289,Organic Search,2026-03-01,0,74,opted_in,gated_content,7,0,5,0,0,0
L00290,Organic Search,2025-12-28,0,154,opted_in,newsletter,6,1,0,0,0,0
L00291,Organic Search,2026-04-13,0,76,opted_in,gated_content,6,1,3,1,1,0
L00292,Organic Search,2026-02-02,0,61,opted_in,event,10,2,4,1,1,1
L00293,Organic Search,2026-03-16,0,73,opted_in,event,0,0,2,2,0,0
L00294,Organic Search,2026-02-18,0,66,opted_in,signup_form,10,3,2,1,1,1
L00295,Organic Search,2026-01-25,0,40,opted_in,import,13,3,8,2,0,0
L00296,Organic Search,2026-02-04,0,79,opted_out,newsletter,10,1,0,0,0,0
L00297,Organic Search,2026-03-17,0,39,opted_in,gated_content,12,3,4,1,0,0
L00298,Organic Search,2026-03-05,0,49,opted_out,newsletter,17,4,0,1,0,0
L00299,Organic Search,2026-03-28,0,100,opted_in,event,7,0,0,2,0,0
L00300,Organic Search,2026-03-01,0,29,opted_in,signup_form,10,3,2,0,1,0
L00301,Organic Search,2026-04-11,0,121,opted_in,event,5,0,0,0,0,0
L00302,Organic Search,2026-03-12,0,6,opted_in,newsletter,11,2,3,1,0,0
L00303,Organic Search,2026-03-11,0,71,opted_in,import,9,2,2,1,0,0
L00304,Organic Search,2025-12-16,0,74,opted_in,newsletter,9,2,2,2,0,0
L00305,Organic Search,2026-02-19,0,61,opted_in,gated_content,14,2,2,1,0,0
L00306,Organic Search,2026-04-02,0,75,opted_in,event,9,2,4,1,1,0
L00307,Organic Search,2026-05-08,0,0,opted_in,gated_content,13,3,2,0,1,1
L00308,Organic Search,2026-01-13,0,84,opted_in,import,6,1,3,0,0,0
L00309,Organic Search,2026-05-21,0,102,opted_in,newsletter,7,0,1,2,0,0
L00310,Organic Search,2026-01-03,0,74,opted_in,signup_form,9,2,1,1,0,0
L00311,Organic Search,2026-03-08,0,103,opted_in,signup_form,5,2,0,0,0,0
L00312,Organic Search,2025-12-07,0,68,opted_out,signup_form,10,2,0,2,0,1
L00313,Organic Search,2026-05-23,0,71,opted_in,gated_content,8,3,5,1,0,0
L00314,Organic Search,2026-05-23,0,98,opted_in,newsletter,10,0,4,0,0,0
L00315,Organic Search,2025-12-19,0,0,opted_in,signup_form,12,1,5,2,0,0
L00316,Organic Search,2026-02-02,0,93,opted_in,newsletter,12,2,0,1,0,1
L00317,Organic Search,2026-04-04,0,63,opted_in,import,9,4,6,2,1,0
L00318,Organic Search,2025-12-07,0,28,opted_in,gated_content,12,1,2,0,0,0
L00319,Organic Search,2026-02-16,0,66,opted_in,event,10,2,4,0,0,0
L00320,Organic Search,2026-05-26,0,118,opted_in,newsletter,7,3,3,0,0,0
L00321,Organic Search,2026-04-26,0,121,opted_in,gated_content,4,0,0,0,0,0
L00322,Organic Search,2026-01-07,0,24,opted_in,event,10,1,4,1,0,1
L00323,Organic Search,2026-02-13,0,91,opted_in,gated_content,15,1,3,0,0,0
L00324,Organic Search,2026-01-28,0,64,opted_in,import,4,2,0,0,0,0
L00325,Organic Search,2026-05-22,0,81,opted_in,gated_content,4,2,2,0,0,0
L00326,Organic Search,2026-05-18,0,92,unknown,unknown,12,3,0,1,0,0
L00327,Organic Search,2026-04-17,0,124,opted_in,gated_content,5,3,0,0,1,1
L00328,Organic Search,2026-01-09,0,82,opted_in,signup_form,9,0,3,1,0,0
L00329,Organic Search,2025-12-19,0,50,opted_in,gated_content,10,1,2,1,1,0
L00330,Organic Search,2026-03-08,0,51,opted_in,import,7,0,1,0,0,0
L00331,Organic Search,2026-03-21,0,96,opted_in,gated_content,6,2,1,0,0,0
L00332,Organic Search,2026-01-10,0,76,unknown,unknown,9,2,0,0,0,0
L00333,Organic Search,2026-03-07,0,104,opted_in,signup_form,2,1,2,0,0,0
L00334,Organic Search,2026-05-22,0,7,opted_in,gated_content,7,2,6,2,0,0
L00335,Organic Search,2025-12-28,0,75,opted_out,gated_content,3,1,0,1,0,0
L00336,Organic Search,2025-12-18,0,107,opted_in,gated_content,8,0,7,1,0,0
L00337,Organic Search,2026-03-02,0,96,opted_out,signup_form,4,2,0,0,0,1
L00338,Organic Search,2026-03-20,0,126,opted_out,gated_content,4,0,0,0,0,0
L00339,Organic Search,2026-01-18,0,52,opted_in,gated_content,5,2,4,1,0,0
L00340,Organic Search,2025-12-07,0,76,opted_in,newsletter,4,1,7,0,0,0
L00341,Organic Search,2026-03-17,0,97,unknown,unknown,6,1,0,0,0,0
L00342,Organic Search,2026-05-20,0,77,opted_in,event,4,2,2,2,0,0
L00343,Organic Search,2026-02-14,0,93,opted_in,gated_content,7,2,1,0,0,0
L00344,Organic Search,2026-03-07,0,8,opted_in,gated_content,12,0,2,1,0,1
L00345,Organic Search,2026-01-17,0,59,opted_in,event,13,3,2,1,0,0
L00346,Organic Search,2025-12-13,0,90,opted_in,gated_content,10,1,8,1,0,0
L00347,Organic Search,2026-02-18,0,119,opted_in,newsletter,8,2,1,1,0,0
L00348,Organic Search,2026-04-19,0,36,opted_in,gated_content,7,2,4,1,0,0
L00349,Organic Search,2026-04-26,0,35,opted_in,import,9,3,4,1,0,1
L00350,Organic Search,2026-01-06,0,129,opted_in,newsletter,6,0,0,0,0,0
L00351,Organic Search,2026-03-19,0,120,opted_in,event,7,1,2,1,0,0
L00352,Organic Search,2026-05-20,0,112,unknown,unknown,0,0,0,0,0,0
L00353,Organic Search,2026-02-21,0,113,unknown,unknown,8,1,0,2,0,0
L00354,Organic Search,2026-03-12,0,99,opted_in,newsletter,7,2,0,1,0,0
L00355,Organic Search,2026-05-26,0,92,opted_in,event,11,1,2,1,1,0
L00356,Organic Search,2026-01-25,0,19,opted_in,event,7,1,4,1,0,0
L00357,Organic Search,2026-02-02,0,76,opted_in,newsletter,5,1,2,1,0,0
L00358,Organic Search,2026-01-21,0,100,opted_in,newsletter,9,1,0,0,0,0
L00359,Organic Search,2026-03-05,0,101,opted_in,newsletter,14,0,3,2,0,0
L00360,Organic Search,2026-02-16,0,84,opted_out,signup_form,11,2,0,0,1,0
L00361,Organic Search,2026-05-11,0,84,opted_in,signup_form,9,2,3,2,0,0
L00362,Organic Search,2026-04-08,0,91,opted_in,gated_content,7,2,4,0,0,0
L00363,Organic Search,2025-12-19,0,33,unknown,unknown,10,1,0,0,0,0
L00364,Organic Search,2025-12-14,0,37,opted_in,signup_form,5,2,5,1,1,0
L00365,Organic Search,2026-04-21,0,106,opted_in,gated_content,6,1,2,0,1,0
L00366,Organic Search,2026-02-08,0,71,opted_in,event,10,3,0,0,0,0
L00367,Organic Search,2026-02-10,0,102,opted_in,newsletter,7,3,0,1,0,0
L00368,Organic Search,2026-05-08,0,81,opted_in,event,8,3,5,2,0,0
L00369,Organic Search,2026-02-07,0,107,opted_in,gated_content,7,1,4,1,0,0
L00370,Organic Search,2026-01-13,0,77,opted_in,import,13,1,4,1,0,0
L00371,Organic Search,2025-12-12,0,47,opted_in,newsletter,15,2,5,1,1,0
L00372,Organic Search,2026-05-24,0,108,opted_in,newsletter,6,0,0,0,0,0
L00373,Organic Search,2026-05-02,0,142,opted_in,signup_form,1,0,0,0,0,0
L00374,Organic Search,2025-12-05,0,70,opted_in,event,8,1,0,1,0,0
L00375,Organic Search,2025-12-12,0,75,opted_in,gated_content,6,1,4,1,0,0
L00376,Organic Search,2026-04-18,0,108,opted_in,signup_form,0,0,3,1,0,0
L00377,Organic Search,2026-02-09,0,98,opted_in,event,9,1,3,2,0,0
L00378,Organic Search,2026-04-24,0,61,opted_in,event,12,4,2,0,0,0
L00379,Organic Search,2026-03-19,0,46,opted_in,signup_form,9,2,5,1,1,0
L00380,Organic Search,2025-12-12,0,155,opted_in,newsletter,10,0,2,1,0,0
L00381,Organic Search,2026-05-02,0,39,opted_in,gated_content,13,1,4,0,0,0
L00382,Organic Search,2026-05-01,0,75,opted_in,gated_content,7,2,3,0,0,0
L00383,Organic Search,2025-12-08,0,43,opted_in,gated_content,14,1,2,0,1,0
L00384,Organic Search,2026-05-02,0,11,opted_in,newsletter,9,1,3,0,0,0
L00385,Organic Search,2026-05-10,0,94,opted_in,event,14,1,3,0,0,0
L00386,Organic Search,2026-05-24,0,58,opted_out,gated_content,13,2,0,0,1,1
L00387,Organic Search,2026-04-24,0,71,opted_in,gated_content,8,2,0,1,0,1
L00388,Organic Search,2025-12-26,0,23,opted_in,event,10,2,2,2,0,0
L00389,Organic Search,2026-05-10,0,59,opted_in,signup_form,12,2,2,2,0,0
L00390,Organic Search,2026-05-06,0,106,opted_in,gated_content,5,1,1,1,1,0
L00391,Organic Search,2026-03-05,0,22,unknown,unknown,10,3,0,1,0,0
L00392,Organic Search,2025-12-03,0,89,opted_in,signup_form,12,3,1,0,0,0
L00393,Organic Search,2026-02-06,0,84,opted_in,newsletter,6,2,3,0,0,0
L00394,Organic Search,2026-02-22,0,87,opted_in,signup_form,9,3,0,3,0,0
L00395,Organic Search,2026-02-16,0,75,opted_in,event,9,0,4,0,0,0
L00396,Organic Search,2026-02-21,0,88,opted_in,import,9,2,3,1,0,0
L00397,Organic Search,2026-03-03,0,98,unknown,unknown,12,3,0,1,0,0
L00398,Organic Search,2026-05-18,0,94,opted_in,import,1,0,4,1,0,0
L00399,Organic Search,2025-12-12,0,25,unknown,unknown,13,0,0,1,0,0
L00400,Organic Search,2026-03-26,0,136,opted_in,gated_content,9,2,1,1,1,0
L00401,Organic Search,2026-04-18,0,52,unknown,unknown,8,3,0,1,0,0
L00402,Organic Search,2026-01-22,0,111,unknown,unknown,9,2,0,1,0,0
L00403,Organic Search,2026-03-03,0,108,opted_in,gated_content,5,1,4,0,0,0
L00404,Organic Search,2026-03-07,0,33,opted_in,event,14,2,4,0,0,0
L00405,Organic Search,2025-12-16,0,123,opted_in,newsletter,9,0,2,1,0,0
L00406,Organic Search,2026-04-09,0,65,opted_in,import,9,3,3,1,0,0
L00407,Organic Search,2026-01-05,0,105,opted_in,signup_form,9,3,5,2,0,0
L00408,Organic Search,2026-05-26,0,96,opted_in,import,2,0,4,1,0,0
L00409,Organic Search,2026-04-14,0,72,opted_out,event,8,2,0,0,0,0
L00410,Organic Search,2026-01-07,0,54,opted_in,gated_content,5,1,0,1,0,0
L00411,Organic Search,2026-02-10,0,126,opted_in,signup_form,11,0,4,0,0,0
L00412,Organic Search,2026-03-18,0,62,opted_in,gated_content,17,2,5,1,1,0
L00413,Organic Search,2026-02-06,0,78,opted_in,import,9,2,8,0,0,0
L00414,Organic Search,2026-03-04,0,108,opted_in,import,9,0,1,1,0,0
L00415,Organic Search,2026-04-24,0,23,opted_in,event,14,1,3,2,1,0
L00416,Organic Search,2026-05-01,0,78,unknown,unknown,11,3,0,1,1,1
L00417,Organic Search,2026-03-05,0,76,opted_in,signup_form,8,0,2,2,0,1
L00418,Organic Search,2026-01-05,0,21,opted_in,event,7,0,1,2,1,0
L00419,Organic Search,2026-02-06,0,104,opted_in,import,6,0,2,1,0,0
L00420,Organic Search,2026-01-16,0,41,opted_in,event,4,2,4,0,1,0
L00421,Organic Search,2026-05-14,0,42,opted_in,signup_form,9,3,5,0,0,0
L00422,Organic Search,2026-03-11,0,80,opted_in,newsletter,13,2,3,0,1,0
L00423,Organic Search,2026-03-14,0,24,opted_in,newsletter,10,1,1,0,0,0
L00424,Organic Search,2026-05-09,0,85,opted_out,signup_form,6,5,0,0,1,0
L00425,Organic Search,2025-12-23,0,45,opted_in,gated_content,6,1,2,0,0,0
L00426,Organic Search,2026-02-13,0,14,unknown,unknown,16,3,0,0,0,0
L00427,Organic Search,2026-01-09,0,76,opted_in,import,5,3,5,0,0,0
L00428,Organic Search,2025-12-21,0,63,opted_out,import,13,0,0,2,0,0
L00429,Organic Search,2026-05-27,0,51,opted_in,import,5,0,2,0,0,0
L00430,Organic Search,2026-01-28,0,66,unknown,unknown,6,0,0,1,0,0
L00431,Organic Search,2026-04-26,0,54,opted_in,event,11,1,4,0,0,0
L00432,Organic Search,2026-05-26,0,102,opted_in,newsletter,14,2,5,2,1,1
L00433,Organic Search,2025-12-28,0,85,opted_in,import,4,1,1,0,0,0
L00434,Organic Search,2026-05-19,0,85,opted_in,event,3,0,4,1,0,0
L00435,Organic Search,2026-05-24,0,56,opted_in,import,7,2,0,3,1,0
L00436,Organic Search,2026-05-07,0,67,opted_in,signup_form,3,0,0,0,0,0
L00437,Organic Search,2026-01-26,0,109,opted_in,signup_form,13,0,0,0,0,0
L00438,Organic Search,2026-01-12,0,49,opted_in,signup_form,8,2,6,0,1,0
L00439,Organic Search,2026-04-19,0,94,opted_in,gated_content,3,1,6,1,0,1
L00440,Organic Search,2026-03-18,0,42,opted_in,newsletter,13,3,6,1,1,0
L00441,Organic Search,2025-12-23,0,127,opted_in,newsletter,4,2,0,0,0,0
L00442,Organic Search,2026-01-09,0,136,opted_in,import,4,0,2,1,0,0
L00443,Organic Search,2026-05-14,0,76,opted_in,newsletter,9,1,2,1,0,0
L00444,Organic Search,2026-02-16,0,75,opted_in,newsletter,0,0,3,0,1,0
L00445,Organic Search,2026-02-20,0,85,opted_in,newsletter,12,1,0,1,0,0
L00446,Organic Search,2026-04-28,0,89,opted_in,signup_form,9,2,3,1,0,0
L00447,Organic Search,2025-12-27,0,65,opted_in,signup_form,13,3,6,1,1,1
L00448,Organic Search,2025-12-17,0,131,opted_in,import,6,0,0,0,0,0
L00449,Organic Search,2026-04-13,0,70,unknown,unknown,5,1,0,2,0,0
L00450,Organic Search,2026-01-21,0,104,opted_in,newsletter,13,2,5,1,1,0
L00451,Organic Search,2026-02-03,0,25,unknown,unknown,9,0,0,1,0,1
L00452,Organic Search,2025-12-07,0,125,opted_in,signup_form,4,1,0,0,0,0
L00453,Organic Search,2026-02-28,0,84,opted_in,signup_form,6,2,0,0,0,0
L00454,Organic Search,2026-05-03,0,16,opted_in,gated_content,8,2,3,1,0,0
L00455,Organic Search,2026-03-16,0,77,opted_in,signup_form,5,1,2,1,0,0
L00456,Organic Search,2026-01-13,0,105,opted_in,event,6,0,0,0,0,0
L00457,Organic Search,2026-01-27,0,83,unknown,unknown,5,1,0,0,0,0
L00458,Organic Search,2026-03-07,0,106,unknown,unknown,16,3,0,0,0,1
L00459,Organic Search,2026-05-09,0,0,opted_in,signup_form,9,3,1,1,0,0
L00460,Organic Search,2026-05-10,0,74,opted_in,newsletter,5,0,0,1,0,1
L00461,Organic Search,2026-02-18,0,127,opted_in,import,10,2,1,1,0,0
L00462,Organic Search,2026-03-05,0,33,opted_in,newsletter,17,1,7,2,0,0
L00463,Organic Search,2026-02-21,0,126,opted_in,gated_content,10,2,1,0,0,0
L00464,Organic Search,2026-04-06,0,78,opted_in,gated_content,10,2,3,1,1,0
L00465,Organic Search,2026-02-14,0,28,opted_in,gated_content,7,2,0,0,0,0
L00466,Organic Search,2026-01-16,0,87,unknown,unknown,0,0,0,0,0,0
L00467,Organic Search,2026-02-14,0,65,unknown,unknown,10,1,0,2,0,0
L00468,Organic Search,2026-01-23,0,134,opted_in,gated_content,0,0,0,1,0,0
L00469,Organic Search,2026-05-18,0,47,opted_in,newsletter,8,1,3,0,0,0
L00470,Organic Search,2026-01-13,0,103,opted_in,signup_form,4,1,2,1,0,0
L00471,Organic Search,2026-05-14,0,59,opted_out,import,8,3,0,2,1,0
L00472,Organic Search,2026-04-19,0,89,opted_in,newsletter,6,2,1,1,0,0
L00473,Organic Search,2026-05-08,0,59,opted_in,signup_form,5,1,3,0,0,0
L00474,Organic Search,2026-01-17,0,85,unknown,unknown,8,2,0,1,0,0
L00475,Organic Search,2025-12-28,0,66,opted_out,event,9,3,0,2,1,0
L00476,Organic Search,2026-05-10,0,109,opted_out,event,3,0,0,0,0,0
L00477,Organic Search,2026-05-08,0,54,opted_in,import,8,4,3,2,1,0
L00478,Organic Search,2026-01-26,0,108,unknown,unknown,4,1,0,1,0,0
L00479,Organic Search,2026-04-09,0,50,opted_in,signup_form,11,2,7,2,0,0
L00480,Organic Search,2026-04-14,0,102,opted_in,newsletter,10,1,0,1,0,1
L00481,Organic Search,2026-05-17,0,64,opted_in,signup_form,11,2,0,1,1,0
L00482,Organic Search,2026-02-05,0,117,opted_in,event,6,2,2,1,0,1
L00483,Organic Search,2026-04-22,0,41,opted_in,import,6,0,3,2,0,0
L00484,Organic Search,2025-12-22,0,61,opted_in,newsletter,9,1,2,1,0,0
L00485,Organic Search,2026-01-24,0,128,opted_in,event,6,1,3,1,0,0
L00486,Organic Search,2025-12-08,0,65,opted_out,signup_form,8,2,0,0,1,0
L00487,Organic Search,2026-04-11,0,99,opted_in,signup_form,12,2,0,0,1,0
L00488,Organic Search,2026-05-18,0,58,opted_in,gated_content,14,3,6,1,1,0
L00489,Organic Search,2026-04-12,0,115,opted_in,import,0,0,1,0,0,1
L00490,Organic Search,2025-12-08,0,104,opted_in,signup_form,6,0,1,0,0,0
L00491,Organic Search,2026-01-05,0,96,opted_out,event,4,2,0,1,0,0
L00492,Organic Search,2026-05-09,0,72,opted_in,newsletter,7,1,3,1,0,0
L00493,Organic Search,2026-04-04,0,25,opted_in,import,13,3,4,2,0,1
L00494,Organic Search,2026-03-10,0,85,opted_in,event,19,2,4,3,0,0
L00495,Organic Search,2025-12-06,0,91,opted_in,gated_content,14,2,4,2,1,0
L00496,Organic Search,2026-02-09,0,79,opted_in,newsletter,13,0,4,0,0,0
L00497,Organic Search,2026-04-10,0,73,opted_in,gated_content,8,1,0,0,0,0
L00498,Organic Search,2025-12-01,0,84,opted_in,newsletter,7,0,0,0,0,0
L00499,Organic Search,2026-02-14,0,72,opted_in,signup_form,6,1,1,1,0,0
L00500,Organic Search,2026-03-15,0,78,opted_in,newsletter,9,1,0,0,0,0
L00501,Organic Search,2026-01-03,0,136,opted_in,signup_form,11,1,3,1,0,0
L00502,Organic Search,2026-01-25,0,45,opted_in,newsletter,9,1,4,0,0,0
L00503,Organic Search,2026-02-19,0,58,opted_in,event,10,1,4,1,0,1
L00504,Organic Search,2026-03-09,0,121,opted_in,event,7,0,1,1,0,0
L00505,Organic Search,2026-05-28,0,109,opted_in,newsletter,2,0,0,0,0,0
L00506,Organic Search,2026-02-24,0,66,opted_in,event,4,1,2,0,0,0
L00507,Organic Search,2026-04-23,0,68,unknown,unknown,8,2,0,1,0,0
L00508,Organic Search,2026-03-10,0,92,opted_in,import,9,2,2,0,0,0
L00509,Organic Search,2026-03-21,0,97,opted_in,gated_content,10,2,1,2,0,1
L00510,Organic Search,2025-12-28,0,113,opted_in,signup_form,8,2,0,0,0,1
L00511,Organic Search,2026-01-04,0,76,opted_in,newsletter,6,0,2,0,0,0
L00512,Organic Search,2026-03-26,0,62,opted_in,newsletter,9,1,5,2,0,0
L00513,Organic Search,2026-02-09,0,67,opted_in,newsletter,6,3,3,0,0,0
L00514,Organic Search,2026-05-16,0,0,opted_in,import,10,1,2,2,0,0
L00515,Organic Search,2025-12-02,0,37,opted_in,newsletter,7,2,6,1,0,0
L00516,Organic Search,2026-01-02,0,49,opted_in,newsletter,9,2,4,1,0,0
L00517,Organic Search,2026-04-19,0,61,opted_in,gated_content,6,1,1,0,0,0
L00518,Organic Search,2026-05-03,0,92,opted_in,import,9,1,2,1,0,1
L00519,Organic Search,2026-01-08,0,50,unknown,unknown,10,2,0,0,0,0
L00520,Organic Search,2026-01-21,0,48,opted_in,newsletter,6,4,4,1,0,0
L00521,Organic Search,2026-03-06,0,79,unknown,unknown,11,2,0,2,0,0
L00522,Organic Search,2026-04-03,0,60,opted_in,gated_content,10,3,2,1,0,0
L00523,Organic Search,2026-03-03,0,68,opted_out,import,4,1,0,0,0,0
L00524,Organic Search,2026-01-02,0,85,unknown,unknown,10,2,0,1,0,1
L00525,Organic Search,2026-05-08,0,64,unknown,unknown,9,2,0,2,0,0
L00526,Organic Search,2026-01-15,0,30,opted_in,import,6,2,3,0,1,0
L00527,Organic Search,2026-03-10,0,88,opted_in,event,9,1,1,1,0,0
L00528,Organic Search,2025-12-07,0,128,opted_in,import,12,2,1,2,0,0
L00529,Organic Search,2025-12-22,0,102,opted_in,signup_form,5,1,3,0,0,0
L00530,Organic Search,2026-02-03,0,66,opted_in,signup_form,7,1,4,0,0,0
L00531,Organic Search,2025-12-15,0,60,opted_in,newsletter,9,1,3,0,0,0
L00532,Organic Search,2025-12-15,0,27,opted_in,event,13,5,2,0,0,0
L00533,Organic Search,2026-04-18,0,121,unknown,unknown,9,2,0,1,0,0
L00534,Organic Search,2025-12-23,0,72,opted_in,import,17,3,2,1,0,0
L00535,Organic Search,2026-01-19,0,101,opted_in,gated_content,0,0,0,0,0,0
L00536,Organic Search,2025-12-24,0,100,opted_in,signup_form,13,1,0,2,1,0
L00537,Organic Search,2026-02-24,0,91,opted_in,event,8,2,6,3,1,0
L00538,Organic Search,2026-02-05,0,70,opted_in,event,10,3,4,1,0,0
L00539,Organic Search,2026-02-26,0,121,opted_in,gated_content,2,0,2,0,0,0
L00540,Organic Search,2025-12-09,0,101,unknown,unknown,0,0,0,0,0,0
L00541,Organic Search,2025-12-06,0,90,opted_out,import,5,0,0,0,0,0
L00542,Organic Search,2026-04-19,0,95,opted_in,signup_form,5,0,0,0,0,0
L00543,Organic Search,2025-12-22,0,120,opted_out,newsletter,12,0,0,0,0,0
L00544,Organic Search,2026-04-07,0,68,opted_in,event,19,4,5,1,0,0
L00545,Organic Search,2025-12-05,0,101,opted_in,event,5,1,1,0,0,1
L00546,Organic Search,2026-02-13,0,92,opted_in,gated_content,5,1,0,0,0,0
L00547,Organic Search,2025-12-16,0,58,unknown,unknown,9,3,0,0,1,0
L00548,Organic Search,2026-02-05,0,77,opted_in,signup_form,8,4,0,0,0,0
L00549,Organic Search,2026-04-16,0,107,opted_in,event,7,3,2,2,0,0
L00550,Organic Search,2026-01-24,0,79,opted_in,newsletter,6,1,0,1,0,1
L00551,Organic Search,2026-05-08,0,86,opted_in,gated_content,8,2,2,1,0,0
L00552,Organic Search,2026-01-08,0,43,opted_in,event,12,3,2,0,0,0
L00553,Organic Search,2026-04-04,0,64,opted_in,signup_form,10,3,2,1,1,0
L00554,Organic Search,2026-01-25,0,83,unknown,unknown,5,2,0,1,0,0
L00555,Organic Search,2025-12-27,0,81,opted_in,gated_content,9,2,0,0,0,0
L00556,Organic Search,2026-03-26,0,57,opted_in,gated_content,12,0,4,0,0,1
L00557,Organic Search,2026-04-17,0,101,opted_in,newsletter,5,0,0,0,0,0
L00558,Organic Search,2026-01-04,0,54,opted_in,newsletter,1,1,3,0,1,0
L00559,Organic Search,2026-02-26,0,75,opted_in,import,8,2,4,0,0,0
L00560,Organic Search,2026-03-16,0,99,opted_in,event,6,0,3,0,0,0
L00561,Organic Search,2026-01-10,0,108,unknown,unknown,3,2,0,1,1,0
L00562,Organic Search,2025-12-28,0,89,opted_in,newsletter,9,3,0,2,0,0
L00563,Organic Search,2025-12-19,0,85,unknown,unknown,3,0,0,1,0,0
L00564,Organic Search,2026-02-16,0,79,opted_in,import,6,0,6,1,0,0
L00565,Organic Search,2026-01-03,0,68,opted_in,gated_content,9,0,4,1,0,0
L00566,Organic Search,2026-03-26,0,63,opted_in,gated_content,9,2,2,1,0,0
L00567,Organic Search,2025-12-26,0,65,opted_in,event,7,1,0,0,0,0
L00568,Organic Search,2026-03-07,0,86,opted_in,signup_form,10,5,3,2,0,1
L00569,Organic Search,2026-02-22,0,98,opted_in,newsletter,8,0,3,0,0,0
L00570,Organic Search,2026-02-21,0,130,opted_in,import,6,2,2,1,0,0
L00571,Organic Search,2026-01-18,0,117,opted_in,import,10,1,0,0,0,0
L00572,Organic Search,2025-12-14,0,31,opted_out,newsletter,11,3,0,1,0,1
L00573,Organic Search,2026-01-15,0,115,opted_in,newsletter,5,0,1,0,0,0
L00574,Organic Search,2026-05-20,0,173,unknown,unknown,7,1,0,1,1,0
L00575,Organic Search,2026-01-26,0,65,opted_in,signup_form,9,3,2,0,1,0
L00576,Organic Search,2026-04-24,0,13,opted_in,event,13,3,7,2,0,0
L00577,Organic Search,2026-02-12,0,122,opted_in,newsletter,12,1,7,1,0,1
L00578,Organic Search,2026-01-01,0,130,opted_in,gated_content,5,0,1,0,0,0
L00579,Organic Search,2026-02-12,0,63,opted_in,newsletter,9,2,3,3,0,0
L00580,Organic Search,2026-01-01,0,86,opted_in,signup_form,5,2,3,1,0,0
L00581,Organic Search,2026-01-28,0,86,opted_in,gated_content,8,1,0,1,1,0
L00582,Organic Search,2026-01-14,0,1,opted_in,event,12,2,7,0,0,0
L00583,Organic Search,2026-02-01,0,97,opted_in,newsletter,3,0,0,0,0,0
L00584,Organic Search,2025-12-23,0,60,opted_in,import,2,0,4,0,0,0
L00585,Organic Search,2026-04-13,0,103,opted_in,import,10,2,5,0,0,0
L00586,Organic Search,2026-03-08,0,74,opted_in,event,9,0,5,1,0,0
L00587,Organic Search,2026-03-03,0,87,unknown,unknown,8,1,0,1,0,0
L00588,Organic Search,2026-05-14,0,65,unknown,unknown,7,3,0,2,1,0
L00589,Organic Search,2026-01-15,0,100,opted_in,newsletter,4,0,0,0,0,0
L00590,Organic Search,2026-02-06,0,103,opted_out,gated_content,10,3,0,0,0,0
L00591,Organic Search,2026-03-18,0,75,opted_in,gated_content,14,2,4,1,1,0
L00592,Organic Search,2025-12-26,0,34,opted_in,newsletter,11,4,4,0,0,0
L00593,Organic Search,2026-01-07,0,66,opted_in,gated_content,4,0,2,0,0,0
L00594,Organic Search,2026-05-19,0,74,opted_in,signup_form,6,1,4,1,0,0
L00595,Organic Search,2026-05-24,0,48,unknown,unknown,8,1,0,1,0,0
L00596,Organic Search,2026-05-21,0,95,opted_in,import,4,2,2,1,0,0
L00597,Organic Search,2026-01-23,0,111,opted_in,event,6,1,2,0,0,0
L00598,Organic Search,2026-02-06,0,75,opted_in,import,11,0,2,0,1,0
L00599,Organic Search,2026-02-28,0,55,opted_in,import,10,3,4,2,1,0
L00600,Organic Search,2026-05-09,0,86,opted_in,import,6,1,1,0,0,0
L00601,Organic Search,2026-04-22,0,68,opted_in,signup_form,6,2,4,0,0,0
L00602,Organic Search,2026-04-14,0,55,opted_in,newsletter,12,2,1,0,0,0
L00603,Organic Search,2025-12-02,0,109,opted_in,import,3,1,0,1,0,0
L00604,Organic Search,2026-03-08,0,104,opted_out,gated_content,12,0,0,0,0,0
L00605,Organic Search,2026-03-25,0,106,unknown,unknown,9,3,0,1,0,1
L00606,Organic Search,2026-02-13,0,31,opted_in,signup_form,8,2,4,2,0,1
L00607,Organic Search,2026-04-17,0,75,unknown,unknown,3,0,0,1,1,0
L00608,Organic Search,2026-03-18,0,94,opted_in,gated_content,5,2,3,1,0,0
L00609,Organic Search,2026-01-26,0,97,opted_out,signup_form,8,1,0,0,0,0
L00610,Organic Search,2025-12-10,0,74,opted_in,gated_content,10,3,4,2,0,0
L00611,Organic Search,2026-05-13,0,100,opted_in,signup_form,6,2,1,1,0,0
L00612,Organic Search,2026-01-22,0,92,opted_in,signup_form,14,4,7,2,0,0
L00613,Organic Search,2026-04-03,0,36,opted_in,newsletter,10,3,2,0,1,0
L00614,Organic Search,2026-04-18,0,141,opted_in,newsletter,5,0,0,1,1,0
L00615,Organic Search,2026-05-27,0,88,opted_in,signup_form,6,2,2,0,0,1
L00616,Organic Search,2026-03-10,0,42,opted_in,signup_form,13,1,1,1,0,0
L00617,Organic Search,2026-02-01,0,71,opted_in,newsletter,6,1,0,1,0,0
L00618,Organic Search,2026-04-02,0,94,unknown,unknown,5,0,0,0,0,0
L00619,Organic Search,2026-04-08,0,141,unknown,unknown,5,0,0,0,0,0
L00620,Organic Search,2026-02-04,0,55,opted_in,newsletter,3,2,1,1,0,0
L00621,Organic Search,2026-02-02,0,75,opted_in,gated_content,6,1,4,0,0,0
L00622,Organic Search,2026-02-04,0,50,opted_in,newsletter,13,2,4,1,0,0
L00623,Organic Search,2026-03-27,0,54,opted_in,gated_content,6,0,3,0,1,0
L00624,Organic Search,2026-01-02,0,24,opted_in,signup_form,12,2,5,2,1,0
L00625,Organic Search,2025-12-08,0,117,opted_out,newsletter,8,3,0,0,0,0
L00626,Organic Search,2025-12-26,0,125,unknown,unknown,2,1,0,0,0,0
L00627,Organic Search,2025-12-27,0,74,opted_out,signup_form,10,2,0,2,1,0
L00628,Organic Search,2026-02-26,0,123,opted_out,signup_form,6,1,0,1,0,0
L00629,Organic Search,2026-02-28,0,55,opted_in,event,17,4,3,1,1,0
L00630,Organic Search,2026-05-22,0,106,opted_in,signup_form,9,1,2,0,0,0
L00631,Organic Search,2026-05-06,0,114,opted_out,event,4,2,0,1,0,0
L00632,Organic Search,2026-01-23,0,89,unknown,unknown,10,0,0,2,0,1
L00633,Organic Search,2026-05-28,0,97,opted_in,signup_form,5,1,4,0,0,0
L00634,Organic Search,2026-02-07,0,56,opted_out,import,9,0,0,0,0,0
L00635,Organic Search,2026-04-25,0,58,unknown,unknown,9,1,0,2,0,0
L00636,Organic Search,2026-04-14,0,13,opted_out,import,12,3,0,2,0,0
L00637,Organic Search,2026-05-03,0,136,opted_in,newsletter,15,3,1,1,0,1
L00638,Organic Search,2026-02-08,0,131,unknown,unknown,0,0,0,0,0,0
L00639,Organic Search,2026-04-26,0,88,opted_in,signup_form,4,2,2,0,1,1
L00640,Organic Search,2026-01-08,0,86,opted_in,signup_form,4,0,2,1,1,0
L00641,Paid Search,2026-03-22,0,48,opted_out,import,10,3,0,1,0,1
L00642,Paid Search,2026-03-01,0,106,opted_in,newsletter,11,2,2,1,0,0
L00643,Paid Search,2026-02-02,0,44,opted_in,gated_content,5,2,5,0,0,1
L00644,Paid Search,2026-01-05,0,66,opted_in,gated_content,3,1,1,0,0,0
L00645,Paid Search,2026-01-22,0,98,opted_in,gated_content,13,0,5,0,0,0
L00646,Paid Search,2026-04-08,0,116,opted_out,signup_form,12,1,0,0,0,0
L00647,Paid Search,2026-04-11,0,63,opted_in,gated_content,10,1,4,1,0,0
L00648,Paid Search,2026-02-08,0,62,opted_out,import,8,1,0,0,1,0
L00649,Paid Search,2025-12-12,0,168,opted_in,newsletter,2,0,0,1,0,0
L00650,Paid Search,2025-12-19,0,98,opted_in,gated_content,12,3,4,1,0,1
L00651,Paid Search,2026-04-27,0,102,opted_in,gated_content,3,0,1,0,0,0
L00652,Paid Search,2026-01-06,0,80,opted_in,newsletter,13,1,5,0,0,0
L00653,Paid Search,2026-04-03,0,50,opted_in,newsletter,13,2,5,3,1,0
L00654,Paid Search,2026-03-10,0,86,unknown,unknown,7,1,0,1,0,0
L00655,Paid Search,2026-03-01,0,105,opted_in,import,0,0,5,0,0,0
L00656,Paid Search,2026-05-11,0,82,opted_out,import,5,0,0,0,1,0
L00657,Paid Search,2026-03-04,0,97,opted_out,event,6,3,0,1,1,0
L00658,Paid Search,2026-04-18,0,64,opted_in,event,13,1,0,0,0,0
L00659,Paid Search,2026-02-20,0,43,opted_in,import,9,0,4,0,0,0
L00660,Paid Search,2025-12-09,0,158,unknown,unknown,3,2,0,0,0,0
L00661,Paid Search,2026-01-22,0,104,opted_out,gated_content,9,2,0,0,1,0
L00662,Paid Search,2026-02-18,0,44,opted_in,newsletter,2,2,2,1,1,0
L00663,Paid Search,2026-02-04,0,133,unknown,unknown,12,3,0,1,0,0
L00664,Paid Search,2025-12-16,0,122,opted_in,import,1,1,3,0,0,0
L00665,Paid Search,2026-03-20,0,82,opted_in,import,5,3,1,0,0,0
L00666,Paid Search,2026-01-10,0,105,opted_in,gated_content,0,0,1,0,0,0
L00667,Paid Search,2026-05-03,0,114,opted_in,newsletter,5,0,0,0,0,0
L00668,Paid Search,2025-12-26,0,11,opted_out,import,1,1,0,1,0,0
L00669,Paid Search,2026-04-04,0,94,opted_in,gated_content,4,3,2,2,0,0
L00670,Paid Search,2026-02-07,0,122,opted_in,newsletter,14,0,1,1,0,0
L00671,Paid Search,2026-04-25,0,134,opted_in,import,6,0,3,0,0,0
L00672,Paid Search,2026-04-08,0,93,opted_in,event,0,0,0,1,0,0
L00673,Paid Search,2026-01-11,0,142,opted_in,gated_content,7,2,4,2,1,0
L00674,Paid Search,2026-01-06,0,112,opted_in,import,9,2,2,1,1,1
L00675,Paid Search,2025-12-22,0,20,unknown,unknown,12,1,0,1,1,0
L00676,Paid Search,2025-12-24,0,91,opted_in,import,12,3,4,0,0,1
L00677,Paid Search,2026-04-22,0,141,opted_out,signup_form,0,0,0,0,0,0
L00678,Paid Search,2026-03-22,0,43,opted_in,event,6,2,0,0,0,0
L00679,Paid Search,2026-04-25,0,69,opted_out,import,10,0,0,1,1,0
L00680,Paid Search,2025-12-12,0,105,opted_in,event,10,1,0,2,1,0
L00681,Paid Search,2026-03-20,0,44,opted_in,gated_content,14,4,3,0,0,0
L00682,Paid Search,2026-05-12,0,76,opted_in,signup_form,10,2,4,2,0,1
L00683,Paid Search,2026-02-15,0,102,opted_in,newsletter,10,0,2,0,0,0
L00684,Paid Search,2026-05-12,0,129,unknown,unknown,9,1,0,0,1,0
L00685,Paid Search,2026-01-04,0,85,opted_in,gated_content,11,2,3,0,0,0
L00686,Paid Search,2026-05-02,0,99,opted_in,newsletter,7,2,4,0,0,0
L00687,Paid Search,2026-05-28,0,51,unknown,unknown,7,2,0,2,1,0
L00688,Paid Search,2026-02-01,0,98,opted_in,signup_form,4,3,1,2,0,0
L00689,Paid Search,2026-01-23,0,119,opted_in,event,11,0,2,1,1,0
L00690,Paid Search,2026-04-20,0,80,opted_in,newsletter,11,2,6,0,0,0
L00691,Paid Search,2026-04-14,0,70,opted_in,signup_form,5,1,4,1,0,0
L00692,Paid Search,2026-04-16,0,122,opted_in,gated_content,4,0,4,0,0,0
L00693,Paid Search,2026-03-07,0,93,opted_in,import,5,2,1,0,0,0
L00694,Paid Search,2026-01-08,0,62,unknown,unknown,13,4,0,2,0,1
L00695,Paid Search,2026-02-09,0,66,opted_in,signup_form,8,2,3,0,0,0
L00696,Paid Search,2026-01-06,0,91,opted_out,event,4,0,0,1,0,0
L00697,Paid Search,2026-01-17,0,111,opted_out,import,3,0,0,0,0,0
L00698,Paid Search,2026-05-12,0,159,opted_out,import,9,1,0,1,0,0
L00699,Paid Search,2026-03-02,0,120,opted_in,gated_content,12,1,4,2,0,0
L00700,Paid Search,2026-02-22,0,48,opted_in,signup_form,15,2,5,2,1,1
L00701,Paid Search,2026-04-10,0,68,opted_in,import,11,3,1,0,0,0
L00702,Paid Search,2026-05-28,0,98,unknown,unknown,2,1,0,0,1,0
L00703,Paid Search,2025-12-07,0,87,opted_in,event,5,2,4,2,0,0
L00704,Paid Search,2025-12-20,0,138,opted_in,newsletter,0,0,1,0,0,0
L00705,Paid Search,2026-02-10,0,137,opted_in,newsletter,5,0,1,0,0,0
L00706,Paid Search,2026-02-25,0,95,opted_out,gated_content,6,0,0,0,0,0
L00707,Paid Search,2025-12-20,0,112,unknown,unknown,5,3,0,0,0,0
L00708,Paid Search,2026-05-05,0,165,opted_out,signup_form,1,0,0,0,0,0
L00709,Paid Search,2025-12-10,0,113,opted_in,signup_form,9,1,2,0,0,1
L00710,Paid Search,2026-02-04,0,91,opted_in,event,7,1,7,2,0,0
L00711,Paid Search,2026-03-21,0,113,opted_in,signup_form,8,2,3,0,0,0
L00712,Paid Search,2026-04-23,0,110,opted_in,event,3,0,0,0,0,0
L00713,Paid Search,2026-04-26,0,82,opted_in,gated_content,9,2,3,0,1,0
L00714,Paid Search,2026-01-01,0,90,opted_in,newsletter,7,1,2,3,0,0
L00715,Paid Search,2026-02-09,0,112,opted_in,newsletter,3,1,3,0,0,0
L00716,Paid Search,2026-05-26,0,76,opted_in,newsletter,14,1,2,0,0,0
L00717,Paid Search,2026-05-12,0,107,unknown,unknown,3,3,0,0,0,0
L00718,Paid Search,2026-02-23,0,58,opted_out,gated_content,10,2,0,0,0,0
L00719,Paid Search,2026-05-07,0,70,unknown,unknown,5,2,0,0,0,0
L00720,Paid Search,2026-05-10,0,80,unknown,unknown,12,1,0,0,0,1
L00721,Paid Search,2026-03-01,0,61,unknown,unknown,13,3,0,1,0,0
L00722,Paid Search,2025-12-04,0,120,unknown,unknown,1,1,0,0,0,0
L00723,Paid Search,2026-01-15,0,85,opted_in,event,10,1,5,0,0,0
L00724,Paid Search,2026-01-05,0,74,unknown,unknown,7,2,0,0,0,0
L00725,Paid Search,2026-04-11,0,144,opted_in,gated_content,2,0,0,0,0,0
L00726,Paid Search,2026-03-19,0,123,unknown,unknown,2,0,0,0,0,0
L00727,Paid Search,2026-02-21,0,117,opted_in,event,3,2,2,1,0,0
L00728,Paid Search,2026-04-07,0,42,unknown,unknown,15,4,0,0,1,0
L00729,Paid Search,2026-01-19,0,35,unknown,unknown,8,3,0,0,0,0
L00730,Paid Search,2026-04-08,0,108,opted_in,newsletter,5,2,5,0,0,0
L00731,Paid Search,2026-02-01,0,69,unknown,unknown,10,2,0,0,0,1
L00732,Paid Search,2026-01-19,0,96,opted_in,import,7,1,3,0,0,0
L00733,Paid Search,2026-04-10,0,145,opted_out,gated_content,1,0,0,0,0,0
L00734,Paid Search,2025-12-25,0,96,opted_in,event,7,0,0,0,0,0
L00735,Paid Search,2026-01-17,0,113,opted_in,newsletter,4,0,4,2,0,0
L00736,Paid Search,2026-05-12,0,120,opted_in,newsletter,6,0,3,0,0,0
L00737,Paid Search,2026-05-03,0,63,opted_in,gated_content,3,1,4,0,0,0
L00738,Paid Search,2026-01-14,0,40,unknown,unknown,7,3,0,0,0,1
L00739,Paid Search,2026-05-07,0,57,opted_in,event,10,3,3,1,1,1
L00740,Paid Search,2025-12-19,0,133,opted_in,event,8,1,0,0,1,0
L00741,Paid Search,2026-05-20,0,66,opted_in,signup_form,4,2,4,1,0,0
L00742,Paid Search,2026-05-13,0,31,unknown,unknown,17,2,0,2,1,0
L00743,Paid Search,2026-02-25,0,88,unknown,unknown,7,0,0,1,0,0
L00744,Paid Search,2025-12-08,0,58,opted_in,import,10,3,6,2,1,1
L00745,Paid Search,2026-01-09,0,105,unknown,unknown,10,1,0,1,0,1
L00746,Paid Search,2026-03-08,0,98,opted_in,signup_form,9,2,0,0,0,0
L00747,Paid Search,2026-03-23,0,54,opted_in,signup_form,7,0,2,0,1,0
L00748,Paid Search,2026-02-04,0,71,opted_in,import,10,3,5,2,0,0
L00749,Paid Search,2026-05-06,0,125,unknown,unknown,8,2,0,0,0,0
L00750,Paid Search,2025-12-16,0,139,opted_in,event,5,0,1,0,0,0
L00751,Paid Search,2026-01-16,0,39,opted_in,event,11,3,3,1,0,0
L00752,Paid Search,2026-04-21,0,104,opted_out,signup_form,7,2,0,2,0,0
L00753,Paid Search,2025-12-16,0,21,opted_in,gated_content,13,0,3,2,0,0
L00754,Paid Search,2026-05-20,0,92,opted_in,event,5,2,2,0,0,1
L00755,Paid Search,2026-02-15,0,27,opted_in,import,12,2,4,0,1,0
L00756,Paid Search,2026-05-28,0,89,opted_in,newsletter,4,3,0,0,0,1
L00757,Paid Search,2026-02-20,0,69,opted_in,signup_form,9,1,4,1,0,1
L00758,Paid Search,2026-01-20,0,95,unknown,unknown,5,0,0,1,0,0
L00759,Paid Search,2025-12-20,0,34,opted_in,import,8,2,1,1,0,0
L00760,Paid Search,2026-01-08,0,53,opted_in,event,14,2,5,1,0,0
L00761,Paid Search,2026-02-01,0,98,opted_in,signup_form,3,0,0,0,0,1
L00762,Paid Search,2026-04-17,0,124,opted_in,import,2,2,0,0,0,1
L00763,Paid Search,2026-02-16,0,56,unknown,unknown,3,1,0,0,0,0
L00764,Paid Search,2026-04-09,0,79,unknown,unknown,8,1,0,1,0,0
L00765,Paid Search,2026-04-04,0,103,opted_in,gated_content,8,2,4,0,1,0
L00766,Paid Search,2026-05-24,0,59,opted_in,newsletter,5,0,3,0,0,0
L00767,Paid Search,2026-01-02,0,78,opted_out,gated_content,6,1,0,1,1,1
L00768,Paid Search,2026-05-23,0,162,opted_out,event,3,0,0,0,0,0
L00769,Paid Search,2026-02-07,0,150,opted_out,gated_content,4,0,0,0,0,0
L00770,Paid Search,2026-01-03,0,67,opted_in,gated_content,8,0,3,2,0,0
L00771,Paid Search,2026-05-08,0,75,opted_in,signup_form,8,1,1,1,0,0
L00772,Paid Search,2026-01-20,0,91,opted_in,gated_content,5,1,4,0,0,0
L00773,Paid Search,2026-02-16,0,34,unknown,unknown,8,1,0,2,0,0
L00774,Paid Search,2026-01-26,0,50,opted_in,signup_form,8,2,1,1,0,1
L00775,Paid Search,2026-04-23,0,95,opted_in,event,9,2,1,0,0,0
L00776,Paid Search,2026-01-21,0,70,opted_in,import,5,0,0,0,0,0
L00777,Paid Search,2026-03-19,0,105,opted_in,newsletter,9,3,0,1,0,0
L00778,Paid Search,2026-02-07,0,37,unknown,unknown,12,4,0,0,0,0
L00779,Paid Search,2026-05-22,0,70,opted_out,signup_form,8,1,0,1,0,0
L00780,Paid Search,2026-03-24,0,71,opted_out,event,8,1,0,1,0,0
L00781,Paid Search,2026-05-10,0,0,opted_in,event,19,2,0,1,0,1
L00782,Paid Search,2026-04-28,0,47,unknown,unknown,9,2,0,2,0,0
L00783,Paid Search,2026-02-10,0,67,opted_in,signup_form,9,1,0,0,0,1
L00784,Paid Search,2026-04-22,0,67,opted_in,signup_form,11,2,7,2,1,0
L00785,Paid Search,2026-02-25,0,114,opted_in,signup_form,2,0,1,1,0,0
L00786,Paid Search,2026-01-05,0,71,opted_in,newsletter,9,2,4,0,1,1
L00787,Paid Search,2026-04-02,0,111,opted_in,signup_form,1,0,3,0,0,0
L00788,Paid Search,2026-04-23,0,103,opted_in,event,10,0,0,0,0,0
L00789,Paid Search,2026-01-27,0,135,opted_in,import,9,0,4,0,0,0
L00790,Paid Search,2026-03-16,0,102,opted_in,event,14,3,2,1,0,0
L00791,Paid Search,2026-04-28,0,84,opted_in,import,6,0,4,0,0,0
L00792,Paid Search,2026-01-08,0,97,opted_in,import,5,0,0,0,1,0
L00793,Paid Search,2026-01-21,0,35,opted_in,gated_content,6,2,3,0,1,0
L00794,Paid Search,2026-05-04,0,64,opted_out,event,9,0,0,1,1,0
L00795,Paid Search,2026-02-01,0,109,opted_in,import,12,1,3,0,1,0
L00796,Paid Search,2026-01-10,0,124,opted_in,import,11,1,1,1,1,0
L00797,Paid Search,2026-05-14,0,98,opted_in,newsletter,9,2,0,1,0,0
L00798,Paid Search,2026-04-20,0,120,opted_in,event,7,3,3,1,1,0
L00799,Paid Search,2026-02-23,0,8,opted_in,signup_form,21,5,7,3,1,0
L00800,Paid Search,2026-03-19,0,110,opted_in,signup_form,8,3,5,2,0,1
L00801,Paid Search,2026-03-26,0,61,unknown,unknown,10,1,0,0,0,0
L00802,Paid Search,2025-12-13,0,135,opted_in,import,4,2,1,0,0,0
L00803,Paid Search,2026-02-10,0,106,opted_out,signup_form,1,0,0,0,0,0
L00804,Paid Search,2026-03-13,0,91,opted_in,signup_form,0,0,4,0,0,0
L00805,Paid Search,2026-01-11,0,100,opted_in,signup_form,5,2,3,0,0,0
L00806,Paid Search,2025-12-18,0,55,opted_in,import,5,2,1,1,0,0
L00807,Paid Search,2025-12-06,0,49,opted_out,signup_form,7,3,0,0,0,1
L00808,Paid Search,2026-05-25,0,42,opted_in,import,10,1,3,1,0,0
L00809,Paid Search,2026-05-25,0,91,opted_in,newsletter,12,1,3,0,0,0
L00810,Paid Search,2026-03-23,0,88,unknown,unknown,6,2,0,0,0,0
L00811,Paid Search,2026-04-27,0,48,opted_in,gated_content,10,3,3,0,0,0
L00812,Paid Search,2026-05-09,0,55,opted_out,newsletter,10,1,0,0,1,0
L00813,Paid Search,2026-05-15,0,34,opted_in,import,6,2,2,0,0,0
L00814,Paid Search,2025-12-16,0,98,opted_in,gated_content,6,1,0,1,0,0
L00815,Paid Search,2025-12-24,0,117,opted_in,event,0,0,1,0,0,0
L00816,Paid Search,2026-04-12,0,44,opted_in,gated_content,7,3,5,1,0,0
L00817,Paid Search,2026-05-25,0,27,unknown,unknown,14,1,0,2,1,1
L00818,Paid Search,2025-12-18,0,96,opted_in,signup_form,7,0,1,1,0,0
L00819,Paid Search,2025-12-18,0,53,opted_in,newsletter,7,2,3,1,0,0
L00820,Paid Search,2026-05-23,0,13,opted_in,newsletter,10,1,7,3,1,0
L00821,Paid Search,2026-05-05,0,44,unknown,unknown,11,6,0,0,0,0
L00822,Paid Search,2026-04-10,0,69,opted_out,event,6,1,0,1,1,0
L00823,Paid Search,2026-04-22,0,107,opted_in,gated_content,5,0,6,0,0,0
L00824,Paid Search,2025-12-17,0,51,opted_in,gated_content,11,1,1,0,0,0
L00825,Paid Search,2026-04-05,0,54,opted_in,import,9,0,0,2,0,0
L00826,Paid Search,2026-04-12,0,27,opted_out,event,5,2,0,1,0,0
L00827,Paid Search,2026-04-12,0,80,opted_in,import,4,2,0,1,0,0
L00828,Paid Search,2026-01-01,0,107,opted_in,event,4,0,0,0,0,0
L00829,Paid Search,2025-12-01,0,114,opted_in,event,0,0,2,1,0,0
L00830,Paid Search,2026-03-25,0,45,opted_in,import,7,2,5,0,0,0
L00831,Paid Search,2026-02-12,0,67,opted_in,newsletter,9,1,2,2,0,0
L00832,Paid Search,2026-05-12,0,101,unknown,unknown,4,2,0,0,0,0
L00833,Paid Search,2026-03-23,0,54,opted_in,gated_content,9,1,5,0,0,0
L00834,Paid Search,2026-03-01,0,53,unknown,unknown,10,4,0,0,1,0
L00835,Paid Search,2026-02-23,0,80,opted_in,import,7,0,5,0,0,0
L00836,Paid Search,2026-02-10,0,107,opted_in,event,5,2,2,2,0,0
L00837,Paid Search,2026-03-09,0,71,opted_in,signup_form,7,0,0,0,0,0
L00838,Paid Search,2026-02-19,0,105,opted_in,signup_form,5,1,4,1,1,0
L00839,Paid Search,2026-04-12,0,118,opted_in,gated_content,6,2,0,1,0,0
L00840,Paid Search,2026-03-11,0,23,unknown,unknown,10,2,0,1,0,0
L00841,Paid Search,2026-04-11,0,57,opted_in,newsletter,6,0,0,2,0,0
L00842,Paid Search,2026-04-14,0,75,unknown,unknown,12,1,0,1,0,1
L00843,Paid Search,2026-01-01,0,103,opted_in,newsletter,4,3,1,0,0,0
L00844,Paid Search,2026-04-06,0,92,opted_out,gated_content,10,1,0,1,0,1
L00845,Paid Search,2026-01-21,0,123,opted_in,gated_content,2,1,1,0,0,0
L00846,Paid Search,2026-01-03,0,64,opted_in,newsletter,11,4,1,0,0,0
L00847,Paid Search,2026-04-11,0,84,opted_in,gated_content,10,2,2,1,0,0
L00848,Paid Search,2026-02-10,0,64,unknown,unknown,7,3,0,0,1,0
L00849,Paid Search,2026-04-16,0,123,opted_in,import,6,4,6,0,0,0
L00850,Paid Search,2026-03-20,0,103,opted_in,signup_form,7,1,3,1,0,0
L00851,Paid Search,2025-12-26,0,33,opted_in,signup_form,6,2,0,1,0,0
L00852,Paid Search,2026-03-19,0,74,opted_in,event,7,1,2,1,0,0
L00853,Paid Search,2025-12-23,0,99,opted_in,import,2,2,0,0,0,0
L00854,Paid Search,2026-05-27,0,31,opted_out,gated_content,9,4,0,0,1,1
L00855,Paid Search,2026-01-20,0,3,opted_in,signup_form,8,0,4,2,0,0
L00856,Paid Search,2026-03-17,0,69,unknown,unknown,8,1,0,1,1,0
L00857,Paid Search,2025-12-03,0,38,unknown,unknown,6,1,0,1,0,0
L00858,Paid Search,2026-04-04,0,129,opted_out,event,1,0,0,0,0,0
L00859,Paid Search,2026-01-28,0,81,opted_in,import,0,0,0,0,0,0
L00860,Paid Search,2026-01-24,0,55,opted_out,signup_form,14,1,0,1,0,0
L00861,Paid Search,2026-01-16,0,115,unknown,unknown,7,1,0,0,0,0
L00862,Paid Search,2026-05-22,0,91,opted_in,newsletter,3,0,4,0,0,0
L00863,Paid Search,2026-01-22,0,101,opted_in,signup_form,7,0,0,1,0,0
L00864,Paid Search,2026-02-08,0,43,opted_in,signup_form,10,3,3,1,0,0
L00865,Paid Search,2026-03-03,0,93,opted_in,import,10,2,3,0,0,0
L00866,Paid Search,2026-03-22,0,110,opted_in,newsletter,7,0,0,2,0,0
L00867,Paid Search,2025-12-13,0,58,opted_out,event,12,2,0,1,0,0
L00868,Paid Search,2026-04-24,0,143,opted_in,newsletter,6,0,2,0,0,0
L00869,Paid Search,2025-12-23,0,43,opted_out,import,12,0,0,0,0,1
L00870,Paid Search,2025-12-19,0,6,opted_out,event,10,3,0,0,0,1
L00871,Paid Search,2025-12-16,0,52,unknown,unknown,11,2,0,0,1,0
L00872,Paid Search,2026-01-21,0,80,unknown,unknown,11,0,0,0,0,1
L00873,Paid Search,2026-02-12,0,122,unknown,unknown,7,3,0,1,0,0
L00874,Paid Search,2026-04-16,0,95,opted_in,gated_content,12,1,0,2,0,0
L00875,Paid Search,2025-12-14,0,119,opted_in,gated_content,5,0,0,0,0,0
L00876,Paid Search,2026-04-12,0,165,opted_in,event,2,2,1,1,0,0
L00877,Paid Search,2025-12-08,0,87,unknown,unknown,10,1,0,1,0,0
L00878,Paid Search,2026-01-25,0,123,opted_in,signup_form,1,1,6,0,0,0
L00879,Paid Search,2026-05-24,0,135,unknown,unknown,6,1,0,1,0,0
L00880,Paid Search,2026-02-19,0,54,opted_in,newsletter,11,3,5,1,0,0
L00881,Paid Search,2026-01-21,0,138,opted_in,signup_form,0,0,0,1,0,0
L00882,Paid Search,2026-03-18,0,120,opted_in,signup_form,4,3,2,1,0,0
L00883,Paid Search,2026-05-06,0,9,opted_in,newsletter,7,2,3,1,0,0
L00884,Paid Search,2026-01-20,0,115,opted_in,signup_form,9,0,2,1,0,0
L00885,Paid Search,2026-04-13,0,99,opted_out,gated_content,8,0,0,0,0,0
L00886,Paid Search,2026-05-16,0,71,unknown,unknown,5,0,0,0,1,0
L00887,Paid Search,2026-04-10,0,91,unknown,unknown,7,0,0,0,0,0
L00888,Paid Search,2026-03-27,0,40,opted_in,gated_content,18,2,4,1,1,0
L00889,Paid Search,2025-12-01,0,104,opted_in,newsletter,6,0,3,2,0,0
L00890,Paid Search,2026-01-18,0,62,opted_out,newsletter,6,1,0,1,0,1
L00891,Paid Search,2025-12-01,0,105,unknown,unknown,13,1,0,2,1,0
L00892,Paid Search,2026-02-28,0,107,opted_in,newsletter,8,2,1,1,0,0
L00893,Paid Search,2026-01-14,0,46,unknown,unknown,7,2,0,1,0,0
L00894,Paid Search,2025-12-02,0,91,opted_in,newsletter,0,0,6,2,0,0
L00895,Paid Search,2026-02-24,0,85,unknown,unknown,8,1,0,1,0,0
L00896,Paid Search,2026-01-22,0,107,opted_out,signup_form,7,0,0,1,0,0
L00897,Paid Search,2026-05-17,0,34,opted_in,import,10,1,3,0,0,0
L00898,Paid Search,2026-01-25,0,98,opted_in,gated_content,9,0,4,1,0,1
L00899,Paid Search,2025-12-10,0,129,unknown,unknown,8,0,0,0,1,0
L00900,Paid Search,2025-12-26,0,8,opted_out,import,14,4,0,1,1,1
L00901,Paid Search,2026-02-16,0,89,opted_out,gated_content,12,2,0,1,0,0
L00902,Paid Search,2025-12-16,0,73,opted_in,gated_content,2,0,7,0,1,0
L00903,Paid Search,2025-12-09,0,126,opted_in,import,3,2,0,1,0,0
L00904,Paid Search,2026-05-23,0,83,opted_out,newsletter,6,0,0,1,0,0
L00905,Paid Search,2026-02-13,0,114,unknown,unknown,2,0,0,0,0,0
L00906,Paid Search,2026-02-01,0,125,opted_in,import,7,3,3,1,0,0
L00907,Paid Search,2026-02-24,0,94,opted_in,event,8,4,5,2,0,0
L00908,Paid Search,2026-05-27,0,152,opted_out,import,6,0,0,0,0,0
L00909,Paid Search,2026-01-07,0,54,opted_in,event,12,0,5,2,0,0
L00910,Paid Search,2026-05-24,0,105,unknown,unknown,7,2,0,1,0,0
L00911,Paid Search,2025-12-09,0,24,opted_in,signup_form,11,2,3,1,0,0
L00912,Paid Search,2026-04-25,0,102,opted_in,signup_form,2,2,1,1,0,0
L00913,Paid Search,2026-04-25,0,54,unknown,unknown,9,1,0,0,0,0
L00914,Paid Search,2026-01-25,0,84,opted_out,event,4,1,0,1,0,0
L00915,Paid Search,2026-02-18,0,55,unknown,unknown,10,3,0,0,0,0
L00916,Paid Search,2026-01-08,0,77,unknown,unknown,3,3,0,0,0,0
L00917,Paid Search,2026-05-19,0,41,opted_in,signup_form,16,2,2,2,1,0
L00918,Paid Search,2025-12-24,0,83,opted_in,import,7,2,2,2,0,0
L00919,Paid Search,2026-03-23,0,59,opted_in,event,14,2,5,0,1,0
L00920,Paid Search,2026-03-22,0,53,opted_in,newsletter,14,3,0,0,1,0
L00921,Paid Search,2026-05-15,0,93,unknown,unknown,5,1,0,1,0,0
L00922,Paid Search,2026-03-19,0,125,opted_in,signup_form,8,1,0,0,0,0
L00923,Paid Search,2026-03-25,0,96,opted_in,newsletter,9,1,5,0,0,1
L00924,Paid Search,2026-03-11,0,148,opted_out,gated_content,0,0,0,1,0,0
L00925,Paid Search,2025-12-21,0,70,opted_in,event,4,0,1,0,0,0
L00926,Paid Search,2026-03-24,0,145,opted_in,gated_content,5,1,0,0,0,0
L00927,Paid Search,2026-03-27,0,93,opted_in,signup_form,2,1,3,1,0,0
L00928,Paid Search,2026-01-04,0,87,opted_in,event,9,2,2,1,0,0
L00929,Paid Search,2026-03-08,0,57,opted_in,newsletter,5,2,0,0,0,1
L00930,Paid Search,2025-12-13,0,96,opted_in,import,1,1,2,0,0,0
L00931,Paid Search,2026-03-15,0,108,unknown,unknown,9,1,0,0,0,0
L00932,Paid Search,2026-03-10,0,97,unknown,unknown,7,3,0,0,0,0
L00933,Paid Search,2026-01-16,0,87,opted_out,signup_form,9,1,0,0,0,0
L00934,Paid Search,2026-02-24,0,64,opted_in,signup_form,11,0,2,0,0,0
L00935,Paid Search,2026-03-13,0,61,opted_in,event,3,0,2,1,0,1
L00936,Paid Search,2026-05-23,0,100,opted_out,gated_content,6,0,0,0,1,0
L00937,Paid Search,2025-12-08,0,69,opted_out,import,7,2,0,0,0,0
L00938,Paid Search,2025-12-10,0,87,opted_in,signup_form,7,2,7,2,0,0
L00939,Paid Search,2026-03-23,0,70,opted_in,signup_form,9,4,1,1,0,0
L00940,Paid Search,2026-05-04,0,78,opted_in,import,6,2,2,0,0,0
L00941,Paid Search,2026-01-15,0,81,opted_in,signup_form,7,0,0,0,0,0
L00942,Paid Search,2026-04-21,0,85,opted_in,signup_form,2,0,0,0,0,0
L00943,Paid Search,2026-02-04,0,85,opted_in,import,8,0,6,1,1,0
L00944,Paid Search,2025-12-27,0,129,opted_in,event,7,1,1,2,0,0
L00945,Paid Search,2026-02-11,0,73,opted_in,newsletter,7,1,0,0,0,1
L00946,Paid Search,2026-02-14,0,151,opted_in,event,7,1,1,1,0,1
L00947,Paid Search,2026-02-04,0,64,opted_in,newsletter,13,2,3,0,1,0
L00948,Paid Search,2026-05-04,0,42,opted_in,import,10,3,5,3,1,1
L00949,Paid Search,2026-05-06,0,109,unknown,unknown,11,2,0,1,0,1
L00950,Paid Search,2026-01-09,0,42,opted_in,gated_content,14,1,4,0,0,1
L00951,Paid Search,2026-02-16,0,115,opted_in,gated_content,4,0,5,0,1,0
L00952,Paid Search,2026-01-28,0,76,opted_out,signup_form,10,2,0,1,0,0
L00953,Paid Search,2026-05-05,0,18,opted_in,signup_form,14,2,8,0,1,0
L00954,Paid Search,2025-12-25,0,78,opted_in,gated_content,6,1,0,1,0,0
L00955,Paid Search,2026-01-03,0,152,unknown,unknown,5,3,0,0,0,0
L00956,Paid Search,2026-02-20,0,101,opted_in,gated_content,9,1,7,2,0,0
L00957,Paid Search,2026-03-24,0,0,opted_out,event,11,3,0,3,1,0
L00958,Paid Search,2025-12-15,0,93,unknown,unknown,10,3,0,2,1,0
L00959,Paid Search,2026-01-26,0,88,opted_in,event,5,2,5,2,0,0
L00960,Paid Search,2026-03-20,0,113,opted_in,import,11,0,3,0,0,0
L00961,Paid Search,2026-03-19,0,87,opted_in,import,7,0,0,2,0,0
L00962,Paid Search,2025-12-01,0,71,opted_in,newsletter,6,0,0,0,0,0
L00963,Paid Search,2026-02-16,0,153,opted_in,event,3,0,1,1,0,0
L00964,Paid Search,2026-05-14,0,152,opted_out,import,4,0,0,0,0,0
L00965,Paid Search,2026-01-07,0,129,opted_out,gated_content,8,2,0,1,0,0
L00966,Paid Search,2026-04-14,0,95,opted_in,signup_form,12,1,4,1,0,0
L00967,Paid Search,2026-03-26,0,39,opted_in,import,11,1,0,0,0,0
L00968,Paid Search,2026-03-09,0,101,opted_in,gated_content,9,1,4,2,1,0
L00969,Paid Search,2026-03-18,0,61,opted_in,event,6,1,5,0,0,0
L00970,Paid Search,2026-02-12,0,136,opted_in,event,12,3,3,0,0,0
L00971,Paid Search,2026-01-18,0,126,opted_in,gated_content,2,0,2,0,0,0
L00972,Paid Search,2025-12-02,0,73,opted_in,event,10,1,3,2,0,0
L00973,Paid Search,2026-05-14,0,67,opted_in,gated_content,8,1,4,0,0,0
L00974,Paid Search,2026-03-26,0,38,opted_in,signup_form,15,2,7,1,1,0
L00975,Paid Search,2026-03-25,0,154,opted_in,import,6,0,0,0,0,0
L00976,Paid Search,2026-02-18,0,29,opted_in,signup_form,13,4,7,2,1,1
L00977,Paid Search,2025-12-23,0,121,opted_in,import,6,2,2,1,0,0
L00978,Paid Search,2025-12-21,0,91,opted_in,event,8,2,6,2,0,0
L00979,Paid Search,2026-04-01,0,77,unknown,unknown,4,0,0,1,0,0
L00980,Paid Search,2026-01-06,0,44,opted_in,event,10,1,1,1,0,0
L00981,Paid Search,2026-02-21,0,128,opted_out,import,5,1,0,1,0,0
L00982,Paid Search,2026-04-13,0,64,opted_out,event,8,3,0,0,0,0
L00983,Paid Search,2026-05-12,0,108,opted_in,import,9,1,2,1,1,0
L00984,Paid Search,2026-05-18,0,102,opted_in,event,7,1,1,0,0,0
L00985,Paid Search,2026-04-23,0,93,unknown,unknown,17,3,0,1,0,0
L00986,Paid Search,2026-05-19,0,54,opted_in,gated_content,14,2,6,2,0,0
L00987,Paid Search,2026-02-19,0,121,opted_out,signup_form,6,0,0,0,0,0
L00988,Paid Search,2026-01-03,0,114,opted_out,signup_form,6,2,0,1,0,1
L00989,Paid Search,2026-04-25,0,89,unknown,unknown,6,1,0,1,0,0
L00990,Paid Search,2025-12-25,0,99,opted_in,signup_form,9,1,2,0,1,0
L00991,Paid Search,2026-02-05,0,80,opted_in,signup_form,4,0,2,0,0,0
L00992,Paid Search,2026-03-22,0,84,opted_in,signup_form,2,0,3,0,0,1
L00993,Paid Search,2026-03-08,0,79,opted_out,gated_content,8,0,0,0,0,0
L00994,Paid Search,2026-04-15,0,12,opted_in,signup_form,15,2,6,1,0,1
L00995,Paid Search,2026-02-01,0,48,opted_in,gated_content,14,1,1,0,0,0
L00996,Paid Search,2026-05-11,0,68,unknown,unknown,13,1,0,1,0,0
L00997,Paid Search,2026-01-28,0,83,opted_in,event,3,0,0,0,0,0
L00998,Paid Search,2026-02-21,0,101,opted_in,event,9,1,3,3,0,1
L00999,Paid Search,2026-05-11,0,67,opted_in,signup_form,14,1,2,0,0,0
L01000,Paid Search,2026-05-03,0,132,unknown,unknown,5,1,0,0,0,0
L01001,Paid Search,2026-01-06,0,111,opted_in,import,9,2,0,1,0,0
L01002,Paid Search,2026-01-24,0,39,opted_in,newsletter,14,2,0,1,1,1
L01003,Paid Search,2026-04-04,0,46,opted_out,event,11,2,0,2,1,0
L01004,Paid Search,2026-03-04,0,0,opted_in,signup_form,9,3,5,0,0,0
L01005,Paid Search,2026-03-13,0,42,opted_in,gated_content,11,3,7,1,0,0
L01006,Paid Search,2026-04-26,0,118,opted_out,import,0,0,0,0,0,0
L01007,Paid Search,2026-05-02,0,81,opted_in,signup_form,5,0,3,1,0,0
L01008,Paid Search,2025-12-16,0,24,unknown,unknown,13,2,0,1,1,0
L01009,Paid Search,2026-02-01,0,80,opted_in,event,10,1,1,0,1,0
L01010,Paid Search,2026-03-20,0,108,unknown,unknown,8,1,0,2,0,0
L01011,Paid Search,2026-05-16,0,88,opted_in,gated_content,5,4,4,0,0,0
L01012,Paid Search,2026-04-24,0,58,opted_in,newsletter,14,2,4,0,1,0
L01013,Paid Search,2026-03-26,0,81,opted_out,event,6,1,0,1,1,0
L01014,Paid Search,2026-03-10,0,73,opted_in,import,3,1,1,0,0,0
L01015,Paid Search,2026-02-02,0,60,opted_in,import,8,3,5,2,0,1
L01016,Paid Search,2026-05-09,0,5,opted_in,event,13,3,3,2,0,0
L01017,Paid Search,2026-01-20,0,96,unknown,unknown,6,0,0,1,0,0
L01018,Paid Search,2025-12-06,0,70,opted_in,signup_form,6,0,0,1,0,0
L01019,Paid Search,2026-04-18,0,94,opted_in,signup_form,8,2,2,0,0,0
L01020,Paid Search,2026-03-15,0,75,unknown,unknown,15,0,0,2,0,0
L01021,Paid Search,2026-01-18,0,98,unknown,unknown,9,1,0,2,1,0
L01022,Paid Search,2026-01-28,0,144,opted_out,signup_form,0,0,0,0,0,0
L01023,Paid Search,2026-01-01,0,100,opted_in,event,4,1,6,0,0,1
L01024,Paid Search,2026-01-24,0,63,opted_in,signup_form,3,0,0,0,0,1
L01025,Paid Search,2025-12-20,0,117,opted_out,gated_content,10,3,0,0,1,0
L01026,Paid Search,2026-02-08,0,59,opted_in,newsletter,11,1,6,0,0,0
L01027,Paid Search,2025-12-08,0,55,opted_in,signup_form,9,2,0,0,0,0
L01028,Paid Search,2026-02-21,0,36,opted_in,gated_content,4,1,1,1,0,0
L01029,Paid Search,2026-03-21,0,99,opted_in,import,4,2,1,2,0,0
L01030,Paid Search,2026-01-20,0,88,opted_in,import,10,2,5,2,0,0
L01031,Paid Search,2026-03-19,0,120,opted_in,event,4,2,1,2,0,0
L01032,Paid Search,2025-12-02,0,22,opted_in,import,12,3,4,1,1,1
L01033,Paid Search,2025-12-10,0,67,opted_out,newsletter,3,2,0,1,0,0
L01034,Paid Search,2026-02-28,0,84,unknown,unknown,3,3,0,0,0,0
L01035,Paid Search,2026-04-20,0,92,opted_in,event,8,2,1,2,1,1
L01036,Paid Search,2025-12-12,0,115,opted_in,import,5,3,0,0,1,0
L01037,Paid Search,2026-04-05,0,70,opted_in,event,9,0,0,0,0,0
L01038,Paid Search,2026-05-26,0,69,opted_in,gated_content,4,0,3,0,0,0
L01039,Paid Search,2026-03-06,0,51,opted_in,signup_form,10,1,0,1,0,0
L01040,Paid Search,2026-02-14,0,58,opted_out,gated_content,16,2,0,0,0,0
L01041,Paid Search,2026-01-08,0,93,opted_in,gated_content,7,2,6,0,0,0
L01042,Paid Search,2026-03-26,0,117,unknown,unknown,8,0,0,0,0,0
L01043,Paid Search,2025-12-09,0,34,opted_in,signup_form,14,3,4,0,0,0
L01044,Paid Search,2026-02-17,0,125,opted_in,import,9,2,4,0,0,0
L01045,Paid Search,2026-04-09,0,40,opted_in,import,6,1,2,0,0,0
L01046,Paid Search,2026-01-10,0,66,opted_in,import,8,0,3,0,0,0
L01047,Paid Search,2026-05-22,0,108,opted_in,gated_content,9,2,1,2,0,0
L01048,Paid Search,2026-05-22,0,44,opted_in,import,14,2,0,1,0,0
L01049,Paid Search,2026-03-22,0,103,unknown,unknown,6,1,0,1,0,0
L01050,Paid Search,2026-02-28,0,102,opted_in,newsletter,7,2,2,0,0,0
L01051,Paid Search,2025-12-02,0,121,opted_out,event,8,2,0,1,0,0
L01052,Paid Search,2026-01-01,0,87,opted_in,newsletter,8,1,3,0,0,0
L01053,Paid Search,2026-05-18,0,61,opted_in,gated_content,11,1,2,1,1,0
L01054,Paid Search,2026-05-13,0,71,opted_in,event,7,0,5,1,1,0
L01055,Paid Search,2026-02-05,0,105,opted_in,signup_form,8,1,0,0,0,0
L01056,Paid Search,2025-12-26,0,92,opted_in,signup_form,8,1,1,1,0,1
L01057,Paid Search,2026-02-18,0,89,opted_in,signup_form,6,1,1,0,0,0
L01058,Paid Search,2026-02-09,0,43,opted_in,signup_form,14,2,1,0,1,0
L01059,Paid Search,2026-05-07,0,144,opted_in,import,0,0,3,0,0,0
L01060,Paid Search,2026-04-05,0,97,opted_in,import,8,0,1,0,0,0
L01061,Paid Search,2026-05-28,0,103,opted_in,import,8,3,1,1,0,0
L01062,Paid Search,2026-02-15,0,112,unknown,unknown,1,0,0,1,0,0
L01063,Paid Search,2026-02-24,0,95,opted_in,import,7,0,3,0,0,0
L01064,Paid Search,2026-01-08,0,122,opted_in,event,9,1,2,0,0,0
L01065,Paid Search,2026-04-13,0,102,unknown,unknown,9,1,0,0,0,0
L01066,Paid Search,2025-12-21,0,144,opted_out,newsletter,2,1,0,0,0,0
L01067,Paid Search,2026-03-13,0,80,unknown,unknown,4,1,0,0,1,0
L01068,Paid Search,2026-04-04,0,53,opted_in,newsletter,16,2,5,1,1,1
L01069,Paid Search,2025-12-21,0,87,opted_in,event,6,1,7,1,0,1
L01070,Paid Search,2026-01-13,0,97,opted_out,signup_form,2,0,0,1,0,0
L01071,Paid Search,2026-03-26,0,127,opted_out,signup_form,7,2,0,1,0,0
L01072,Paid Search,2026-01-24,0,90,opted_in,import,6,2,3,0,0,0
L01073,Paid Search,2026-01-10,0,59,opted_in,gated_content,17,0,0,2,0,0
L01074,Paid Search,2026-05-10,0,89,opted_out,event,10,1,0,1,0,1
L01075,Paid Search,2026-03-07,0,12,opted_in,newsletter,8,2,5,2,0,0
L01076,Paid Search,2026-01-23,0,59,opted_in,newsletter,12,2,4,1,0,0
L01077,Paid Search,2026-05-06,0,64,opted_in,newsletter,8,2,2,0,0,0
L01078,Paid Search,2026-04-08,0,72,opted_in,signup_form,4,1,2,1,0,0
L01079,Paid Search,2026-05-20,0,82,opted_in,event,11,3,0,0,0,0
L01080,Paid Search,2026-02-28,0,45,opted_in,event,9,4,4,0,0,0
L01081,Paid Search,2026-01-26,0,75,opted_in,gated_content,2,0,4,1,0,0
L01082,Paid Search,2026-03-28,0,134,opted_in,import,2,1,0,0,0,0
L01083,Paid Search,2026-02-25,0,81,opted_in,event,6,1,0,2,1,1
L01084,Paid Search,2026-02-24,0,86,opted_in,newsletter,8,2,2,0,0,0
L01085,Paid Search,2026-01-19,0,109,opted_in,import,6,0,4,0,0,0
L01086,Paid Search,2026-02-23,0,93,opted_in,newsletter,9,1,6,2,1,0
L01087,Paid Search,2026-05-01,0,60,opted_in,signup_form,5,1,0,0,0,0
L01088,Paid Search,2026-05-09,0,86,opted_in,import,7,2,4,0,0,0
L01089,Paid Search,2026-01-02,0,64,opted_in,signup_form,12,3,0,0,0,1
L01090,Paid Search,2026-02-16,0,65,opted_in,newsletter,5,0,7,2,1,0
L01091,Paid Search,2025-12-20,0,80,unknown,unknown,6,1,0,0,0,0
L01092,Paid Search,2026-01-03,0,88,unknown,unknown,2,2,0,0,0,0
L01093,Paid Search,2026-02-25,0,100,opted_in,import,6,1,0,1,0,1
L01094,Paid Search,2026-01-02,0,37,unknown,unknown,8,2,0,1,0,0
L01095,Paid Search,2026-01-23,0,123,opted_in,gated_content,7,0,2,1,0,1
L01096,Paid Search,2025-12-25,0,78,opted_in,import,8,3,1,0,1,0
L01097,Paid Search,2026-04-24,0,88,opted_in,newsletter,9,2,2,0,0,0
L01098,Paid Search,2026-05-01,0,81,opted_out,newsletter,6,0,0,0,0,0
L01099,Paid Search,2026-05-07,0,62,opted_in,newsletter,6,2,4,3,0,0
L01100,Paid Search,2026-05-16,0,88,opted_in,import,1,1,0,0,0,0
L01101,Paid Search,2026-01-27,0,150,opted_in,import,10,0,2,0,0,0
L01102,Paid Search,2026-02-22,0,51,opted_in,newsletter,7,2,2,0,1,0
L01103,Paid Search,2026-05-28,0,57,opted_in,signup_form,4,0,7,1,0,0
L01104,Paid Search,2026-02-14,0,51,opted_in,signup_form,7,1,3,3,1,0
L01105,Paid Search,2026-05-10,0,31,opted_in,event,9,1,5,1,1,0
L01106,Paid Search,2026-01-10,0,126,opted_in,event,5,2,4,1,0,0
L01107,Paid Search,2026-04-14,0,49,opted_in,signup_form,8,1,2,0,1,0
L01108,Paid Search,2026-01-16,0,102,unknown,unknown,9,2,0,2,1,0
L01109,Paid Search,2026-05-14,0,126,opted_in,event,0,0,3,0,0,0
L01110,Paid Search,2026-04-06,0,102,opted_in,import,2,1,1,0,0,0
L01111,Paid Search,2026-05-18,0,83,opted_in,import,10,2,5,0,0,1
L01112,Paid Search,2026-02-05,0,61,opted_in,event,1,1,0,0,0,0
L01113,Paid Search,2026-05-05,0,27,opted_in,newsletter,10,2,5,0,0,0
L01114,Paid Search,2026-01-21,0,46,unknown,unknown,6,1,0,1,0,1
L01115,Paid Search,2025-12-21,0,51,unknown,unknown,10,2,0,0,0,0
L01116,Paid Search,2026-02-19,0,83,opted_in,newsletter,13,3,3,2,0,0
L01117,Paid Search,2026-04-04,0,6,opted_out,event,12,1,0,0,1,0
L01118,Paid Search,2025-12-27,0,42,opted_in,gated_content,8,1,4,1,0,0
L01119,Paid Search,2025-12-22,0,108,opted_in,newsletter,7,2,2,1,0,0
L01120,Paid Search,2025-12-23,0,112,unknown,unknown,4,0,0,1,0,0
L01121,Paid Search,2026-04-24,0,110,opted_in,gated_content,2,1,0,0,0,0
L01122,Paid Search,2026-03-10,0,8,opted_in,gated_content,8,2,2,1,0,0
L01123,Paid Search,2026-05-23,0,84,unknown,unknown,9,3,0,2,0,0
L01124,Paid Search,2025-12-02,0,56,opted_in,event,11,2,7,1,1,0
L01125,Paid Search,2026-03-22,0,128,opted_in,signup_form,8,1,1,2,0,0
L01126,Paid Search,2026-02-11,0,60,opted_in,signup_form,7,2,4,1,1,0
L01127,Paid Search,2026-02-15,0,74,unknown,unknown,15,2,0,1,0,1
L01128,Paid Search,2025-12-03,0,154,opted_in,import,6,2,5,1,0,1
L01129,Paid Search,2025-12-09,0,72,opted_in,gated_content,6,2,0,1,0,1
L01130,Paid Search,2026-04-25,0,45,opted_in,signup_form,8,2,0,1,0,0
L01131,Paid Search,2026-05-25,0,47,opted_in,event,6,0,2,1,1,0
L01132,Paid Search,2025-12-22,0,120,unknown,unknown,6,0,0,1,0,0
L01133,Paid Search,2026-02-06,0,59,opted_in,gated_content,2,2,0,0,0,0
L01134,Paid Search,2026-03-16,0,96,unknown,unknown,5,1,0,1,0,0
L01135,Paid Search,2026-05-05,0,102,opted_in,signup_form,5,1,0,2,0,0
L01136,Paid Search,2026-01-05,0,50,opted_in,import,7,0,3,1,0,0
L01137,Paid Search,2026-03-21,0,79,opted_in,signup_form,5,2,3,0,0,0
L01138,Paid Search,2026-02-08,0,82,opted_in,newsletter,12,0,5,1,0,1
L01139,Paid Search,2026-05-14,0,80,opted_in,import,12,1,0,0,1,0
L01140,Paid Search,2026-05-01,0,141,unknown,unknown,7,0,0,1,0,0
L01141,Paid Search,2026-04-24,0,88,opted_in,event,0,0,0,0,0,0
L01142,Paid Search,2026-03-08,0,85,opted_in,signup_form,13,0,2,1,1,0
L01143,Paid Search,2026-05-04,0,66,opted_out,event,7,2,0,1,0,0
L01144,Paid Search,2026-05-07,0,76,opted_in,signup_form,13,0,2,1,0,0
L01145,Paid Search,2026-03-10,0,133,opted_in,signup_form,4,1,0,1,0,1
L01146,Paid Search,2026-03-15,0,93,opted_in,event,12,1,2,1,0,0
L01147,Paid Search,2026-05-17,0,122,opted_in,gated_content,2,1,0,0,0,0
L01148,Paid Search,2026-03-19,0,73,opted_out,signup_form,9,2,0,0,1,0
L01149,Paid Search,2026-01-11,0,106,opted_in,import,5,2,4,1,0,0
L01150,Paid Search,2026-04-18,0,79,opted_in,import,12,3,0,0,0,0
L01151,Paid Search,2026-04-08,0,67,opted_in,signup_form,9,2,3,0,1,0
L01152,Paid Search,2026-01-16,0,54,opted_in,newsletter,8,1,5,1,1,0
L01153,Paid Search,2026-05-10,0,108,opted_in,newsletter,10,2,7,0,0,1
L01154,Paid Search,2026-03-09,0,123,unknown,unknown,5,1,0,1,0,0
L01155,Paid Search,2026-05-26,0,5,opted_in,signup_form,14,1,2,0,1,0
L01156,Paid Search,2026-01-19,0,77,opted_out,import,13,2,0,1,0,0
L01157,Paid Search,2026-05-06,0,134,opted_out,gated_content,5,2,0,1,0,0
L01158,Paid Search,2026-04-27,0,114,opted_in,signup_form,4,2,7,0,0,0
L01159,Paid Search,2026-01-21,0,116,opted_in,newsletter,7,1,4,0,0,0
L01160,Paid Search,2026-03-01,0,97,opted_in,gated_content,0,0,0,1,0,0
L01161,Direct,2026-01-24,0,112,opted_in,import,4,1,0,0,0,0
L01162,Direct,2026-02-12,0,57,opted_in,import,11,1,1,1,0,0
L01163,Direct,2026-04-23,0,100,unknown,unknown,0,0,0,0,0,0
L01164,Direct,2026-01-04,0,67,opted_in,newsletter,6,1,3,0,0,0
L01165,Direct,2026-03-06,0,38,opted_in,signup_form,14,4,5,2,1,0
L01166,Direct,2026-03-16,0,138,opted_in,newsletter,0,0,1,0,0,0
L01167,Direct,2026-05-24,0,99,opted_in,newsletter,7,3,0,0,0,0
L01168,Direct,2026-04-28,0,45,opted_in,event,11,1,3,1,0,1
L01169,Direct,2026-04-28,0,88,unknown,unknown,5,1,0,0,0,0
L01170,Direct,2026-02-04,0,107,opted_in,gated_content,8,1,3,0,0,0
L01171,Direct,2025-12-02,0,82,opted_in,event,13,3,5,1,1,0
L01172,Direct,2026-05-02,0,91,opted_out,event,6,0,0,1,0,1
L01173,Direct,2025-12-01,0,103,opted_out,signup_form,7,0,0,0,0,0
L01174,Direct,2026-01-24,0,82,opted_out,import,1,0,0,1,0,0
L01175,Direct,2025-12-24,0,56,unknown,unknown,8,3,0,1,1,0
L01176,Direct,2026-02-04,0,84,opted_in,gated_content,6,1,1,2,1,1
L01177,Direct,2026-03-12,0,64,opted_in,event,6,1,0,1,0,0
L01178,Direct,2026-04-02,0,103,opted_in,gated_content,5,0,4,0,0,0
L01179,Direct,2025-12-28,0,111,opted_in,event,6,2,0,1,0,0
L01180,Direct,2026-05-06,0,64,opted_in,newsletter,6,3,3,1,0,0
L01181,Direct,2026-02-24,0,51,opted_in,newsletter,5,2,2,1,1,0
L01182,Direct,2025-12-02,0,64,opted_in,gated_content,12,0,0,0,0,1
L01183,Direct,2026-01-01,0,124,opted_in,newsletter,5,2,4,0,0,0
L01184,Direct,2026-03-01,0,146,opted_in,gated_content,4,1,0,0,0,0
L01185,Direct,2025-12-12,0,154,opted_in,import,2,0,0,1,0,0
L01186,Direct,2026-03-26,0,99,opted_in,newsletter,10,4,5,0,1,0
L01187,Direct,2026-04-11,0,102,opted_out,signup_form,9,2,0,0,0,0
L01188,Direct,2026-02-02,0,102,opted_in,newsletter,7,1,0,2,0,0
L01189,Direct,2026-05-23,0,90,opted_in,gated_content,7,1,0,1,0,0
L01190,Direct,2026-04-24,0,108,opted_in,import,8,0,3,1,1,0
L01191,Direct,2025-12-26,0,83,opted_in,newsletter,6,0,2,1,1,0
L01192,Direct,2026-05-07,0,101,opted_in,gated_content,7,1,3,0,0,0
L01193,Direct,2026-04-26,0,37,opted_in,signup_form,12,2,7,1,0,0
L01194,Direct,2026-01-07,0,77,opted_in,import,15,2,0,1,1,0
L01195,Direct,2026-03-26,0,129,opted_in,newsletter,2,0,0,0,0,0
L01196,Direct,2025-12-04,0,42,unknown,unknown,5,0,0,1,0,0
L01197,Direct,2026-05-27,0,27,opted_in,event,15,2,5,2,0,1
L01198,Direct,2026-05-27,0,50,opted_out,newsletter,5,2,0,1,0,0
L01199,Direct,2026-04-24,0,84,opted_in,event,15,1,4,1,0,0
L01200,Direct,2026-01-17,0,74,opted_in,event,9,1,5,0,1,0
L01201,Direct,2026-01-01,0,54,opted_in,signup_form,8,1,5,0,0,0
L01202,Direct,2026-02-24,0,74,opted_in,signup_form,7,1,1,1,0,1
L01203,Direct,2026-01-16,0,136,unknown,unknown,11,0,0,1,0,0
L01204,Direct,2026-01-12,0,94,opted_in,gated_content,4,1,5,2,0,0
L01205,Direct,2026-01-20,0,88,unknown,unknown,10,1,0,1,0,0
L01206,Direct,2026-03-17,0,29,unknown,unknown,10,2,0,0,0,0
L01207,Direct,2026-03-16,0,45,opted_out,signup_form,4,1,0,1,1,0
L01208,Direct,2026-05-20,0,89,unknown,unknown,9,2,0,1,0,0
L01209,Direct,2026-04-17,0,84,opted_in,signup_form,0,0,0,0,0,0
L01210,Direct,2026-01-05,0,125,opted_out,import,6,0,0,0,0,0
L01211,Direct,2026-04-19,0,76,opted_in,newsletter,8,3,3,0,0,0
L01212,Direct,2026-04-05,0,92,unknown,unknown,8,1,0,1,0,0
L01213,Direct,2025-12-27,0,77,opted_in,newsletter,7,1,3,0,1,0
L01214,Direct,2026-05-07,0,107,opted_in,gated_content,1,1,0,0,0,0
L01215,Direct,2025-12-04,0,14,opted_in,signup_form,10,3,8,2,1,0
L01216,Direct,2026-01-07,0,0,opted_in,signup_form,6,3,8,2,1,0
L01217,Direct,2025-12-19,0,141,opted_in,gated_content,5,0,3,1,0,0
L01218,Direct,2026-02-09,0,51,unknown,unknown,14,4,0,1,0,0
L01219,Direct,2025-12-16,0,90,unknown,unknown,9,2,0,1,0,0
L01220,Direct,2026-04-09,0,123,unknown,unknown,14,0,0,0,0,0
L01221,Direct,2026-01-11,0,89,unknown,unknown,8,2,0,0,0,0
L01222,Direct,2026-02-01,0,90,opted_in,gated_content,5,2,0,1,0,1
L01223,Direct,2026-05-10,0,84,opted_in,newsletter,8,0,6,0,0,0
L01224,Direct,2026-03-10,0,120,opted_in,newsletter,4,0,0,0,0,0
L01225,Direct,2026-05-11,0,132,opted_out,newsletter,6,2,0,0,0,0
L01226,Direct,2026-03-06,0,41,opted_in,gated_content,11,2,6,2,0,1
L01227,Direct,2025-12-18,0,52,unknown,unknown,7,1,0,1,1,1
L01228,Direct,2026-03-01,0,116,opted_in,signup_form,7,2,2,1,0,0
L01229,Direct,2026-03-04,0,107,opted_in,event,8,0,1,1,0,0
L01230,Direct,2026-03-20,0,72,opted_in,signup_form,5,0,1,0,0,0
L01231,Direct,2025-12-01,0,98,opted_in,event,6,1,3,2,0,0
L01232,Direct,2025-12-15,0,94,opted_in,gated_content,1,1,1,2,1,0
L01233,Direct,2025-12-10,0,32,unknown,unknown,11,2,0,1,0,0
L01234,Direct,2026-03-10,0,48,opted_in,newsletter,10,3,2,0,1,0
L01235,Direct,2025-12-15,0,125,opted_in,gated_content,5,1,0,0,0,0
L01236,Direct,2026-05-16,0,90,opted_in,event,5,1,0,1,0,0
L01237,Direct,2026-03-05,0,97,opted_in,newsletter,9,1,3,0,1,0
L01238,Direct,2026-04-06,0,54,opted_in,newsletter,9,2,4,2,0,0
L01239,Direct,2026-03-04,0,106,opted_out,newsletter,0,0,0,1,0,0
L01240,Direct,2025-12-07,0,94,opted_in,gated_content,3,2,2,2,0,0
L01241,Direct,2026-02-04,0,58,opted_out,signup_form,6,3,0,0,1,0
L01242,Direct,2025-12-11,0,70,unknown,unknown,10,1,0,0,0,0
L01243,Direct,2026-02-17,0,51,opted_in,newsletter,3,1,2,1,0,0
L01244,Direct,2026-02-02,0,106,opted_in,import,1,1,1,0,0,0
L01245,Direct,2026-01-27,0,109,opted_out,gated_content,8,1,0,0,0,0
L01246,Direct,2026-01-28,0,90,opted_in,event,9,2,0,1,0,0
L01247,Direct,2026-02-15,0,99,opted_in,import,6,1,1,1,0,0
L01248,Direct,2026-02-24,0,93,opted_in,event,0,0,0,0,0,0
L01249,Direct,2026-01-21,0,68,opted_in,gated_content,6,2,2,1,0,1
L01250,Direct,2026-04-01,0,96,opted_in,event,9,1,0,1,0,0
L01251,Direct,2026-02-26,0,24,opted_in,gated_content,14,0,4,2,0,0
L01252,Direct,2026-01-02,0,114,opted_out,event,7,2,0,1,0,0
L01253,Direct,2026-02-13,0,140,opted_out,signup_form,9,0,0,0,0,0
L01254,Direct,2026-02-16,0,124,opted_in,gated_content,10,0,5,0,1,1
L01255,Direct,2026-03-16,0,69,opted_in,gated_content,3,1,4,1,0,0
L01256,Direct,2026-01-04,0,60,opted_in,import,11,4,2,1,0,0
L01257,Direct,2026-04-21,0,59,opted_in,import,3,3,3,1,0,0
L01258,Direct,2026-05-25,0,66,opted_in,event,3,0,4,0,0,0
L01259,Direct,2026-01-20,0,62,opted_out,event,11,1,0,0,0,0
L01260,Direct,2026-01-20,0,53,opted_in,signup_form,8,3,2,1,0,0
L01261,Direct,2025-12-10,0,71,opted_in,gated_content,11,2,4,1,0,0
L01262,Direct,2026-01-20,0,112,opted_out,event,3,0,0,1,0,0
L01263,Direct,2026-01-13,0,49,opted_in,newsletter,12,1,3,1,0,0
L01264,Direct,2026-03-19,0,80,unknown,unknown,8,1,0,1,0,1
L01265,Direct,2026-05-11,0,115,opted_in,signup_form,9,3,5,2,0,0
L01266,Direct,2026-02-10,0,96,opted_in,gated_content,11,3,5,1,1,1
L01267,Direct,2025-12-14,0,86,opted_in,event,8,2,1,0,0,0
L01268,Direct,2026-05-22,0,134,opted_in,import,2,0,1,0,0,0
L01269,Direct,2026-03-03,0,106,opted_in,import,8,2,5,1,0,0
L01270,Direct,2025-12-23,0,46,opted_out,import,14,1,0,0,1,1
L01271,Direct,2026-04-26,0,121,opted_in,import,5,0,0,1,0,0
L01272,Direct,2026-05-03,0,126,opted_in,import,3,0,4,1,0,0
L01273,Direct,2026-01-02,0,63,opted_in,newsletter,14,2,5,1,1,0
L01274,Direct,2025-12-15,0,88,opted_in,signup_form,9,0,3,0,0,0
L01275,Direct,2025-12-18,0,116,opted_in,gated_content,0,0,2,0,0,0
L01276,Direct,2025-12-12,0,95,opted_in,newsletter,13,2,3,2,0,0
L01277,Direct,2025-12-16,0,134,opted_in,gated_content,5,1,0,2,0,0
L01278,Direct,2026-03-24,0,100,opted_in,event,12,2,4,2,0,0
L01279,Direct,2026-01-27,0,50,unknown,unknown,12,2,0,1,0,0
L01280,Direct,2026-02-10,0,43,opted_in,newsletter,7,3,5,0,1,0
L01281,Direct,2026-01-14,0,113,opted_in,event,5,2,1,0,0,0
L01282,Direct,2026-04-04,0,66,opted_in,gated_content,12,2,6,1,0,0
L01283,Direct,2025-12-27,0,105,opted_in,signup_form,5,0,0,0,0,0
L01284,Direct,2026-03-21,0,68,opted_in,newsletter,14,4,0,1,1,1
L01285,Direct,2026-05-05,0,43,opted_in,event,12,2,0,2,0,1
L01286,Direct,2026-03-03,0,146,opted_in,event,2,1,4,0,0,0
L01287,Direct,2025-12-26,0,51,opted_in,gated_content,9,2,3,1,1,0
L01288,Direct,2026-05-21,0,89,opted_out,newsletter,5,1,0,0,0,0
L01289,Direct,2025-12-24,0,65,opted_in,event,8,0,2,1,0,0
L01290,Direct,2026-02-23,0,61,opted_in,gated_content,6,3,4,1,1,0
L01291,Direct,2026-04-15,0,131,opted_in,newsletter,5,0,4,0,0,0
L01292,Direct,2026-02-10,0,87,opted_in,import,11,1,3,2,0,0
L01293,Direct,2026-03-11,0,146,unknown,unknown,9,0,0,1,0,0
L01294,Direct,2025-12-02,0,90,opted_in,event,1,0,0,1,0,0
L01295,Direct,2026-04-10,0,78,opted_in,newsletter,8,3,3,2,0,0
L01296,Direct,2026-04-22,0,84,unknown,unknown,7,1,0,1,0,1
L01297,Direct,2026-05-07,0,89,opted_in,signup_form,7,1,3,1,0,0
L01298,Direct,2026-01-06,0,89,opted_in,import,5,0,3,0,0,0
L01299,Direct,2025-12-10,0,76,opted_out,gated_content,15,2,0,1,1,1
L01300,Direct,2026-03-14,0,146,opted_in,gated_content,7,0,1,0,0,0
L01301,Direct,2026-01-13,0,123,opted_in,newsletter,9,1,2,1,0,0
L01302,Direct,2026-01-27,0,69,opted_in,event,12,2,2,0,1,0
L01303,Direct,2025-12-09,0,126,unknown,unknown,1,1,0,1,0,0
L01304,Direct,2026-01-14,0,93,unknown,unknown,8,1,0,3,1,0
L01305,Direct,2025-12-22,0,74,opted_out,signup_form,9,1,0,1,0,1
L01306,Direct,2026-05-20,0,41,opted_in,gated_content,13,1,4,1,0,0
L01307,Direct,2026-04-10,0,52,opted_out,signup_form,8,2,0,1,0,0
L01308,Direct,2026-05-14,0,70,unknown,unknown,5,2,0,1,0,0
L01309,Direct,2026-02-18,0,36,opted_in,newsletter,7,3,4,1,0,0
L01310,Direct,2026-03-25,0,62,opted_in,event,9,3,6,2,1,0
L01311,Direct,2026-05-27,0,107,opted_in,gated_content,5,0,0,1,0,0
L01312,Direct,2026-03-25,0,46,opted_in,event,7,2,0,2,0,0
L01313,Direct,2026-02-09,0,87,opted_in,gated_content,10,2,4,1,0,0
L01314,Direct,2026-03-24,0,55,opted_in,import,8,1,3,0,0,0
L01315,Direct,2026-01-17,0,106,opted_in,signup_form,0,0,1,0,0,0
L01316,Direct,2025-12-10,0,66,opted_in,import,9,0,5,0,1,0
L01317,Direct,2025-12-25,0,69,opted_out,gated_content,3,0,0,2,1,0
L01318,Direct,2026-05-21,0,76,opted_in,import,7,2,3,1,0,0
L01319,Direct,2026-02-12,0,33,opted_in,newsletter,13,2,4,1,0,0
L01320,Direct,2025-12-20,0,58,opted_in,import,6,1,0,2,1,0
L01321,Direct,2026-02-08,0,30,opted_in,import,9,2,1,1,0,1
L01322,Direct,2025-12-03,0,149,opted_in,newsletter,9,0,2,0,0,0
L01323,Direct,2025-12-06,0,94,unknown,unknown,7,2,0,0,0,0
L01324,Direct,2026-01-13,0,78,opted_in,gated_content,8,1,3,1,0,0
L01325,Direct,2026-02-02,0,93,opted_in,newsletter,3,1,2,0,0,0
L01326,Direct,2025-12-18,0,55,opted_in,signup_form,10,4,8,2,0,0
L01327,Direct,2025-12-06,0,34,unknown,unknown,9,3,0,1,0,0
L01328,Direct,2026-01-24,0,99,opted_in,newsletter,4,1,6,0,0,0
L01329,Direct,2026-05-18,0,129,opted_in,event,8,0,3,0,0,1
L01330,Direct,2026-04-02,0,75,opted_in,import,11,2,5,1,1,1
L01331,Direct,2026-01-13,0,159,opted_in,import,4,1,0,0,0,0
L01332,Direct,2026-04-19,0,92,unknown,unknown,12,2,0,0,1,0
L01333,Direct,2026-01-17,0,65,opted_in,newsletter,5,1,3,1,0,0
L01334,Direct,2026-03-13,0,13,opted_out,event,11,3,0,1,0,0
L01335,Direct,2026-05-26,0,102,opted_in,newsletter,4,3,2,1,0,0
L01336,Direct,2026-02-24,0,56,opted_in,import,3,1,1,1,0,0
L01337,Direct,2026-04-16,0,42,opted_in,signup_form,14,3,5,0,0,0
L01338,Direct,2025-12-03,0,27,opted_out,gated_content,9,3,0,0,0,0
L01339,Direct,2026-03-02,0,63,opted_in,signup_form,17,3,4,1,0,0
L01340,Direct,2025-12-18,0,41,unknown,unknown,9,2,0,0,0,0
L01341,Paid Social,2026-04-27,0,108,opted_in,newsletter,6,2,2,1,1,0
L01342,Paid Social,2026-03-14,0,84,opted_in,gated_content,9,2,8,1,0,0
L01343,Paid Social,2026-01-17,0,72,opted_in,gated_content,13,1,0,1,0,0
L01344,Paid Social,2026-02-20,0,18,opted_in,import,11,1,1,1,0,0
L01345,Paid Social,2026-01-04,0,192,opted_in,gated_content,1,0,2,1,0,0
L01346,Paid Social,2026-05-01,0,71,opted_in,event,17,1,5,1,1,0
L01347,Paid Social,2026-03-10,0,81,opted_in,event,6,2,3,1,0,0
L01348,Paid Social,2026-05-02,0,103,unknown,unknown,6,1,0,0,0,1
L01349,Paid Social,2026-05-24,0,45,opted_in,import,5,2,2,1,0,1
L01350,Paid Social,2026-03-16,0,120,opted_in,gated_content,0,0,1,1,0,0
L01351,Paid Social,2026-01-10,0,128,unknown,unknown,2,0,0,0,0,0
L01352,Paid Social,2026-02-21,0,115,opted_in,event,2,1,5,1,0,0
L01353,Paid Social,2026-03-21,0,142,opted_in,import,6,0,0,0,0,0
L01354,Paid Social,2026-03-09,0,125,opted_in,event,3,1,1,0,0,0
L01355,Paid Social,2026-03-07,0,100,opted_in,import,7,1,4,1,0,0
L01356,Paid Social,2026-01-18,0,95,opted_in,import,7,2,5,1,0,0
L01357,Paid Social,2026-05-17,0,91,opted_out,gated_content,5,0,0,0,0,0
L01358,Paid Social,2026-02-15,0,118,opted_in,newsletter,1,0,4,0,0,0
L01359,Paid Social,2026-03-22,0,69,opted_in,event,8,0,0,1,0,0
L01360,Paid Social,2026-02-27,0,42,opted_in,import,12,2,4,2,0,1
L01361,Paid Social,2026-03-21,0,163,opted_in,newsletter,1,0,5,0,0,0
L01362,Paid Social,2025-12-26,0,40,opted_in,gated_content,15,3,2,0,1,0
L01363,Paid Social,2026-04-18,0,102,opted_in,signup_form,6,1,4,0,0,0
L01364,Paid Social,2026-02-01,0,109,opted_in,gated_content,7,0,1,1,0,0
L01365,Paid Social,2026-01-09,0,112,unknown,unknown,5,2,0,1,0,0
L01366,Paid Social,2026-01-18,0,58,opted_in,gated_content,9,0,2,0,0,0
L01367,Paid Social,2025-12-12,0,43,unknown,unknown,9,3,0,0,0,0
L01368,Paid Social,2026-05-21,0,129,opted_in,signup_form,2,1,3,0,0,0
L01369,Paid Social,2025-12-10,0,101,unknown,unknown,9,2,0,1,0,0
L01370,Paid Social,2026-03-20,0,87,opted_out,gated_content,7,2,0,1,0,0
L01371,Paid Social,2025-12-16,0,92,opted_in,event,9,0,0,2,0,0
L01372,Paid Social,2026-05-26,0,63,unknown,unknown,8,1,0,2,0,0
L01373,Paid Social,2025-12-02,0,24,opted_in,signup_form,7,1,2,0,0,0
L01374,Paid Social,2026-01-24,0,88,opted_out,gated_content,9,0,0,1,0,0
L01375,Paid Social,2026-02-27,0,129,opted_in,event,4,0,3,0,0,0
L01376,Paid Social,2026-01-26,0,104,unknown,unknown,5,1,0,0,0,0
L01377,Paid Social,2025-12-25,0,120,unknown,unknown,7,0,0,0,0,0
L01378,Paid Social,2026-05-21,0,103,opted_in,signup_form,11,0,4,1,0,0
L01379,Paid Social,2025-12-07,0,116,opted_in,newsletter,12,1,4,1,0,0
L01380,Paid Social,2026-02-05,0,83,opted_in,gated_content,4,0,1,0,1,0
L01381,Paid Social,2026-03-26,0,87,opted_in,newsletter,10,1,4,1,0,0
L01382,Paid Social,2026-04-02,0,72,opted_in,signup_form,15,2,3,2,1,0
L01383,Paid Social,2026-04-21,0,117,opted_out,import,3,0,0,0,0,0
L01384,Paid Social,2026-05-14,0,94,opted_in,event,5,2,0,1,0,0
L01385,Paid Social,2025-12-20,0,84,opted_in,newsletter,5,0,2,0,0,0
L01386,Paid Social,2026-05-07,0,111,opted_in,event,12,0,3,1,0,1
L01387,Paid Social,2026-01-14,0,89,opted_in,gated_content,3,0,0,0,0,1
L01388,Paid Social,2026-01-28,0,89,opted_out,gated_content,6,0,0,2,0,1
L01389,Paid Social,2026-02-21,0,128,opted_in,import,5,0,2,0,0,0
L01390,Paid Social,2025-12-14,0,140,opted_in,signup_form,1,1,0,1,0,0
L01391,Paid Social,2025-12-12,0,134,unknown,unknown,2,0,0,2,0,0
L01392,Paid Social,2026-02-24,0,105,opted_in,event,4,2,3,1,0,0
L01393,Paid Social,2025-12-19,0,116,opted_in,event,3,0,1,1,0,0
L01394,Paid Social,2026-02-02,0,31,unknown,unknown,10,2,0,1,0,0
L01395,Paid Social,2026-03-13,0,118,unknown,unknown,5,0,0,3,0,0
L01396,Paid Social,2026-02-21,0,117,opted_out,signup_form,0,0,0,0,0,0
L01397,Paid Social,2026-04-01,0,69,unknown,unknown,4,0,0,1,0,0
L01398,Paid Social,2025-12-21,0,75,opted_out,signup_form,10,2,0,0,0,0
L01399,Paid Social,2026-04-19,0,77,unknown,unknown,8,2,0,0,0,0
L01400,Paid Social,2026-05-14,0,71,opted_out,newsletter,9,2,0,1,1,0
L01401,Paid Social,2026-02-24,0,90,opted_out,gated_content,11,0,0,1,0,1
L01402,Paid Social,2025-12-02,0,122,opted_in,newsletter,2,0,3,1,0,0
L01403,Paid Social,2026-01-15,0,134,opted_out,newsletter,3,0,0,0,0,0
L01404,Paid Social,2026-01-04,0,56,opted_in,newsletter,2,1,2,1,0,0
L01405,Paid Social,2026-02-24,0,34,opted_out,newsletter,11,2,0,2,1,0
L01406,Paid Social,2026-01-06,0,126,unknown,unknown,6,0,0,0,0,0
L01407,Paid Social,2026-05-09,0,63,unknown,unknown,2,0,0,1,0,0
L01408,Paid Social,2025-12-02,0,106,opted_out,newsletter,1,1,0,0,0,0
L01409,Paid Social,2026-02-04,0,112,unknown,unknown,3,1,0,0,0,0
L01410,Paid Social,2025-12-05,0,108,opted_in,import,9,1,1,0,0,0
L01411,Paid Social,2026-03-03,0,106,unknown,unknown,1,1,0,2,0,0
L01412,Paid Social,2026-04-12,0,103,opted_out,signup_form,0,0,0,1,0,0
L01413,Paid Social,2026-04-25,0,141,unknown,unknown,3,0,0,1,0,0
L01414,Paid Social,2026-01-10,0,71,opted_in,gated_content,5,1,0,0,0,0
L01415,Paid Social,2026-01-08,0,111,opted_out,event,0,0,0,0,0,1
L01416,Paid Social,2026-03-14,0,123,opted_in,gated_content,3,1,0,0,0,0
L01417,Paid Social,2026-03-17,0,106,opted_out,newsletter,4,0,0,0,0,0
L01418,Paid Social,2026-01-13,0,83,opted_in,gated_content,5,1,1,1,0,0
L01419,Paid Social,2026-01-19,0,75,unknown,unknown,6,3,0,0,0,1
L01420,Paid Social,2025-12-22,0,107,opted_in,event,11,1,0,1,0,0
L01421,Paid Social,2026-03-16,0,79,opted_in,signup_form,3,1,4,0,0,0
L01422,Paid Social,2026-05-20,0,146,opted_out,gated_content,10,1,0,0,0,0
L01423,Paid Social,2026-02-18,0,68,opted_in,gated_content,6,0,1,0,0,1
L01424,Paid Social,2026-01-17,0,89,opted_out,event,1,0,0,1,0,0
L01425,Paid Social,2026-04-25,0,107,opted_in,gated_content,1,0,2,0,0,0
L01426,Paid Social,2026-01-03,0,72,opted_in,gated_content,5,2,3,0,0,0
L01427,Paid Social,2025-12-07,0,67,opted_in,signup_form,4,1,1,1,0,0
L01428,Paid Social,2026-04-09,0,131,unknown,unknown,5,1,0,0,0,0
L01429,Paid Social,2026-02-03,0,90,opted_in,import,11,1,3,1,0,0
L01430,Paid Social,2026-05-01,0,71,unknown,unknown,8,2,0,1,0,0
L01431,Paid Social,2025-12-10,0,115,opted_out,import,3,2,0,0,0,0
L01432,Paid Social,2026-01-09,0,79,opted_in,signup_form,12,1,4,1,0,0
L01433,Paid Social,2026-02-04,0,131,opted_out,gated_content,13,1,0,0,1,0
L01434,Paid Social,2026-03-15,0,122,opted_in,import,5,1,1,0,0,0
L01435,Paid Social,2026-05-17,0,97,opted_out,newsletter,4,0,0,0,0,1
L01436,Paid Social,2026-03-23,0,116,opted_in,import,4,0,3,0,0,0
L01437,Paid Social,2026-04-02,0,91,opted_out,import,5,1,0,0,0,1
L01438,Paid Social,2026-01-04,0,131,opted_in,gated_content,10,2,5,2,0,0
L01439,Paid Social,2026-05-25,0,115,opted_in,signup_form,11,2,1,0,0,0
L01440,Paid Social,2026-04-01,0,86,opted_in,gated_content,5,1,2,1,0,1
L01441,Paid Social,2026-03-27,0,76,opted_out,signup_form,6,0,0,1,0,0
L01442,Paid Social,2026-02-04,0,123,opted_out,gated_content,10,2,0,2,1,0
L01443,Paid Social,2025-12-09,0,80,unknown,unknown,8,1,0,0,0,0
L01444,Paid Social,2026-03-01,0,100,opted_out,newsletter,1,1,0,0,0,0
L01445,Paid Social,2026-05-16,0,96,opted_in,import,5,0,0,1,1,0
L01446,Paid Social,2026-04-27,0,97,unknown,unknown,0,0,0,0,0,0
L01447,Paid Social,2026-01-13,0,103,opted_out,signup_form,10,1,0,0,0,0
L01448,Paid Social,2025-12-04,0,96,opted_in,signup_form,12,1,6,0,0,0
L01449,Paid Social,2025-12-25,0,66,opted_in,signup_form,5,0,1,3,1,0
L01450,Paid Social,2026-04-05,0,106,opted_in,newsletter,2,2,0,1,0,0
L01451,Paid Social,2026-01-15,0,112,opted_out,event,3,0,0,0,0,0
L01452,Paid Social,2026-01-05,0,89,unknown,unknown,0,0,0,0,0,0
L01453,Paid Social,2026-01-14,0,70,opted_in,gated_content,8,2,0,1,0,0
L01454,Paid Social,2026-03-07,0,72,opted_out,import,7,0,0,1,0,0
L01455,Paid Social,2026-02-04,0,126,opted_in,newsletter,4,2,0,0,0,0
L01456,Paid Social,2026-01-19,0,94,opted_out,signup_form,0,0,0,0,0,0
L01457,Paid Social,2026-01-16,0,77,opted_in,event,6,0,1,2,0,0
L01458,Paid Social,2026-01-28,0,64,opted_in,gated_content,8,2,4,2,0,0
L01459,Paid Social,2026-03-15,0,93,opted_out,event,7,0,0,0,0,1
L01460,Paid Social,2026-03-10,0,95,unknown,unknown,7,1,0,0,0,0
L01461,Paid Social,2026-05-24,0,88,opted_in,signup_form,4,2,1,1,0,0
L01462,Paid Social,2025-12-24,0,132,unknown,unknown,7,1,0,1,0,0
L01463,Paid Social,2026-05-18,0,85,opted_in,signup_form,7,1,6,1,0,0
L01464,Paid Social,2026-01-24,0,27,unknown,unknown,17,2,0,2,1,0
L01465,Paid Social,2026-01-08,0,62,opted_in,import,1,0,4,1,0,0
L01466,Paid Social,2026-02-18,0,98,opted_in,event,4,0,1,0,0,0
L01467,Paid Social,2026-05-20,0,73,opted_out,signup_form,11,2,0,1,0,0
L01468,Paid Social,2026-05-23,0,100,opted_out,signup_form,10,1,0,1,0,0
L01469,Paid Social,2026-03-27,0,117,opted_in,newsletter,4,0,2,1,0,0
L01470,Paid Social,2026-03-04,0,96,opted_in,import,4,2,2,1,0,0
L01471,Paid Social,2026-02-04,0,134,opted_in,gated_content,3,0,0,1,0,0
L01472,Paid Social,2026-01-25,0,188,unknown,unknown,0,0,0,0,0,0
L01473,Paid Social,2026-05-19,0,72,opted_out,import,2,2,0,0,0,0
L01474,Paid Social,2026-01-20,0,115,opted_in,newsletter,11,2,4,0,0,0
L01475,Paid Social,2026-05-23,0,71,unknown,unknown,8,3,0,1,0,0
L01476,Paid Social,2026-01-04,0,69,unknown,unknown,8,1,0,0,0,0
L01477,Paid Social,2026-03-09,0,55,opted_in,event,5,2,2,0,0,0
L01478,Paid Social,2025-12-07,0,117,opted_out,import,4,0,0,0,0,0
L01479,Paid Social,2026-05-08,0,128,opted_in,gated_content,2,0,1,1,0,0
L01480,Paid Social,2026-04-11,0,163,unknown,unknown,8,1,0,1,0,0
L01481,Paid Social,2026-01-03,0,80,opted_in,newsletter,5,0,3,1,0,0
L01482,Paid Social,2026-05-07,0,84,opted_in,event,8,1,4,0,1,0
L01483,Paid Social,2025-12-17,0,130,unknown,unknown,4,0,0,0,0,0
L01484,Paid Social,2025-12-27,0,38,opted_in,event,8,2,4,1,0,0
L01485,Paid Social,2026-01-12,0,75,opted_in,event,7,0,2,1,0,0
L01486,Paid Social,2026-02-04,0,122,opted_in,gated_content,10,0,1,0,0,0
L01487,Paid Social,2026-01-22,0,65,unknown,unknown,3,1,0,1,0,0
L01488,Paid Social,2026-05-07,0,116,opted_in,signup_form,1,0,0,0,0,0
L01489,Paid Social,2025-12-18,0,106,opted_in,gated_content,14,2,7,0,0,0
L01490,Paid Social,2026-02-10,0,69,unknown,unknown,4,0,0,0,0,0
L01491,Paid Social,2026-04-20,0,118,opted_in,newsletter,0,0,0,1,0,0
L01492,Paid Social,2026-03-25,0,114,opted_in,signup_form,3,1,1,0,1,0
L01493,Paid Social,2026-03-03,0,81,opted_in,event,8,1,2,0,0,0
L01494,Paid Social,2026-01-21,0,102,opted_out,gated_content,1,1,0,1,0,0
L01495,Paid Social,2026-05-12,0,181,unknown,unknown,3,0,0,1,0,0
L01496,Paid Social,2026-01-08,0,117,opted_in,gated_content,0,0,1,1,0,0
L01497,Paid Social,2026-04-08,0,72,opted_out,newsletter,11,1,0,1,0,0
L01498,Paid Social,2025-12-21,0,132,opted_in,event,2,0,0,0,0,0
L01499,Paid Social,2026-04-23,0,55,opted_in,import,13,2,6,1,1,0
L01500,Paid Social,2026-02-01,0,50,opted_in,event,8,2,0,1,0,0
L01501,Paid Social,2026-03-07,0,79,unknown,unknown,4,0,0,0,0,0
L01502,Paid Social,2025-12-06,0,207,opted_in,signup_form,1,0,4,0,0,0
L01503,Paid Social,2026-03-15,0,153,opted_in,import,2,2,8,0,0,0
L01504,Paid Social,2026-03-11,0,150,opted_in,signup_form,5,0,4,1,0,1
L01505,Paid Social,2026-04-28,0,129,opted_in,gated_content,5,0,1,1,0,0
L01506,Paid Social,2026-02-01,0,134,opted_in,event,8,2,1,2,0,0
L01507,Paid Social,2026-01-18,0,134,opted_in,event,5,0,0,0,0,0
L01508,Paid Social,2026-04-08,0,85,opted_in,signup_form,8,0,1,0,0,0
L01509,Paid Social,2026-03-16,0,55,unknown,unknown,13,2,0,1,0,1
L01510,Paid Social,2026-03-21,0,69,opted_in,event,9,2,3,1,0,0
L01511,Paid Social,2026-01-27,0,108,opted_out,import,6,2,0,1,0,0
L01512,Paid Social,2026-05-11,0,120,opted_in,gated_content,4,1,2,0,0,0
L01513,Paid Social,2026-03-03,0,97,opted_in,newsletter,7,0,2,2,0,0
L01514,Paid Social,2026-04-04,0,123,opted_in,import,5,2,0,1,0,0
L01515,Paid Social,2026-03-14,0,130,opted_in,signup_form,3,1,1,0,0,0
L01516,Paid Social,2026-01-28,0,72,unknown,unknown,11,3,0,0,0,0
L01517,Paid Social,2026-05-26,0,100,opted_in,gated_content,15,1,2,1,0,0
L01518,Paid Social,2026-02-15,0,137,opted_in,signup_form,0,0,0,0,0,0
L01519,Paid Social,2026-04-07,0,93,opted_in,import,3,2,0,0,0,0
L01520,Paid Social,2025-12-17,0,123,opted_out,newsletter,3,1,0,0,0,0
L01521,Paid Social,2026-05-11,0,42,opted_in,import,14,1,2,2,0,0
L01522,Paid Social,2026-01-17,0,50,opted_in,event,14,2,4,1,1,0
L01523,Paid Social,2026-04-16,0,95,opted_in,gated_content,10,1,3,0,0,0
L01524,Paid Social,2026-05-20,0,38,opted_in,gated_content,11,0,1,0,0,0
L01525,Paid Social,2026-05-28,0,68,unknown,unknown,5,0,0,0,0,0
L01526,Paid Social,2026-02-20,0,114,unknown,unknown,0,0,0,0,0,0
L01527,Paid Social,2026-02-03,0,114,opted_out,newsletter,4,1,0,0,0,0
L01528,Paid Social,2026-03-13,0,136,opted_in,event,0,0,0,1,0,0
L01529,Paid Social,2026-02-23,0,88,unknown,unknown,9,2,0,0,0,0
L01530,Paid Social,2026-05-27,0,46,unknown,unknown,5,1,0,1,1,0
L01531,Paid Social,2026-04-10,0,64,opted_in,gated_content,0,0,0,0,0,0
L01532,Paid Social,2026-02-10,0,148,opted_in,gated_content,3,0,3,0,1,0
L01533,Paid Social,2026-03-25,0,87,opted_in,signup_form,5,1,2,1,0,0
L01534,Paid Social,2026-04-14,0,120,opted_in,gated_content,10,2,7,0,1,1
L01535,Paid Social,2026-02-22,0,109,opted_out,event,12,0,0,2,0,0
L01536,Paid Social,2026-02-02,0,146,opted_out,event,4,0,0,0,0,0
L01537,Paid Social,2026-03-05,0,157,opted_in,import,2,1,2,0,0,0
L01538,Paid Social,2025-12-25,0,104,unknown,unknown,7,0,0,0,0,0
L01539,Paid Social,2025-12-28,0,47,opted_in,event,2,1,2,2,0,0
L01540,Paid Social,2026-03-15,0,112,opted_out,signup_form,6,0,0,0,0,0
L01541,Paid Social,2026-01-16,0,88,opted_in,signup_form,7,0,2,0,0,0
L01542,Paid Social,2026-02-11,0,192,unknown,unknown,5,1,0,0,0,0
L01543,Paid Social,2026-02-25,0,102,unknown,unknown,6,3,0,1,0,1
L01544,Paid Social,2026-03-16,0,28,opted_out,gated_content,9,1,0,1,0,0
L01545,Paid Social,2026-03-16,0,144,unknown,unknown,5,2,0,1,0,0
L01546,Paid Social,2026-04-27,0,94,unknown,unknown,12,0,0,0,0,0
L01547,Paid Social,2025-12-15,0,95,opted_in,event,11,1,6,0,0,0
L01548,Paid Social,2026-03-18,0,75,opted_in,signup_form,9,0,2,0,0,0
L01549,Paid Social,2026-01-08,0,120,unknown,unknown,4,0,0,0,0,0
L01550,Paid Social,2026-03-16,0,58,opted_in,signup_form,10,0,2,0,0,0
L01551,Paid Social,2026-03-01,0,92,opted_in,gated_content,5,0,4,1,0,0
L01552,Paid Social,2026-04-03,0,122,opted_out,import,6,1,0,0,0,0
L01553,Paid Social,2026-04-05,0,83,opted_in,gated_content,1,0,0,0,0,0
L01554,Paid Social,2026-02-12,0,72,opted_in,import,4,0,1,0,0,0
L01555,Paid Social,2026-04-19,0,40,opted_in,gated_content,14,1,2,1,0,0
L01556,Paid Social,2025-12-21,0,66,opted_in,newsletter,12,2,3,0,0,0
L01557,Paid Social,2026-02-04,0,84,unknown,unknown,2,1,0,0,0,0
L01558,Paid Social,2026-05-12,0,108,opted_in,import,1,1,0,0,0,0
L01559,Paid Social,2026-02-02,0,100,opted_out,import,6,1,0,2,0,1
L01560,Paid Social,2026-03-22,0,109,opted_in,gated_content,3,0,0,0,0,0
L01561,Paid Social,2026-03-08,0,105,opted_out,newsletter,9,0,0,0,0,0
L01562,Paid Social,2026-05-11,0,84,opted_in,gated_content,6,4,1,1,0,0
L01563,Paid Social,2025-12-22,0,158,opted_out,event,4,0,0,1,0,0
L01564,Paid Social,2026-03-07,0,108,opted_out,newsletter,3,0,0,0,0,0
L01565,Paid Social,2026-04-04,0,136,opted_in,signup_form,7,0,5,0,0,0
L01566,Paid Social,2026-01-09,0,120,opted_out,gated_content,2,0,0,0,0,0
L01567,Paid Social,2026-01-15,0,96,opted_in,signup_form,8,0,1,0,1,0
L01568,Paid Social,2026-04-16,0,84,opted_in,gated_content,11,1,3,0,1,1
L01569,Paid Social,2026-02-24,0,139,opted_in,newsletter,3,3,1,0,0,0
L01570,Paid Social,2026-05-15,0,101,unknown,unknown,4,0,0,0,0,0
L01571,Paid Social,2026-04-26,0,85,unknown,unknown,9,0,0,0,0,0
L01572,Paid Social,2026-01-17,0,29,unknown,unknown,10,2,0,1,0,0
L01573,Paid Social,2026-04-15,0,146,unknown,unknown,5,0,0,1,0,0
L01574,Paid Social,2025-12-22,0,89,unknown,unknown,7,1,0,1,0,0
L01575,Paid Social,2025-12-10,0,117,opted_out,import,0,0,0,1,0,0
L01576,Paid Social,2026-05-16,0,59,opted_out,gated_content,8,3,0,1,1,1
L01577,Paid Social,2026-05-14,0,66,opted_out,import,12,0,0,2,0,0
L01578,Paid Social,2026-02-03,0,58,opted_in,signup_form,9,3,4,2,0,0
L01579,Paid Social,2026-03-12,0,80,opted_out,newsletter,1,1,0,0,0,0
L01580,Paid Social,2026-01-11,0,122,opted_in,event,7,3,3,1,0,0
L01581,Paid Social,2026-02-10,0,120,unknown,unknown,7,0,0,0,0,0
L01582,Paid Social,2025-12-25,0,124,unknown,unknown,7,2,0,0,0,0
L01583,Paid Social,2025-12-17,0,133,unknown,unknown,5,1,0,0,0,0
L01584,Paid Social,2026-02-11,0,102,unknown,unknown,7,1,0,0,0,0
L01585,Paid Social,2026-03-01,0,65,opted_out,newsletter,5,2,0,0,0,0
L01586,Paid Social,2026-02-03,0,65,opted_in,signup_form,5,2,4,1,1,0
L01587,Paid Social,2026-02-04,0,119,opted_in,import,0,0,1,0,0,0
L01588,Paid Social,2026-01-16,0,112,opted_out,event,3,0,0,2,0,0
L01589,Paid Social,2026-03-13,0,119,opted_in,gated_content,11,1,1,0,1,0
L01590,Paid Social,2025-12-13,0,114,opted_in,import,3,0,0,0,0,0
L01591,Paid Social,2026-02-17,0,30,opted_out,event,12,1,0,2,0,0
L01592,Paid Social,2026-03-10,0,146,opted_in,event,2,0,0,0,0,0
L01593,Paid Social,2026-03-07,0,125,unknown,unknown,8,1,0,0,0,0
L01594,Paid Social,2026-01-14,0,152,unknown,unknown,6,1,0,2,0,0
L01595,Paid Social,2026-03-22,0,41,opted_in,signup_form,6,1,1,1,0,1
L01596,Paid Social,2025-12-20,0,121,opted_in,newsletter,0,0,0,0,0,0
L01597,Paid Social,2026-02-18,0,113,opted_in,newsletter,1,0,0,0,0,0
L01598,Paid Social,2026-04-02,0,76,opted_out,import,15,1,0,0,0,0
L01599,Paid Social,2025-12-14,0,117,opted_in,gated_content,2,0,0,0,0,0
L01600,Paid Social,2026-05-09,0,78,opted_in,gated_content,0,0,0,0,0,0
L01601,Paid Social,2026-05-23,0,91,opted_in,newsletter,0,0,0,1,0,0
L01602,Paid Social,2026-01-05,0,99,opted_in,newsletter,5,2,4,2,0,0
L01603,Paid Social,2026-05-14,0,79,opted_in,gated_content,11,2,3,2,0,1
L01604,Paid Social,2026-02-27,0,66,opted_out,gated_content,5,0,0,1,0,0
L01605,Paid Social,2026-03-05,0,94,unknown,unknown,5,3,0,1,0,1
L01606,Paid Social,2026-03-02,0,53,opted_out,import,10,2,0,1,0,0
L01607,Paid Social,2026-03-01,0,127,opted_in,gated_content,9,1,4,1,1,0
L01608,Paid Social,2026-05-10,0,123,opted_in,signup_form,2,0,0,0,0,0
L01609,Paid Social,2025-12-27,0,100,unknown,unknown,2,1,0,1,0,0
L01610,Paid Social,2025-12-27,0,90,opted_in,newsletter,9,1,2,0,0,0
L01611,Paid Social,2026-01-27,0,72,opted_in,event,4,2,0,1,0,0
L01612,Paid Social,2026-04-24,0,86,unknown,unknown,2,0,0,1,0,0
L01613,Paid Social,2025-12-14,0,134,opted_in,import,1,0,0,0,0,0
L01614,Paid Social,2026-01-04,0,108,opted_out,newsletter,6,0,0,0,0,0
L01615,Paid Social,2025-12-08,0,141,opted_in,signup_form,11,1,0,0,0,0
L01616,Paid Social,2026-01-20,0,87,opted_in,event,4,0,0,0,0,0
L01617,Paid Social,2026-05-22,0,113,opted_in,signup_form,2,0,2,1,0,0
L01618,Paid Social,2025-12-21,0,97,unknown,unknown,5,2,0,1,0,0
L01619,Paid Social,2025-12-17,0,108,unknown,unknown,2,0,0,1,0,0
L01620,Paid Social,2026-02-26,0,56,opted_in,signup_form,9,2,4,0,0,0
L01621,Paid Social,2026-03-24,0,70,opted_in,signup_form,9,1,3,0,1,1
L01622,Paid Social,2025-12-26,0,27,opted_in,newsletter,12,2,5,2,0,0
L01623,Paid Social,2025-12-20,0,124,opted_in,signup_form,10,2,1,0,0,0
L01624,Paid Social,2026-03-17,0,137,opted_in,gated_content,9,0,0,0,0,0
L01625,Paid Social,2025-12-25,0,101,opted_out,newsletter,5,3,0,1,0,1
L01626,Paid Social,2026-03-23,0,84,opted_in,event,7,2,2,0,0,0
L01627,Paid Social,2026-01-15,0,86,opted_in,newsletter,8,1,3,1,0,0
L01628,Paid Social,2025-12-02,0,117,opted_in,signup_form,5,0,0,0,0,0
L01629,Paid Social,2026-05-27,0,106,opted_in,event,7,1,2,0,0,0
L01630,Paid Social,2026-05-15,0,135,opted_out,event,3,0,0,1,0,0
L01631,Paid Social,2026-03-16,0,117,opted_in,import,11,0,1,0,0,0
L01632,Paid Social,2026-01-16,0,163,opted_in,newsletter,10,2,2,0,0,0
L01633,Paid Social,2026-04-22,0,140,opted_in,event,3,0,1,0,0,0
L01634,Paid Social,2025-12-22,0,57,opted_in,newsletter,0,0,3,0,0,0
L01635,Paid Social,2025-12-27,0,133,opted_in,newsletter,4,0,3,1,0,0
L01636,Paid Social,2026-04-09,0,59,unknown,unknown,10,0,0,1,1,0
L01637,Paid Social,2026-05-09,0,103,unknown,unknown,12,2,0,0,0,0
L01638,Paid Social,2026-03-26,0,66,opted_out,gated_content,4,1,0,2,0,0
L01639,Paid Social,2026-05-24,0,92,unknown,unknown,10,3,0,0,0,0
L01640,Paid Social,2026-02-05,0,57,opted_in,newsletter,14,3,3,0,0,1
L01641,Paid Social,2026-05-15,0,62,opted_in,import,7,0,5,0,0,0
L01642,Paid Social,2026-03-20,0,123,opted_in,signup_form,3,1,0,1,0,0
L01643,Paid Social,2026-03-04,0,131,opted_in,import,6,2,0,1,1,0
L01644,Paid Social,2026-04-22,0,85,unknown,unknown,1,1,0,0,0,0
L01645,Paid Social,2026-02-25,0,101,opted_out,import,12,0,0,0,0,0
L01646,Paid Social,2026-05-09,0,66,opted_in,signup_form,10,2,4,1,1,0
L01647,Paid Social,2026-04-21,0,97,unknown,unknown,1,0,0,1,0,0
L01648,Paid Social,2025-12-11,0,134,opted_in,gated_content,1,1,0,0,0,0
L01649,Paid Social,2026-03-09,0,106,opted_in,newsletter,8,0,1,0,0,0
L01650,Paid Social,2026-02-10,0,113,opted_out,signup_form,2,2,0,0,0,0
L01651,Paid Social,2026-02-09,0,22,opted_in,event,10,1,0,0,0,0
L01652,Paid Social,2026-02-09,0,79,unknown,unknown,2,2,0,1,0,0
L01653,Paid Social,2026-04-17,0,63,opted_in,newsletter,5,0,2,0,1,0
L01654,Paid Social,2025-12-23,0,125,unknown,unknown,10,2,0,0,0,0
L01655,Paid Social,2026-05-26,0,130,unknown,unknown,6,1,0,0,0,0
L01656,Paid Social,2025-12-02,0,105,opted_in,event,9,0,1,1,0,0
L01657,Paid Social,2026-03-19,0,107,opted_out,event,6,1,0,0,0,0
L01658,Paid Social,2026-04-19,0,19,opted_in,signup_form,8,2,1,1,0,0
L01659,Paid Social,2026-05-18,0,98,opted_in,newsletter,1,1,3,0,0,0
L01660,Paid Social,2026-05-05,0,147,opted_in,import,6,0,1,0,0,0
L01661,Paid Social,2026-02-04,0,110,opted_in,signup_form,9,0,0,0,0,0
L01662,Paid Social,2026-05-07,0,153,unknown,unknown,4,2,0,0,0,0
L01663,Paid Social,2026-05-19,0,130,unknown,unknown,0,0,0,0,0,0
L01664,Paid Social,2026-04-18,0,51,opted_in,newsletter,5,2,2,1,0,1
L01665,Paid Social,2026-02-16,0,109,unknown,unknown,11,1,0,1,0,0
L01666,Paid Social,2025-12-22,0,73,unknown,unknown,5,0,0,1,0,0
L01667,Paid Social,2026-03-26,0,30,opted_in,newsletter,7,2,1,1,0,0
L01668,Paid Social,2026-05-12,0,109,opted_in,event,6,1,0,0,0,0
L01669,Paid Social,2025-12-07,0,83,opted_in,import,6,3,0,0,0,0
L01670,Paid Social,2025-12-07,0,104,opted_in,gated_content,4,0,0,0,0,0
L01671,Paid Social,2026-02-01,0,123,unknown,unknown,5,0,0,0,0,0
L01672,Paid Social,2025-12-08,0,113,opted_in,signup_form,5,1,2,1,0,0
L01673,Paid Social,2026-02-15,0,109,opted_in,event,0,0,0,0,0,0
L01674,Paid Social,2026-01-22,0,53,opted_in,gated_content,7,1,0,1,0,0
L01675,Paid Social,2026-05-09,0,117,opted_in,event,4,0,3,0,0,1
L01676,Paid Social,2026-02-08,0,84,opted_in,event,5,0,0,1,0,0
L01677,Paid Social,2026-04-01,0,92,unknown,unknown,4,1,0,0,0,0
L01678,Paid Social,2026-05-21,0,56,opted_in,event,11,2,5,1,1,0
L01679,Paid Social,2025-12-13,0,71,opted_in,event,6,3,1,0,0,0
L01680,Paid Social,2026-01-07,0,89,opted_in,signup_form,6,1,4,1,0,0
L01681,Paid Social,2026-01-04,0,103,unknown,unknown,3,0,0,0,0,0
L01682,Paid Social,2026-03-01,0,151,opted_in,newsletter,4,0,1,0,0,0
L01683,Paid Social,2026-01-27,0,72,opted_in,newsletter,8,1,0,0,0,0
L01684,Paid Social,2026-03-27,0,94,unknown,unknown,7,1,0,1,0,0
L01685,Paid Social,2026-03-13,0,156,opted_in,import,0,0,0,0,0,0
L01686,Paid Social,2025-12-01,0,62,opted_in,import,4,2,2,1,0,1
L01687,Paid Social,2025-12-03,0,89,opted_in,gated_content,11,3,2,0,1,0
L01688,Paid Social,2026-01-01,0,89,opted_out,newsletter,4,2,0,0,0,1
L01689,Paid Social,2026-05-18,0,126,unknown,unknown,9,1,0,1,0,0
L01690,Paid Social,2026-01-02,0,72,opted_in,gated_content,10,1,2,0,0,0
L01691,Paid Social,2026-03-13,0,63,opted_in,import,3,3,1,1,1,1
L01692,Paid Social,2026-04-19,0,138,opted_out,signup_form,3,3,0,0,0,0
L01693,Paid Social,2025-12-27,0,96,opted_in,newsletter,0,0,4,1,0,0
L01694,Paid Social,2026-01-09,0,58,opted_out,signup_form,4,2,0,0,0,0
L01695,Paid Social,2026-02-28,0,70,opted_in,event,8,1,3,0,0,0
L01696,Paid Social,2026-01-20,0,95,opted_in,signup_form,3,1,4,1,0,0
L01697,Paid Social,2026-04-25,0,43,opted_in,signup_form,12,3,3,2,1,0
L01698,Paid Social,2026-01-10,0,109,unknown,unknown,4,2,0,1,0,0
L01699,Paid Social,2026-04-01,0,65,opted_in,signup_form,10,2,2,0,1,0
L01700,Paid Social,2026-02-27,0,87,opted_in,event,6,0,1,1,0,0
L01701,Paid Social,2025-12-23,0,84,unknown,unknown,5,1,0,0,1,0
L01702,Paid Social,2026-05-24,0,51,opted_out,event,9,2,0,1,0,0
L01703,Paid Social,2026-03-23,0,105,unknown,unknown,7,1,0,0,0,0
L01704,Paid Social,2026-04-04,0,111,opted_out,import,5,2,0,1,0,0
L01705,Paid Social,2026-04-04,0,97,opted_out,signup_form,4,1,0,1,0,0
L01706,Paid Social,2026-03-05,0,145,opted_in,gated_content,3,2,1,0,0,0
L01707,Paid Social,2026-01-04,0,72,opted_in,import,2,0,3,0,0,0
L01708,Paid Social,2025-12-22,0,114,unknown,unknown,8,2,0,2,0,0
L01709,Paid Social,2025-12-19,0,47,opted_in,gated_content,3,3,1,2,0,0
L01710,Paid Social,2026-05-18,0,75,opted_in,gated_content,4,0,5,0,0,0
L01711,Paid Social,2026-03-07,0,104,opted_in,signup_form,7,2,2,0,0,0
L01712,Paid Social,2026-03-11,0,203,unknown,unknown,2,0,0,0,0,0
L01713,Paid Social,2026-03-22,0,104,opted_out,newsletter,2,2,0,0,0,0
L01714,Paid Social,2026-05-23,0,79,opted_in,newsletter,4,1,0,0,1,0
L01715,Paid Social,2025-12-17,0,103,opted_in,import,7,1,6,1,0,0
L01716,Paid Social,2026-05-05,0,81,unknown,unknown,11,2,0,0,0,0
L01717,Paid Social,2026-04-24,0,125,opted_in,import,7,1,1,0,0,0
L01718,Paid Social,2026-02-25,0,123,opted_out,signup_form,7,0,0,0,0,0
L01719,Paid Social,2026-03-18,0,77,unknown,unknown,8,0,0,1,0,0
L01720,Paid Social,2026-01-24,0,103,opted_out,event,3,1,0,0,0,0
L01721,Paid Social,2026-05-24,0,82,unknown,unknown,8,4,0,1,0,0
L01722,Paid Social,2026-05-25,0,114,unknown,unknown,0,0,0,0,0,0
L01723,Paid Social,2025-12-13,0,79,opted_in,signup_form,10,1,1,1,0,0
L01724,Paid Social,2026-02-20,0,107,unknown,unknown,4,2,0,0,0,0
L01725,Paid Social,2025-12-04,0,121,opted_in,signup_form,6,0,2,0,0,0
L01726,Paid Social,2026-05-13,0,112,opted_in,import,1,1,0,0,0,0
L01727,Paid Social,2026-05-01,0,151,opted_in,event,1,0,1,0,0,0
L01728,Paid Social,2026-02-03,0,36,opted_in,event,9,1,6,0,0,0
L01729,Paid Social,2026-05-05,0,99,unknown,unknown,7,0,0,0,0,0
L01730,Paid Social,2026-05-13,0,100,opted_out,newsletter,7,0,0,1,0,0
L01731,Paid Social,2025-12-05,0,112,opted_in,event,9,2,0,0,0,0
L01732,Paid Social,2026-04-20,0,46,opted_in,newsletter,9,2,3,2,0,0
L01733,Paid Social,2026-01-05,0,89,opted_out,newsletter,5,0,0,2,0,0
L01734,Paid Social,2026-03-03,0,77,opted_out,newsletter,10,0,0,0,0,0
L01735,Paid Social,2026-02-01,0,99,opted_in,signup_form,3,1,7,1,0,0
L01736,Paid Social,2026-04-18,0,85,opted_in,import,5,1,0,1,0,0
L01737,Paid Social,2026-03-01,0,157,opted_in,gated_content,5,1,1,0,0,0
L01738,Paid Social,2026-03-18,0,122,unknown,unknown,3,2,0,0,0,0
L01739,Paid Social,2026-03-25,0,100,opted_out,newsletter,0,0,0,0,1,0
L01740,Paid Social,2025-12-17,0,107,opted_in,import,6,1,1,1,1,0
L01741,Paid Social,2026-02-25,0,103,opted_in,newsletter,7,1,3,1,0,0
L01742,Paid Social,2026-01-24,0,61,opted_in,import,6,1,3,1,0,0
L01743,Paid Social,2025-12-04,0,117,opted_out,signup_form,2,0,0,0,0,0
L01744,Paid Social,2026-02-19,0,74,unknown,unknown,10,4,0,0,0,1
L01745,Paid Social,2026-05-21,0,57,opted_out,newsletter,6,1,0,1,1,0
L01746,Paid Social,2026-01-01,0,49,opted_in,signup_form,9,1,0,0,0,0
L01747,Paid Social,2026-05-21,0,82,opted_out,newsletter,11,1,0,0,0,1
L01748,Paid Social,2026-05-19,0,84,opted_in,event,3,1,1,0,0,0
L01749,Paid Social,2025-12-11,0,93,opted_in,gated_content,2,2,1,1,0,0
L01750,Paid Social,2026-03-11,0,141,opted_in,event,3,1,3,0,0,0
L01751,Paid Social,2026-01-24,0,105,unknown,unknown,4,1,0,1,0,0
L01752,Paid Social,2026-01-11,0,53,opted_in,gated_content,11,3,3,0,0,0
L01753,Paid Social,2026-05-21,0,86,opted_in,newsletter,12,1,4,2,0,0
L01754,Paid Social,2026-01-15,0,140,unknown,unknown,9,2,0,1,1,0
L01755,Paid Social,2025-12-20,0,109,unknown,unknown,8,1,0,1,1,0
L01756,Paid Social,2026-05-22,0,46,opted_in,signup_form,7,3,3,2,0,0
L01757,Paid Social,2026-04-07,0,142,unknown,unknown,7,0,0,1,0,0
L01758,Paid Social,2025-12-13,0,80,opted_in,gated_content,8,1,6,1,0,0
L01759,Paid Social,2026-04-28,0,193,opted_in,import,1,1,0,1,0,0
L01760,Paid Social,2026-01-19,0,150,opted_in,import,3,2,3,0,0,0
L01761,Paid Social,2026-05-14,0,125,opted_out,event,11,2,0,2,0,1
L01762,Paid Social,2026-04-11,0,69,opted_out,signup_form,4,3,0,0,0,1
L01763,Paid Social,2026-03-01,0,127,unknown,unknown,0,0,0,0,0,0
L01764,Paid Social,2026-04-05,0,109,opted_in,signup_form,1,0,2,1,0,0
L01765,Paid Social,2026-05-15,0,128,opted_in,gated_content,10,1,0,1,0,0
L01766,Paid Social,2026-02-09,0,56,opted_in,newsletter,9,1,4,0,0,1
L01767,Paid Social,2026-05-25,0,115,opted_in,gated_content,2,0,1,0,0,0
L01768,Paid Social,2026-03-15,0,33,opted_in,event,2,1,2,2,0,0
L01769,Paid Social,2026-01-04,0,56,opted_in,gated_content,18,2,4,1,0,0
L01770,Paid Social,2026-03-12,0,39,opted_in,signup_form,20,1,4,1,0,0
L01771,Paid Social,2026-05-28,0,79,opted_out,import,3,0,0,0,0,0
L01772,Paid Social,2026-01-04,0,137,opted_out,gated_content,4,1,0,0,0,0
L01773,Paid Social,2025-12-20,0,169,unknown,unknown,2,0,0,0,0,0
L01774,Paid Social,2026-03-17,0,101,opted_in,gated_content,4,2,4,1,0,0
L01775,Paid Social,2026-05-08,0,6,opted_in,newsletter,10,3,5,0,1,0
L01776,Paid Social,2026-01-14,0,106,unknown,unknown,2,2,0,0,0,0
L01777,Paid Social,2026-03-03,0,86,opted_in,event,13,2,3,0,0,0
L01778,Paid Social,2026-03-16,0,47,opted_in,gated_content,7,2,3,1,0,0
L01779,Paid Social,2026-02-16,0,38,opted_in,gated_content,8,0,4,1,0,1
L01780,Paid Social,2026-05-22,0,81,opted_out,event,11,0,0,0,0,0
L01781,Paid Social,2026-05-01,0,68,opted_in,gated_content,4,2,4,2,0,0
L01782,Paid Social,2026-02-01,0,63,opted_out,event,10,0,0,0,0,0
L01783,Paid Social,2026-04-17,0,104,opted_out,gated_content,2,0,0,0,0,0
L01784,Paid Social,2026-02-05,0,146,unknown,unknown,0,0,0,0,0,0
L01785,Paid Social,2026-02-16,0,23,opted_in,newsletter,9,2,5,2,1,0
L01786,Paid Social,2026-02-11,0,128,opted_in,import,6,2,5,0,0,0
L01787,Paid Social,2026-02-05,0,83,opted_out,gated_content,0,0,0,0,0,0
L01788,Paid Social,2026-01-21,0,116,unknown,unknown,7,0,0,0,0,0
L01789,Paid Social,2026-03-11,0,101,opted_in,import,6,1,2,0,0,1
L01790,Paid Social,2025-12-14,0,123,opted_in,import,0,0,0,0,0,0
L01791,Paid Social,2025-12-21,0,92,unknown,unknown,6,0,0,0,0,0
L01792,Paid Social,2026-05-24,0,101,opted_in,newsletter,5,0,2,0,0,0
L01793,Paid Social,2025-12-11,0,85,unknown,unknown,0,0,0,1,0,0
L01794,Paid Social,2025-12-13,0,98,opted_in,newsletter,3,2,2,0,0,0
L01795,Paid Social,2026-03-01,0,106,opted_in,signup_form,5,2,4,0,0,0
L01796,Paid Social,2026-03-07,0,109,opted_out,event,6,2,0,1,0,0
L01797,Paid Social,2026-02-17,0,59,opted_out,import,12,1,0,0,0,1
L01798,Paid Social,2026-01-18,0,136,opted_in,gated_content,0,0,2,0,0,0
L01799,Paid Social,2026-05-19,0,126,opted_in,newsletter,6,0,0,0,0,0
L01800,Paid Social,2026-03-04,0,136,opted_out,signup_form,3,0,0,1,0,0
L01801,Paid Social,2026-03-28,0,98,opted_in,event,8,0,2,0,0,0
L01802,Paid Social,2026-04-21,0,64,opted_in,import,7,2,3,0,1,0
L01803,Paid Social,2026-02-24,0,94,opted_in,signup_form,6,2,2,2,0,0
L01804,Paid Social,2026-04-14,0,61,opted_in,import,7,1,6,1,0,1
L01805,Paid Social,2026-05-14,0,72,opted_in,event,10,2,2,0,0,1
L01806,Paid Social,2025-12-21,0,85,opted_in,gated_content,11,3,1,0,0,0
L01807,Paid Social,2026-03-10,0,95,opted_in,event,0,0,0,1,0,0
L01808,Paid Social,2026-04-08,0,86,opted_in,import,5,0,0,1,0,1
L01809,Paid Social,2026-03-28,0,103,unknown,unknown,8,0,0,1,0,0
L01810,Paid Social,2026-03-25,0,92,opted_out,gated_content,3,0,0,1,0,0
L01811,Paid Social,2026-02-20,0,124,opted_out,event,7,1,0,0,0,0
L01812,Paid Social,2025-12-19,0,117,opted_in,event,5,1,2,1,0,0
L01813,Paid Social,2026-01-14,0,103,opted_in,gated_content,2,2,1,0,1,1
L01814,Paid Social,2026-05-05,0,137,unknown,unknown,0,0,0,0,0,0
L01815,Paid Social,2025-12-04,0,63,unknown,unknown,3,3,0,0,0,0
L01816,Paid Social,2026-04-26,0,135,opted_in,event,4,0,3,1,0,0
L01817,Paid Social,2025-12-09,0,123,opted_in,import,4,0,0,1,0,0
L01818,Paid Social,2026-02-06,0,100,opted_out,newsletter,2,1,0,0,0,0
L01819,Paid Social,2025-12-19,0,43,opted_in,import,5,1,1,0,0,0
L01820,Paid Social,2026-05-21,0,129,opted_in,event,0,0,0,1,0,0
L01821,Paid Social,2026-03-12,0,35,opted_in,gated_content,15,4,5,0,0,1
L01822,Paid Social,2026-03-17,0,37,opted_out,import,12,3,0,1,1,0
L01823,Paid Social,2026-04-20,0,90,opted_in,import,7,1,3,2,0,0
L01824,Paid Social,2026-01-14,0,101,opted_in,gated_content,0,0,0,1,0,0
L01825,Paid Social,2026-04-20,0,123,opted_out,import,5,0,0,0,0,0
L01826,Paid Social,2026-02-01,0,116,opted_in,signup_form,11,0,0,0,1,0
L01827,Paid Social,2026-04-09,0,120,opted_in,gated_content,0,0,0,2,0,0
L01828,Paid Social,2025-12-26,0,71,unknown,unknown,8,1,0,1,0,0
L01829,Paid Social,2025-12-16,0,104,opted_in,event,15,0,5,1,0,0
L01830,Paid Social,2026-01-09,0,91,opted_in,event,11,0,0,0,0,0
L01831,Paid Social,2026-05-09,0,124,opted_in,signup_form,0,0,2,0,0,0
L01832,Paid Social,2026-05-26,0,108,opted_in,event,3,0,1,0,0,0
L01833,Paid Social,2026-02-03,0,98,unknown,unknown,5,0,0,1,0,0
L01834,Paid Social,2026-04-28,0,89,opted_in,newsletter,8,0,0,2,0,0
L01835,Paid Social,2026-03-09,0,21,unknown,unknown,3,1,0,0,0,0
L01836,Paid Social,2026-05-24,0,118,opted_in,newsletter,1,1,1,0,0,0
L01837,Paid Social,2026-05-25,0,127,opted_in,gated_content,6,1,0,0,0,0
L01838,Paid Social,2025-12-08,0,100,unknown,unknown,5,1,0,0,0,0
L01839,Paid Social,2026-03-16,0,84,opted_out,signup_form,12,3,0,0,0,0
L01840,Paid Social,2025-12-01,0,125,opted_out,import,7,1,0,0,0,0
L01841,Paid Social,2026-01-06,0,89,opted_in,gated_content,7,1,4,0,0,0
L01842,Paid Social,2026-05-23,0,85,unknown,unknown,6,4,0,2,1,0
L01843,Paid Social,2026-03-01,0,156,unknown,unknown,2,0,0,0,0,0
L01844,Paid Social,2026-03-24,0,113,opted_in,gated_content,5,0,0,1,0,0
L01845,Paid Social,2026-04-19,0,49,unknown,unknown,9,0,0,2,1,0
L01846,Paid Social,2026-01-05,0,94,opted_in,import,10,3,6,2,0,0
L01847,Paid Social,2026-02-06,0,39,unknown,unknown,8,3,0,3,1,0
L01848,Paid Social,2026-03-06,0,84,opted_out,newsletter,10,1,0,0,0,0
L01849,Paid Social,2026-03-19,0,59,opted_out,signup_form,7,1,0,1,0,1
L01850,Paid Social,2025-12-12,0,126,unknown,unknown,4,1,0,2,0,0
L01851,Paid Social,2025-12-06,0,139,opted_out,event,4,0,0,1,0,1
L01852,Paid Social,2026-02-11,0,50,opted_in,signup_form,6,1,10,1,1,0
L01853,Paid Social,2026-03-02,0,66,unknown,unknown,14,4,0,0,0,0
L01854,Paid Social,2026-05-04,0,89,opted_in,newsletter,0,0,0,0,0,0
L01855,Paid Social,2025-12-20,0,206,opted_out,signup_form,4,0,0,1,0,0
L01856,Paid Social,2026-02-21,0,106,opted_out,import,1,0,0,0,0,0
L01857,Paid Social,2026-05-27,0,92,opted_out,newsletter,3,1,0,0,1,0
L01858,Paid Social,2026-01-11,0,116,unknown,unknown,4,0,0,0,0,1
L01859,Paid Social,2026-02-15,0,132,opted_in,event,4,2,0,0,0,0
L01860,Paid Social,2026-02-21,0,68,opted_in,gated_content,2,2,3,0,0,0
L01861,Paid Social,2026-04-06,0,71,opted_in,gated_content,6,4,6,1,0,1
L01862,Paid Social,2026-03-09,0,102,opted_out,newsletter,5,0,0,0,0,1
L01863,Paid Social,2026-05-18,0,99,opted_in,gated_content,7,2,5,0,0,0
L01864,Paid Social,2025-12-03,0,167,opted_in,newsletter,4,0,0,1,0,0
L01865,Paid Social,2026-01-17,0,121,opted_in,gated_content,3,0,4,1,0,0
L01866,Paid Social,2026-04-26,0,135,opted_out,newsletter,3,0,0,0,0,0
L01867,Paid Social,2026-02-10,0,134,unknown,unknown,3,0,0,0,0,0
L01868,Paid Social,2026-02-21,0,79,unknown,unknown,9,2,0,1,0,1
L01869,Paid Social,2026-05-05,0,155,unknown,unknown,0,0,0,0,0,0
L01870,Paid Social,2026-04-18,0,160,opted_out,import,5,1,0,0,0,0
L01871,Paid Social,2026-05-23,0,138,opted_in,newsletter,2,0,0,0,0,0
L01872,Paid Social,2026-05-14,0,88,opted_in,event,5,0,5,1,0,0
L01873,Paid Social,2026-02-13,0,40,unknown,unknown,8,3,0,1,0,0
L01874,Paid Social,2026-05-17,0,137,opted_in,event,4,2,0,0,0,0
L01875,Paid Social,2026-04-28,0,65,opted_in,import,7,2,1,1,0,0
L01876,Paid Social,2025-12-25,0,80,opted_in,newsletter,3,0,5,1,0,0
L01877,Paid Social,2026-01-01,0,124,unknown,unknown,3,1,0,0,0,0
L01878,Paid Social,2026-03-04,0,112,opted_in,gated_content,6,1,3,1,0,0
L01879,Paid Social,2026-04-03,0,131,opted_in,newsletter,6,2,3,0,0,1
L01880,Paid Social,2026-03-08,0,128,unknown,unknown,2,1,0,1,0,0
L01881,Paid Social,2026-05-11,0,56,opted_out,newsletter,10,3,0,2,1,1
L01882,Paid Social,2026-02-22,0,88,unknown,unknown,1,0,0,0,0,0
L01883,Paid Social,2026-02-08,0,101,opted_in,newsletter,7,0,4,1,0,0
L01884,Paid Social,2026-04-20,0,77,opted_in,newsletter,12,1,1,0,0,0
L01885,Paid Social,2026-04-20,0,85,unknown,unknown,6,0,0,1,0,0
L01886,Paid Social,2026-04-13,0,11,opted_in,event,7,2,0,1,0,0
L01887,Paid Social,2026-03-08,0,72,opted_in,event,2,1,1,0,0,0
L01888,Paid Social,2026-03-13,0,185,opted_out,gated_content,7,1,0,0,0,0
L01889,Paid Social,2026-01-25,0,80,unknown,unknown,6,1,0,0,0,0
L01890,Paid Social,2026-03-24,0,62,opted_in,signup_form,0,0,1,0,0,0
L01891,Paid Social,2026-01-18,0,129,opted_in,gated_content,1,1,0,0,0,0
L01892,Paid Social,2025-12-22,0,57,unknown,unknown,10,2,0,0,1,0
L01893,Paid Social,2026-04-21,0,99,opted_in,import,1,0,0,2,0,0
L01894,Paid Social,2026-04-28,0,49,opted_in,newsletter,5,1,2,0,0,0
L01895,Paid Social,2026-04-06,0,96,opted_in,event,6,0,3,1,0,0
L01896,Paid Social,2026-03-21,0,30,opted_in,import,7,2,3,0,1,0
L01897,Paid Social,2026-02-17,0,89,opted_in,import,8,0,0,0,0,0
L01898,Paid Social,2025-12-25,0,82,opted_in,import,10,2,6,1,0,0
L01899,Paid Social,2026-01-13,0,81,opted_in,newsletter,4,0,0,0,0,0
L01900,Paid Social,2026-01-04,0,77,opted_in,gated_content,3,2,0,1,0,0
L01901,Display,2026-03-09,0,49,unknown,unknown,15,3,0,0,0,0
L01902,Display,2026-01-27,0,105,unknown,unknown,6,0,0,0,0,0
L01903,Display,2026-03-04,0,113,opted_in,signup_form,10,0,0,0,0,0
L01904,Display,2026-01-14,0,105,opted_in,signup_form,4,0,1,0,0,0
L01905,Display,2026-05-11,0,101,opted_in,gated_content,5,2,2,0,0,1
L01906,Display,2026-02-16,0,158,unknown,unknown,0,0,0,2,0,0
L01907,Display,2025-12-13,0,150,unknown,unknown,3,0,0,0,0,0
L01908,Display,2026-03-17,0,99,opted_in,signup_form,10,1,0,0,0,0
L01909,Display,2025-12-05,0,99,opted_in,signup_form,11,2,2,1,0,0
L01910,Display,2026-03-24,0,131,opted_out,import,3,0,0,1,0,0
L01911,Display,2026-03-11,0,119,opted_in,import,8,0,0,1,0,0
L01912,Display,2026-05-07,0,64,unknown,unknown,4,0,0,1,0,0
L01913,Display,2026-05-02,0,110,opted_out,newsletter,4,1,0,0,0,0
L01914,Display,2026-04-06,0,126,opted_out,import,0,0,0,2,0,0
L01915,Display,2026-04-27,0,65,opted_out,signup_form,4,1,0,1,0,0
L01916,Display,2026-03-24,0,105,opted_out,signup_form,5,1,0,0,0,0
L01917,Display,2026-04-17,0,77,opted_in,newsletter,2,1,3,0,0,0
L01918,Display,2026-05-04,0,92,opted_out,signup_form,5,2,0,0,0,0
L01919,Display,2025-12-13,0,92,opted_in,newsletter,2,2,0,0,0,0
L01920,Display,2025-12-20,0,119,opted_in,gated_content,4,3,5,0,0,0
L01921,Display,2026-03-08,0,95,opted_in,signup_form,6,2,1,0,0,1
L01922,Display,2026-01-15,0,129,opted_out,signup_form,5,1,0,0,0,0
L01923,Display,2026-05-08,0,52,unknown,unknown,4,2,0,1,0,1
L01924,Display,2026-05-03,0,115,unknown,unknown,5,0,0,1,0,0
L01925,Display,2026-05-26,0,63,opted_in,import,12,2,1,1,0,0
L01926,Display,2026-05-14,0,109,opted_in,import,3,2,5,0,0,0
L01927,Display,2026-05-20,0,71,opted_out,gated_content,12,2,0,1,0,0
L01928,Display,2026-05-17,0,60,opted_out,gated_content,4,1,0,0,0,0
L01929,Display,2026-01-20,0,76,opted_out,newsletter,4,3,0,0,1,0
L01930,Display,2026-03-19,0,41,opted_in,newsletter,10,2,4,2,0,0
L01931,Display,2025-12-04,0,149,opted_out,gated_content,1,1,0,0,0,0
L01932,Display,2025-12-09,0,86,opted_in,signup_form,7,0,0,0,0,0
L01933,Display,2025-12-18,0,182,opted_out,import,2,2,0,0,0,0
L01934,Display,2026-03-20,0,78,opted_out,newsletter,0,0,0,1,0,0
L01935,Display,2026-05-09,0,135,unknown,unknown,1,0,0,1,0,0
L01936,Display,2026-03-03,0,108,opted_in,gated_content,0,0,0,0,0,0
L01937,Display,2025-12-04,0,81,unknown,unknown,4,0,0,1,0,0
L01938,Display,2026-01-10,0,111,unknown,unknown,11,2,0,0,0,0
L01939,Display,2025-12-27,0,92,opted_out,newsletter,0,0,0,1,0,0
L01940,Display,2026-04-20,0,142,opted_in,signup_form,7,0,1,0,0,0
L01941,Display,2026-03-27,0,75,opted_in,signup_form,4,0,0,1,0,0
L01942,Display,2026-05-06,0,93,opted_in,event,2,0,0,0,0,0
L01943,Display,2026-04-20,0,77,opted_in,import,9,1,2,0,0,0
L01944,Display,2026-03-04,0,118,opted_out,newsletter,4,0,0,0,0,0
L01945,Display,2026-03-07,0,99,unknown,unknown,7,0,0,0,0,0
L01946,Display,2026-04-13,0,112,opted_in,import,4,1,0,0,0,0
L01947,Display,2026-04-03,0,137,unknown,unknown,7,0,0,1,0,1
L01948,Display,2025-12-19,0,100,opted_out,event,4,1,0,0,0,0
L01949,Display,2026-05-26,0,134,unknown,unknown,7,1,0,1,0,0
L01950,Display,2026-01-15,0,100,unknown,unknown,7,0,0,0,1,0
L01951,Display,2026-03-07,0,125,opted_out,gated_content,4,0,0,2,0,0
L01952,Display,2025-12-06,0,153,opted_in,event,3,1,0,0,0,0
L01953,Display,2026-04-10,0,63,unknown,unknown,8,1,0,0,0,0
L01954,Display,2026-03-19,0,87,unknown,unknown,4,2,0,1,0,0
L01955,Display,2026-04-13,0,147,unknown,unknown,0,0,0,2,0,0
L01956,Display,2026-03-24,0,111,opted_in,gated_content,6,0,0,1,0,0
L01957,Display,2026-03-23,0,103,opted_in,import,2,0,2,0,0,1
L01958,Display,2025-12-12,0,108,opted_in,newsletter,7,0,5,0,0,1
L01959,Display,2026-05-02,0,132,opted_in,signup_form,4,0,3,0,0,0
L01960,Display,2025-12-17,0,84,opted_in,gated_content,7,0,6,2,0,0
L01961,Display,2025-12-09,0,112,opted_out,event,5,1,0,0,0,0
L01962,Display,2026-04-05,0,89,unknown,unknown,2,1,0,2,0,0
L01963,Display,2026-04-21,0,121,opted_in,import,0,0,0,1,0,0
L01964,Display,2025-12-26,0,28,unknown,unknown,7,1,0,0,0,0
L01965,Display,2026-04-14,0,95,opted_out,gated_content,4,3,0,0,0,0
L01966,Display,2026-05-03,0,125,opted_in,event,3,0,0,1,0,0
L01967,Display,2026-02-15,0,123,opted_in,gated_content,1,1,2,0,0,1
L01968,Display,2026-04-27,0,145,unknown,unknown,4,0,0,2,0,0
L01969,Display,2025-12-05,0,64,unknown,unknown,5,1,0,0,0,0
L01970,Display,2026-05-28,0,119,opted_in,import,8,1,0,0,0,0
L01971,Display,2026-03-22,0,106,unknown,unknown,1,0,0,1,0,0
L01972,Display,2026-02-09,0,52,opted_in,gated_content,13,1,2,0,0,0
L01973,Display,2026-03-21,0,113,opted_in,gated_content,1,0,2,0,0,0
L01974,Display,2026-05-20,0,132,opted_in,signup_form,1,1,1,0,0,0
L01975,Display,2026-05-23,0,111,opted_out,newsletter,7,0,0,0,0,0
L01976,Display,2025-12-03,0,60,opted_out,signup_form,5,0,0,1,0,0
L01977,Display,2026-04-26,0,76,opted_in,signup_form,10,2,2,1,0,0
L01978,Display,2026-04-08,0,99,unknown,unknown,7,2,0,1,1,0
L01979,Display,2026-02-16,0,98,opted_in,event,9,3,4,0,0,0
L01980,Display,2026-05-09,0,53,unknown,unknown,6,0,0,1,0,0
L01981,Display,2026-03-10,0,95,opted_out,event,4,2,0,0,0,0
L01982,Display,2026-04-16,0,99,opted_in,newsletter,7,1,0,1,0,0
L01983,Display,2025-12-26,0,115,opted_in,signup_form,6,2,1,0,0,0
L01984,Display,2026-03-09,0,124,unknown,unknown,2,0,0,1,0,0
L01985,Display,2025-12-26,0,111,opted_in,import,5,0,0,2,0,0
L01986,Display,2026-01-06,0,83,opted_in,import,6,1,3,0,0,0
L01987,Display,2026-04-13,0,63,unknown,unknown,6,1,0,1,1,0
L01988,Display,2025-12-08,0,133,unknown,unknown,4,0,0,0,0,0
L01989,Display,2026-01-06,0,114,opted_in,event,0,0,3,1,0,0
L01990,Display,2026-01-02,0,62,opted_in,gated_content,3,1,2,1,0,0
L01991,Display,2026-04-10,0,112,opted_out,newsletter,0,0,0,1,0,0
L01992,Display,2026-01-01,0,117,opted_out,gated_content,2,1,0,0,0,0
L01993,Display,2026-01-26,0,84,opted_in,signup_form,8,2,2,0,0,0
L01994,Display,2026-05-19,0,91,opted_in,event,0,0,4,0,0,0
L01995,Display,2026-04-20,0,131,opted_in,signup_form,1,1,1,1,0,0
L01996,Display,2026-05-16,0,109,unknown,unknown,8,1,0,0,0,0
L01997,Display,2026-04-19,0,152,opted_out,signup_form,5,0,0,1,0,0
L01998,Display,2026-05-23,0,134,opted_in,event,6,0,0,1,0,0
L01999,Display,2026-01-28,0,50,unknown,unknown,10,1,0,0,0,0
L02000,Display,2026-05-07,0,124,opted_out,gated_content,2,1,0,0,0,1
L02001,Display,2026-03-21,0,136,opted_in,newsletter,2,2,0,1,0,0
L02002,Display,2026-05-23,0,133,unknown,unknown,2,1,0,2,0,0
L02003,Display,2025-12-26,0,91,unknown,unknown,8,2,0,0,1,0
L02004,Display,2026-05-27,0,113,unknown,unknown,7,1,0,0,0,0
L02005,Display,2026-04-07,0,76,opted_out,event,9,1,0,1,0,0
L02006,Display,2026-05-13,0,55,unknown,unknown,10,3,0,2,0,0
L02007,Display,2026-01-17,0,101,opted_out,import,11,2,0,1,0,1
L02008,Display,2026-03-07,0,157,opted_in,signup_form,0,0,0,0,0,0
L02009,Display,2026-02-03,0,92,opted_in,event,8,0,1,0,0,0
L02010,Display,2026-02-12,0,120,opted_in,newsletter,3,0,0,0,0,0
L02011,Display,2026-04-27,0,105,opted_in,import,8,3,2,0,0,1
L02012,Display,2026-04-22,0,76,opted_in,gated_content,4,3,3,1,0,0
L02013,Display,2026-04-23,0,94,opted_out,event,9,1,0,0,0,0
L02014,Display,2026-01-15,0,154,opted_in,import,3,0,0,0,0,0
L02015,Display,2026-03-19,0,72,opted_in,gated_content,4,0,1,0,1,0
L02016,Display,2026-05-26,0,95,opted_out,newsletter,5,0,0,0,0,0
L02017,Display,2026-05-15,0,83,opted_in,gated_content,5,2,2,0,0,0
L02018,Display,2026-02-20,0,95,opted_in,signup_form,5,0,4,0,0,0
L02019,Display,2026-03-28,0,59,opted_out,import,3,2,0,2,0,0
L02020,Display,2026-04-03,0,44,opted_out,event,6,0,0,0,0,0
L02021,Display,2026-02-10,0,92,opted_out,signup_form,2,1,0,0,0,0
L02022,Display,2026-04-04,0,53,opted_out,event,4,1,0,1,0,0
L02023,Display,2026-03-09,0,99,unknown,unknown,1,0,0,0,0,0
L02024,Display,2025-12-01,0,147,opted_out,newsletter,5,0,0,0,0,0
L02025,Display,2026-01-18,0,91,unknown,unknown,9,1,0,0,0,1
L02026,Display,2026-02-05,0,92,unknown,unknown,0,0,0,0,0,0
L02027,Display,2026-05-18,0,87,opted_in,event,3,2,0,0,0,0
L02028,Display,2025-12-15,0,67,opted_in,newsletter,10,2,2,0,0,0
L02029,Display,2026-01-16,0,69,opted_in,signup_form,8,1,3,0,0,0
L02030,Display,2026-05-27,0,98,opted_in,signup_form,1,1,4,1,0,0
L02031,Display,2026-01-27,0,73,unknown,unknown,11,1,0,0,0,0
L02032,Display,2026-05-12,0,84,opted_in,import,9,0,1,0,0,0
L02033,Display,2026-01-22,0,56,unknown,unknown,4,2,0,0,0,0
L02034,Display,2025-12-13,0,115,unknown,unknown,2,0,0,0,0,0
L02035,Display,2026-01-25,0,55,opted_out,gated_content,9,1,0,0,0,0
L02036,Display,2026-01-14,0,131,opted_in,import,0,0,0,2,0,0
L02037,Display,2026-02-17,0,68,opted_in,signup_form,8,0,2,0,0,0
L02038,Display,2025-12-12,0,122,opted_in,import,4,0,0,1,0,0
L02039,Display,2026-01-18,0,140,unknown,unknown,5,1,0,1,0,0
L02040,Display,2026-04-09,0,99,opted_in,import,6,2,0,0,0,0
L02041,Display,2026-04-07,0,93,opted_in,gated_content,3,0,0,1,0,0
L02042,Display,2026-02-15,0,75,opted_in,import,0,0,1,0,0,0
L02043,Display,2026-02-14,0,124,opted_in,import,3,1,1,1,0,0
L02044,Display,2026-02-15,0,110,opted_in,import,6,0,1,0,0,0
L02045,Display,2026-01-04,0,85,opted_in,newsletter,14,3,6,1,1,0
L02046,Display,2026-04-21,0,103,opted_in,signup_form,3,2,0,1,1,0
L02047,Display,2026-04-09,0,93,unknown,unknown,5,1,0,1,0,1
L02048,Display,2026-04-17,0,46,unknown,unknown,11,3,0,0,0,0
L02049,Display,2026-01-22,0,130,opted_in,signup_form,4,0,1,1,0,0
L02050,Display,2026-03-18,0,131,unknown,unknown,4,0,0,0,0,0
L02051,Display,2026-05-01,0,57,opted_in,signup_form,6,3,2,0,0,1
L02052,Display,2026-01-27,0,148,unknown,unknown,0,0,0,1,0,0
L02053,Display,2026-01-19,0,112,opted_in,newsletter,0,0,0,0,0,0
L02054,Display,2026-04-02,0,135,unknown,unknown,5,2,0,0,0,0
L02055,Display,2026-03-25,0,99,opted_out,event,3,1,0,1,0,0
L02056,Display,2026-03-27,0,52,opted_out,signup_form,10,4,0,2,0,0
L02057,Display,2026-02-19,0,122,unknown,unknown,7,2,0,0,0,0
L02058,Display,2026-05-04,0,122,opted_in,import,0,0,2,0,0,0
L02059,Display,2026-05-18,0,111,opted_in,import,5,2,3,0,0,0
L02060,Display,2026-03-02,0,103,opted_in,event,1,0,0,0,0,0
L02061,Display,2026-03-23,0,135,opted_in,import,3,1,3,0,0,0
L02062,Display,2026-05-11,0,150,opted_out,import,4,0,0,0,0,0
L02063,Display,2026-04-20,0,112,opted_out,newsletter,6,1,0,0,0,0
L02064,Display,2025-12-14,0,79,opted_in,event,4,0,4,1,0,0
L02065,Display,2026-02-07,0,118,opted_out,signup_form,1,0,0,1,0,0
L02066,Display,2026-02-03,0,141,opted_in,gated_content,4,0,2,0,0,1
L02067,Display,2025-12-22,0,134,opted_in,newsletter,0,0,0,0,0,0
L02068,Display,2026-04-20,0,78,unknown,unknown,11,2,0,0,0,0
L02069,Display,2026-05-13,0,186,opted_in,import,2,0,3,0,0,0
L02070,Display,2026-05-11,0,133,unknown,unknown,0,0,0,1,0,0
L02071,Display,2026-05-13,0,94,opted_out,newsletter,4,0,0,1,0,0
L02072,Display,2025-12-23,0,126,unknown,unknown,1,1,0,0,0,0
L02073,Display,2026-05-17,0,144,unknown,unknown,6,1,0,0,0,1
L02074,Display,2025-12-20,0,104,unknown,unknown,11,2,0,0,0,1
L02075,Display,2026-02-06,0,106,opted_out,newsletter,2,0,0,0,0,0
L02076,Display,2025-12-24,0,100,opted_in,event,5,2,4,1,0,0
L02077,Display,2026-01-17,0,52,unknown,unknown,7,2,0,2,1,0
L02078,Display,2026-04-17,0,146,opted_in,import,5,1,0,0,0,0
L02079,Display,2026-01-12,0,120,opted_out,signup_form,4,2,0,1,0,0
L02080,Display,2026-02-06,0,101,opted_in,event,0,0,0,2,0,0
L02081,Display,2026-02-19,0,164,opted_in,import,7,3,3,0,0,0
L02082,Display,2026-02-15,0,71,opted_in,gated_content,8,3,1,0,0,0
L02083,Display,2026-02-12,0,127,unknown,unknown,9,2,0,0,0,0
L02084,Display,2026-02-27,0,74,opted_out,event,8,0,0,0,1,0
L02085,Display,2025-12-26,0,73,opted_in,signup_form,12,2,0,0,0,0
L02086,Display,2026-02-03,0,161,unknown,unknown,0,0,0,0,0,0
L02087,Display,2025-12-19,0,135,opted_in,newsletter,8,2,0,1,0,0
L02088,Display,2026-03-04,0,96,unknown,unknown,4,0,0,0,0,0
L02089,Display,2026-01-18,0,102,opted_out,signup_form,9,2,0,0,0,0
L02090,Display,2026-03-01,0,97,opted_out,gated_content,8,2,0,0,0,0
L02091,Display,2026-04-24,0,125,opted_out,event,5,1,0,0,0,0
L02092,Display,2026-03-28,0,91,opted_in,event,1,1,0,0,0,0
L02093,Display,2026-01-05,0,85,opted_out,import,2,0,0,1,0,0
L02094,Display,2026-04-09,0,55,opted_in,signup_form,14,1,3,2,0,0
L02095,Display,2026-03-03,0,142,unknown,unknown,9,2,0,1,0,0
L02096,Display,2026-01-12,0,94,opted_out,gated_content,1,1,0,0,1,0
L02097,Display,2025-12-16,0,84,unknown,unknown,3,0,0,1,0,0
L02098,Display,2026-02-24,0,85,unknown,unknown,8,2,0,1,0,0
L02099,Display,2025-12-18,0,113,opted_out,import,4,1,0,1,0,0
L02100,Display,2026-03-17,0,133,unknown,unknown,9,1,0,0,0,0
L02101,Display,2025-12-07,0,80,unknown,unknown,6,0,0,0,0,1
L02102,Display,2026-04-16,0,70,opted_out,import,6,1,0,0,0,0
L02103,Display,2026-04-18,0,54,opted_out,signup_form,17,1,0,0,1,1
L02104,Display,2025-12-24,0,97,unknown,unknown,3,2,0,0,0,0
L02105,Display,2026-02-27,0,92,opted_in,gated_content,2,1,3,0,0,0
L02106,Display,2026-05-20,0,122,unknown,unknown,5,0,0,0,0,0
L02107,Display,2026-01-22,0,90,opted_in,import,0,0,0,0,0,0
L02108,Display,2026-01-10,0,56,opted_in,event,2,1,1,0,0,1
L02109,Display,2026-03-19,0,140,opted_out,signup_form,0,0,0,0,0,0
L02110,Display,2026-05-01,0,118,opted_in,newsletter,5,0,0,1,0,0
L02111,Display,2026-02-22,0,135,unknown,unknown,3,1,0,0,0,0
L02112,Display,2026-05-27,0,96,opted_out,event,9,0,0,1,0,0
L02113,Display,2026-02-15,0,112,unknown,unknown,5,1,0,1,0,0
L02114,Display,2026-02-13,0,100,opted_in,gated_content,5,0,1,0,0,0
L02115,Display,2026-02-13,0,53,opted_in,import,7,1,5,0,0,0
L02116,Display,2026-04-11,0,87,opted_out,signup_form,6,0,0,1,0,0
L02117,Display,2026-02-02,0,143,opted_in,signup_form,2,0,3,0,0,0
L02118,Display,2026-03-09,0,67,unknown,unknown,9,2,0,1,0,0
L02119,Display,2025-12-16,0,85,unknown,unknown,9,0,0,0,0,0
L02120,Display,2026-04-19,0,91,opted_in,newsletter,5,1,2,0,0,0
L02121,Display,2026-03-21,0,116,unknown,unknown,0,0,0,0,0,0
L02122,Display,2026-04-02,0,92,opted_in,event,0,0,0,0,0,0
L02123,Display,2026-04-10,0,111,opted_in,import,6,1,7,1,0,0
L02124,Display,2026-03-23,0,102,opted_in,gated_content,4,0,0,0,0,0
L02125,Display,2026-03-05,0,91,unknown,unknown,5,0,0,0,0,0
L02126,Display,2026-04-11,0,143,unknown,unknown,7,0,0,0,0,0
L02127,Display,2026-05-08,0,146,unknown,unknown,6,0,0,1,0,0
L02128,Display,2025-12-14,0,137,opted_in,import,9,0,0,2,0,0
L02129,Display,2026-03-07,0,110,opted_out,signup_form,15,3,0,0,0,0
L02130,Display,2025-12-11,0,60,unknown,unknown,5,0,0,1,0,0
L02131,Display,2026-05-01,0,70,opted_in,event,13,2,3,1,1,0
L02132,Display,2026-02-22,0,56,opted_in,signup_form,6,0,3,0,0,0
L02133,Display,2025-12-19,0,138,opted_in,gated_content,6,0,5,1,0,0
L02134,Display,2026-05-17,0,151,opted_in,import,9,2,4,0,1,0
L02135,Display,2026-02-01,0,58,unknown,unknown,1,0,0,0,0,0
L02136,Display,2026-05-25,0,102,opted_in,signup_form,0,0,0,1,0,0
L02137,Display,2026-03-20,0,118,opted_in,newsletter,2,0,0,0,0,0
L02138,Display,2026-04-26,0,95,opted_out,import,4,0,0,1,0,0
L02139,Display,2026-02-13,0,108,opted_in,newsletter,13,3,3,2,1,0
L02140,Display,2026-05-03,0,96,opted_out,signup_form,6,3,0,0,1,0
L02141,Display,2026-02-19,0,101,opted_in,event,5,1,4,1,0,0
L02142,Display,2026-04-27,0,97,unknown,unknown,5,1,0,0,0,0
L02143,Display,2026-04-16,0,68,unknown,unknown,2,2,0,1,0,0
L02144,Display,2025-12-26,0,30,unknown,unknown,10,0,0,1,1,0
L02145,Display,2026-05-07,0,139,unknown,unknown,11,0,0,1,0,0
L02146,Display,2026-04-14,0,85,unknown,unknown,8,1,0,1,0,0
L02147,Display,2026-01-23,0,98,unknown,unknown,3,0,0,0,0,0
L02148,Display,2026-05-18,0,89,opted_out,signup_form,0,0,0,0,0,0
L02149,Display,2026-05-19,0,88,opted_out,gated_content,0,0,0,1,0,0
L02150,Display,2025-12-10,0,98,opted_in,newsletter,10,0,2,0,0,1
L02151,Display,2026-03-05,0,48,opted_in,gated_content,8,1,2,0,0,0
L02152,Display,2025-12-23,0,112,unknown,unknown,0,0,0,2,0,0
L02153,Display,2026-03-11,0,104,unknown,unknown,3,0,0,0,0,0
L02154,Display,2026-03-23,0,106,opted_out,event,4,2,0,0,0,0
L02155,Display,2026-02-10,0,90,unknown,unknown,5,1,0,1,0,0
L02156,Display,2026-04-07,0,147,opted_in,import,0,0,1,0,0,0
L02157,Display,2026-04-22,0,135,opted_in,gated_content,5,0,1,0,0,0
L02158,Display,2025-12-18,0,68,opted_in,newsletter,5,1,2,0,0,0
L02159,Display,2026-02-14,0,160,opted_out,signup_form,4,1,0,0,0,0
L02160,Display,2026-01-28,0,52,opted_out,newsletter,12,3,0,0,1,0
L02161,Display,2026-01-17,0,79,unknown,unknown,7,0,0,1,0,0
L02162,Display,2025-12-16,0,83,opted_out,gated_content,13,0,0,0,1,1
L02163,Display,2026-01-16,0,91,unknown,unknown,2,1,0,2,0,0
L02164,Display,2026-05-22,0,95,opted_in,newsletter,7,0,3,0,0,0
L02165,Display,2026-05-19,0,91,unknown,unknown,5,0,0,0,0,0
L02166,Display,2026-02-07,0,72,opted_out,signup_form,9,0,0,1,0,0
L02167,Display,2026-05-26,0,168,opted_in,signup_form,1,0,2,1,0,0
L02168,Display,2025-12-11,0,76,opted_in,newsletter,8,1,6,1,0,0
L02169,Display,2026-01-08,0,131,opted_out,newsletter,0,0,0,1,0,0
L02170,Display,2026-02-04,0,132,opted_in,newsletter,6,0,0,0,0,0
L02171,Display,2026-05-18,0,131,opted_in,newsletter,0,0,3,0,0,0
L02172,Display,2026-04-24,0,39,unknown,unknown,1,1,0,0,0,0
L02173,Display,2026-05-02,0,34,opted_in,event,9,0,2,2,0,0
L02174,Display,2026-03-05,0,113,unknown,unknown,13,2,0,0,0,1
L02175,Display,2026-01-28,0,109,opted_in,signup_form,4,1,0,0,0,0
L02176,Display,2026-02-19,0,88,opted_out,import,5,0,0,0,0,0
L02177,Display,2026-05-03,0,47,unknown,unknown,10,3,0,0,1,0
L02178,Display,2026-01-04,0,88,opted_in,newsletter,4,1,1,0,0,0
L02179,Display,2026-01-22,0,119,opted_out,newsletter,7,2,0,0,0,0
L02180,Display,2026-03-27,0,98,opted_in,newsletter,8,0,2,0,1,0
L02181,Display,2026-04-20,0,80,opted_in,signup_form,8,1,6,1,0,0
L02182,Display,2025-12-23,0,97,opted_in,gated_content,2,0,1,0,0,0
L02183,Display,2025-12-07,0,116,opted_out,event,4,1,0,0,0,0
L02184,Display,2025-12-12,0,120,opted_in,import,4,0,1,0,0,0
L02185,Display,2025-12-23,0,116,opted_out,signup_form,8,1,0,0,0,0
L02186,Display,2026-05-24,0,57,opted_in,gated_content,11,3,5,0,0,0
L02187,Display,2026-01-12,0,63,opted_out,newsletter,12,2,0,3,0,0
L02188,Display,2026-03-26,0,110,unknown,unknown,6,2,0,0,0,0
L02189,Display,2026-04-25,0,159,unknown,unknown,2,0,0,0,0,0
L02190,Display,2026-02-07,0,123,opted_in,newsletter,3,0,1,0,0,0
L02191,Display,2026-04-12,0,76,opted_out,import,9,0,0,0,0,0
L02192,Display,2025-12-14,0,64,opted_in,event,10,2,0,0,1,0
L02193,Display,2026-03-10,0,92,unknown,unknown,2,1,0,0,0,0
L02194,Display,2025-12-26,0,97,unknown,unknown,3,2,0,0,0,0
L02195,Display,2026-04-13,0,48,opted_in,import,3,3,5,0,1,0
L02196,Display,2026-01-09,0,54,opted_in,event,4,1,1,0,0,0
L02197,Display,2026-01-22,0,103,opted_out,event,2,2,0,0,0,0
L02198,Display,2026-02-02,0,104,opted_in,import,2,1,0,0,0,0
L02199,Display,2026-02-16,0,130,unknown,unknown,6,0,0,1,0,0
L02200,Display,2026-03-05,0,113,unknown,unknown,2,0,0,0,0,0
L02201,Display,2026-01-12,0,48,unknown,unknown,7,3,0,0,0,0
L02202,Display,2026-03-20,0,100,opted_out,signup_form,5,1,0,0,0,0
L02203,Display,2026-05-20,0,101,opted_in,import,12,2,5,1,1,0
L02204,Display,2026-01-12,0,150,opted_in,signup_form,1,0,1,1,0,0
L02205,Display,2026-05-21,0,96,unknown,unknown,0,0,0,1,0,0
L02206,Display,2026-04-24,0,53,unknown,unknown,8,2,0,0,0,0
L02207,Display,2026-03-11,0,127,opted_in,gated_content,1,0,2,0,0,0
L02208,Display,2026-05-12,0,83,opted_in,newsletter,3,1,6,1,0,0
L02209,Display,2026-02-06,0,96,opted_out,signup_form,4,1,0,0,1,0
L02210,Display,2026-03-17,0,64,opted_in,import,8,0,3,1,1,0
L02211,Display,2026-05-13,0,127,opted_in,gated_content,0,0,4,0,0,1
L02212,Display,2026-04-22,0,100,unknown,unknown,14,2,0,1,0,1
L02213,Display,2026-04-24,0,101,opted_in,gated_content,2,0,0,0,0,0
L02214,Display,2026-01-23,0,83,unknown,unknown,10,0,0,1,0,0
L02215,Display,2026-05-17,0,182,opted_in,gated_content,9,0,4,1,0,0
L02216,Display,2026-02-11,0,66,opted_out,gated_content,4,1,0,1,0,0
L02217,Display,2026-04-28,0,119,unknown,unknown,11,0,0,1,0,0
L02218,Display,2026-01-06,0,167,opted_in,import,0,0,0,0,0,0
L02219,Display,2026-01-22,0,137,opted_in,gated_content,1,1,1,0,0,0
L02220,Display,2026-01-09,0,55,opted_in,import,4,2,2,1,1,0
L02221,Display,2026-03-18,0,72,opted_out,newsletter,10,0,0,1,0,0
L02222,Display,2026-03-01,0,111,opted_in,newsletter,2,2,0,1,1,0
L02223,Display,2026-04-11,0,174,opted_in,event,5,0,1,0,0,0
L02224,Display,2026-01-07,0,152,unknown,unknown,2,0,0,0,0,0
L02225,Display,2026-03-11,0,160,opted_out,gated_content,4,0,0,0,0,0
L02226,Display,2026-03-01,0,96,opted_out,gated_content,4,0,0,1,0,0
L02227,Display,2026-01-10,0,143,opted_in,import,1,0,0,0,0,0
L02228,Display,2025-12-17,0,78,opted_in,signup_form,1,0,2,0,1,0
L02229,Display,2026-03-10,0,97,opted_out,signup_form,6,0,0,1,0,0
L02230,Display,2026-01-28,0,114,opted_in,gated_content,1,1,0,0,0,0
L02231,Display,2026-04-26,0,117,unknown,unknown,7,0,0,0,0,0
L02232,Display,2026-03-12,0,83,unknown,unknown,7,3,0,0,0,0
L02233,Display,2026-01-27,0,135,opted_in,event,0,0,0,1,0,0
L02234,Display,2026-03-21,0,110,opted_in,event,0,0,0,2,0,0
L02235,Display,2026-01-18,0,143,opted_out,newsletter,4,1,0,0,0,0
L02236,Display,2026-03-10,0,85,opted_in,newsletter,9,1,0,2,0,0
L02237,Display,2026-03-16,0,80,opted_in,gated_content,10,2,1,0,0,0
L02238,Display,2026-03-03,0,124,opted_out,import,3,1,0,1,0,0
L02239,Display,2025-12-12,0,60,unknown,unknown,5,1,0,1,1,0
L02240,Display,2026-01-08,0,106,opted_out,newsletter,7,0,0,1,0,0
L02241,Display,2026-03-25,0,106,opted_out,signup_form,8,1,0,0,0,0
L02242,Display,2026-01-15,0,82,unknown,unknown,9,2,0,2,0,0
L02243,Display,2026-02-16,0,76,opted_out,import,8,2,0,2,1,0
L02244,Display,2025-12-24,0,106,opted_in,gated_content,13,1,2,1,0,0
L02245,Display,2026-01-09,0,47,unknown,unknown,6,2,0,1,0,0
L02246,Display,2026-01-05,0,66,opted_in,gated_content,13,0,2,0,0,0
L02247,Display,2026-04-10,0,114,unknown,unknown,7,0,0,0,0,0
L02248,Display,2026-03-22,0,136,opted_in,event,7,2,0,0,0,0
L02249,Display,2025-12-06,0,123,opted_in,import,10,0,3,1,0,0
L02250,Display,2025-12-23,0,113,opted_out,gated_content,7,1,0,0,0,0
L02251,Display,2026-02-07,0,92,opted_in,gated_content,6,0,0,1,0,0
L02252,Display,2026-04-27,0,77,opted_out,newsletter,2,0,0,1,0,0
L02253,Display,2026-02-06,0,94,opted_in,event,11,1,3,0,0,0
L02254,Display,2026-02-10,0,99,opted_in,import,1,1,1,1,0,1
L02255,Display,2026-04-01,0,96,unknown,unknown,6,3,0,0,0,0
L02256,Display,2026-05-13,0,61,unknown,unknown,6,1,0,0,0,0
L02257,Display,2026-04-16,0,54,unknown,unknown,11,3,0,1,1,0
L02258,Display,2026-04-17,0,75,unknown,unknown,7,0,0,0,0,0
L02259,Display,2026-01-08,0,143,opted_out,gated_content,0,0,0,0,0,0
L02260,Display,2026-02-27,0,78,opted_in,gated_content,7,2,3,0,0,1
L02261,Display,2025-12-11,0,67,opted_in,newsletter,6,0,3,1,0,0
L02262,Display,2025-12-19,0,135,opted_in,event,8,1,3,0,0,0
L02263,Display,2026-02-04,0,68,unknown,unknown,8,1,0,0,0,0
L02264,Display,2026-01-15,0,81,unknown,unknown,8,0,0,1,1,0
L02265,Display,2025-12-16,0,41,opted_out,import,6,2,0,1,1,0
L02266,Display,2025-12-19,0,41,unknown,unknown,0,0,0,0,0,0
L02267,Display,2026-02-27,0,147,opted_in,event,7,0,4,0,0,0
L02268,Display,2026-01-27,0,47,opted_out,signup_form,4,2,0,2,0,0
L02269,Display,2025-12-17,0,116,opted_in,import,11,2,3,0,0,0
L02270,Display,2026-05-18,0,144,unknown,unknown,8,2,0,0,0,0
L02271,Display,2026-01-17,0,71,opted_in,event,3,3,1,2,0,0
L02272,Display,2026-03-03,0,149,unknown,unknown,2,0,0,0,0,1
L02273,Display,2026-02-28,0,150,opted_in,gated_content,0,0,0,0,0,0
L02274,Display,2026-03-03,0,83,opted_in,event,8,2,3,2,0,0
L02275,Display,2026-05-20,0,116,opted_in,import,0,0,0,0,0,0
L02276,Display,2026-02-14,0,129,unknown,unknown,5,1,0,0,0,0
L02277,Display,2026-03-04,0,107,opted_in,signup_form,0,0,0,0,0,0
L02278,Display,2026-03-04,0,115,unknown,unknown,7,0,0,0,1,0
L02279,Display,2025-12-07,0,94,opted_in,signup_form,10,0,0,0,0,0
L02280,Display,2026-02-17,0,98,opted_out,gated_content,8,0,0,1,0,0
L02281,Display,2026-05-23,0,108,opted_in,signup_form,7,1,3,0,0,0
L02282,Display,2026-05-28,0,72,opted_out,newsletter,8,1,0,1,0,0
L02283,Display,2026-01-09,0,73,opted_in,newsletter,7,2,3,0,1,0
L02284,Display,2025-12-02,0,112,opted_out,newsletter,0,0,0,1,0,0
L02285,Display,2026-02-02,0,89,unknown,unknown,0,0,0,0,0,0
L02286,Display,2026-04-24,0,144,opted_in,event,4,0,4,1,0,0
L02287,Display,2026-02-23,0,120,opted_in,newsletter,4,0,0,0,0,0
L02288,Display,2026-04-19,0,106,opted_out,event,5,1,0,1,0,1
L02289,Display,2026-01-18,0,77,unknown,unknown,6,2,0,1,0,0
L02290,Display,2025-12-04,0,132,unknown,unknown,3,0,0,0,0,0
L02291,Display,2026-04-22,0,142,opted_in,newsletter,3,3,1,0,0,0
L02292,Display,2026-05-12,0,102,opted_in,gated_content,6,1,0,1,0,0
L02293,Display,2026-01-26,0,86,opted_in,signup_form,10,2,2,1,0,0
L02294,Display,2026-04-24,0,143,opted_in,import,2,1,0,0,0,0
L02295,Display,2025-12-19,0,117,opted_in,newsletter,1,1,0,0,0,0
L02296,Display,2026-05-04,0,82,unknown,unknown,8,0,0,1,0,0
L02297,Display,2025-12-19,0,85,opted_in,event,6,1,2,0,0,0
L02298,Display,2026-02-20,0,112,opted_out,import,12,1,0,0,0,0
L02299,Display,2025-12-19,0,30,opted_out,event,9,1,0,1,0,1
L02300,Display,2026-05-24,0,115,unknown,unknown,0,0,0,0,0,0
L02301,Display,2026-05-16,0,60,unknown,unknown,10,1,0,1,0,0
L02302,Display,2026-05-04,0,99,opted_in,event,9,0,4,0,0,0
L02303,Display,2026-02-02,0,116,opted_in,gated_content,9,1,2,1,0,0
L02304,Display,2026-01-25,0,70,opted_in,import,5,1,1,0,0,1
L02305,Display,2026-02-09,0,80,unknown,unknown,3,0,0,0,0,0
L02306,Display,2026-01-03,0,122,unknown,unknown,5,1,0,0,0,0
L02307,Display,2026-02-10,0,186,opted_in,newsletter,0,0,0,0,0,0
L02308,Display,2026-01-21,0,132,opted_in,newsletter,1,1,1,0,0,0
L02309,Display,2025-12-15,0,166,unknown,unknown,1,0,0,0,0,0
L02310,Display,2025-12-21,0,70,opted_out,import,6,1,0,0,0,0
L02311,Display,2026-01-10,0,96,opted_in,signup_form,3,1,2,0,0,0
L02312,Display,2025-12-21,0,115,opted_in,gated_content,3,2,2,0,0,0
L02313,Display,2026-04-19,0,130,opted_in,gated_content,6,0,0,1,0,0
L02314,Display,2026-02-26,0,97,unknown,unknown,5,0,0,0,0,0
L02315,Display,2026-04-11,0,113,opted_out,event,5,0,0,0,0,0
L02316,Display,2026-01-19,0,49,unknown,unknown,8,2,0,1,0,0
L02317,Display,2026-05-11,0,107,unknown,unknown,4,3,0,1,0,0
L02318,Display,2026-03-17,0,68,opted_in,newsletter,6,2,3,1,0,0
L02319,Display,2026-01-22,0,142,opted_in,event,0,0,0,1,0,0
L02320,Display,2026-05-13,0,137,opted_in,event,10,1,0,1,0,0
L02321,Display,2026-02-24,0,32,opted_in,event,7,3,3,2,0,0
L02322,Display,2026-01-25,0,96,opted_in,import,11,1,5,0,1,1
L02323,Display,2026-03-12,0,80,opted_out,event,9,0,0,1,0,0
L02324,Display,2026-02-08,0,138,unknown,unknown,0,0,0,0,0,0
L02325,Display,2026-01-06,0,92,opted_in,event,10,1,5,0,0,0
L02326,Display,2026-02-27,0,127,opted_in,import,6,1,2,1,0,0
L02327,Display,2025-12-19,0,64,unknown,unknown,8,4,0,2,0,0
L02328,Display,2026-03-09,0,137,opted_in,event,3,1,2,0,0,0
L02329,Display,2026-05-10,0,153,opted_in,import,3,1,0,0,0,0
L02330,Display,2025-12-11,0,85,opted_in,newsletter,4,2,0,1,0,0
